ISO-10303-21;
HEADER;
FILE_DESCRIPTION(('KiCad electronic assembly'),'2;1');
FILE_NAME('pcb.step','2026-09-22T17:36:21',('Pcbnew'),('Kicad'),
  'Open CASCADE STEP processor 7.9','KiCad to STEP converter','Unknown'
  );
FILE_SCHEMA(('AUTOMOTIVE_DESIGN { 1 0 10303 214 1 1 1 1 }'));
ENDSEC;
DATA;
#1 = APPLICATION_PROTOCOL_DEFINITION('international standard',
  'automotive_design',2000,#2);
#2 = APPLICATION_CONTEXT(
  'core data for automotive mechanical design processes');
#3 = SHAPE_DEFINITION_REPRESENTATION(#4,#10);
#4 = PRODUCT_DEFINITION_SHAPE('','',#5);
#5 = PRODUCT_DEFINITION('design','',#6,#9);
#6 = PRODUCT_DEFINITION_FORMATION('','',#7);
#7 = PRODUCT('pcb 1','pcb 1','',(#8));
#8 = PRODUCT_CONTEXT('',#2,'mechanical');
#9 = PRODUCT_DEFINITION_CONTEXT('part definition',#2,'design');
#10 = SHAPE_REPRESENTATION('',(#11,#15),#19);
#11 = AXIS2_PLACEMENT_3D('',#12,#13,#14);
#12 = CARTESIAN_POINT('',(0.,0.,0.));
#13 = DIRECTION('',(0.,0.,1.));
#14 = DIRECTION('',(1.,0.,-0.));
#15 = AXIS2_PLACEMENT_3D('',#16,#17,#18);
#16 = CARTESIAN_POINT('',(0.,0.,0.));
#17 = DIRECTION('',(0.,0.,1.));
#18 = DIRECTION('',(1.,0.,-0.));
#19 = ( GEOMETRIC_REPRESENTATION_CONTEXT(3) 
GLOBAL_UNCERTAINTY_ASSIGNED_CONTEXT((#23)) GLOBAL_UNIT_ASSIGNED_CONTEXT(
(#20,#21,#22)) REPRESENTATION_CONTEXT('Context #1',
  '3D Context with UNIT and UNCERTAINTY') );
#20 = ( LENGTH_UNIT() NAMED_UNIT(*) SI_UNIT(.MILLI.,.METRE.) );
#21 = ( NAMED_UNIT(*) PLANE_ANGLE_UNIT() SI_UNIT($,.RADIAN.) );
#22 = ( NAMED_UNIT(*) SI_UNIT($,.STERADIAN.) SOLID_ANGLE_UNIT() );
#23 = UNCERTAINTY_MEASURE_WITH_UNIT(LENGTH_MEASURE(1.E-07),#20,
  'distance_accuracy_value','confusion accuracy');
#24 = PRODUCT_RELATED_PRODUCT_CATEGORY('part',$,(#7));
#25 = SHAPE_DEFINITION_REPRESENTATION(#26,#32);
#26 = PRODUCT_DEFINITION_SHAPE('','',#27);
#27 = PRODUCT_DEFINITION('design','',#28,#31);
#28 = PRODUCT_DEFINITION_FORMATION('','',#29);
#29 = PRODUCT('Sylkaboard_PCB','Sylkaboard_PCB','',(#30));
#30 = PRODUCT_CONTEXT('',#2,'mechanical');
#31 = PRODUCT_DEFINITION_CONTEXT('part definition',#2,'design');
#32 = ADVANCED_BREP_SHAPE_REPRESENTATION('',(#11,#33),#12071);
#33 = MANIFOLD_SOLID_BREP('',#34);
#34 = CLOSED_SHELL('',(#35,#75,#106,#139,#3464,#6789,#6806,#6823,#6840,
    #6857,#6874,#6891,#6908,#6925,#6942,#6959,#6976,#6993,#7010,#7027,
    #7044,#7061,#7078,#7095,#7112,#7129,#7141,#7158,#7175,#7192,#7209,
    #7226,#7243,#7260,#7277,#7294,#7311,#7328,#7345,#7362,#7379,#7396,
    #7413,#7430,#7447,#7464,#7481,#7498,#7515,#7532,#7549,#7566,#7583,
    #7600,#7617,#7634,#7651,#7668,#7685,#7702,#7719,#7736,#7753,#7770,
    #7787,#7804,#7821,#7838,#7855,#7872,#7889,#7906,#7923,#7940,#7957,
    #7974,#7991,#8008,#8025,#8042,#8059,#8076,#8093,#8110,#8127,#8144,
    #8161,#8178,#8195,#8212,#8229,#8246,#8263,#8280,#8297,#8314,#8331,
    #8348,#8365,#8382,#8399,#8416,#8433,#8450,#8467,#8484,#8501,#8518,
    #8535,#8552,#8569,#8586,#8603,#8620,#8637,#8654,#8671,#8688,#8705,
    #8722,#8739,#8756,#8773,#8790,#8807,#8824,#8841,#8863,#8880,#8897,
    #8909,#8926,#8948,#8965,#8982,#8994,#9011,#9033,#9050,#9067,#9079,
    #9101,#9118,#9135,#9147,#9164,#9181,#9198,#9215,#9237,#9254,#9271,
    #9283,#9300,#9322,#9339,#9356,#9368,#9385,#9402,#9419,#9436,#9453,
    #9470,#9487,#9504,#9521,#9538,#9555,#9572,#9589,#9606,#9623,#9640,
    #9657,#9674,#9691,#9708,#9725,#9742,#9759,#9776,#9793,#9810,#9827,
    #9844,#9861,#9878,#9895,#9912,#9929,#9946,#9963,#9980,#9997,#10014,
    #10031,#10048,#10065,#10082,#10099,#10116,#10133,#10150,#10167,
    #10184,#10201,#10218,#10235,#10252,#10269,#10286,#10303,#10320,
    #10337,#10354,#10371,#10388,#10405,#10422,#10439,#10456,#10473,
    #10490,#10507,#10524,#10541,#10558,#10575,#10592,#10609,#10626,
    #10643,#10660,#10677,#10694,#10711,#10728,#10745,#10762,#10779,
    #10796,#10813,#10830,#10847,#10864,#10881,#10898,#10915,#10932,
    #10949,#10966,#10983,#11000,#11017,#11034,#11051,#11068,#11085,
    #11102,#11119,#11136,#11153,#11170,#11187,#11204,#11221,#11238,
    #11255,#11272,#11289,#11306,#11323,#11340,#11357,#11374,#11391,
    #11408,#11425,#11442,#11459,#11476,#11493,#11510,#11527,#11544,
    #11561,#11578,#11595,#11612,#11629,#11646,#11663,#11680,#11697,
    #11714,#11731,#11748,#11765,#11782,#11799,#11816,#11833,#11850,
    #11867,#11884,#11901,#11918,#11935,#11952,#11969,#11986,#12003,
    #12020,#12037,#12054));
#35 = ADVANCED_FACE('',(#36),#70,.T.);
#36 = FACE_BOUND('',#37,.T.);
#37 = EDGE_LOOP('',(#38,#48,#56,#64));
#38 = ORIENTED_EDGE('',*,*,#39,.T.);
#39 = EDGE_CURVE('',#40,#42,#44,.T.);
#40 = VERTEX_POINT('',#41);
#41 = CARTESIAN_POINT('',(190.5,-101.5,0.));
#42 = VERTEX_POINT('',#43);
#43 = CARTESIAN_POINT('',(190.5,-101.5,1.51));
#44 = LINE('',#45,#46);
#45 = CARTESIAN_POINT('',(190.5,-101.5,0.));
#46 = VECTOR('',#47,1.);
#47 = DIRECTION('',(0.,0.,1.));
#48 = ORIENTED_EDGE('',*,*,#49,.T.);
#49 = EDGE_CURVE('',#42,#50,#52,.T.);
#50 = VERTEX_POINT('',#51);
#51 = CARTESIAN_POINT('',(251.5,-101.5,1.51));
#52 = LINE('',#53,#54);
#53 = CARTESIAN_POINT('',(190.5,-101.5,1.51));
#54 = VECTOR('',#55,1.);
#55 = DIRECTION('',(1.,0.,0.));
#56 = ORIENTED_EDGE('',*,*,#57,.F.);
#57 = EDGE_CURVE('',#58,#50,#60,.T.);
#58 = VERTEX_POINT('',#59);
#59 = CARTESIAN_POINT('',(251.5,-101.5,0.));
#60 = LINE('',#61,#62);
#61 = CARTESIAN_POINT('',(251.5,-101.5,0.));
#62 = VECTOR('',#63,1.);
#63 = DIRECTION('',(0.,0.,1.));
#64 = ORIENTED_EDGE('',*,*,#65,.F.);
#65 = EDGE_CURVE('',#40,#58,#66,.T.);
#66 = LINE('',#67,#68);
#67 = CARTESIAN_POINT('',(190.5,-101.5,0.));
#68 = VECTOR('',#69,1.);
#69 = DIRECTION('',(1.,0.,0.));
#70 = PLANE('',#71);
#71 = AXIS2_PLACEMENT_3D('',#72,#73,#74);
#72 = CARTESIAN_POINT('',(190.5,-101.5,0.));
#73 = DIRECTION('',(0.,1.,0.));
#74 = DIRECTION('',(1.,0.,0.));
#75 = ADVANCED_FACE('',(#76),#101,.T.);
#76 = FACE_BOUND('',#77,.T.);
#77 = EDGE_LOOP('',(#78,#88,#94,#95));
#78 = ORIENTED_EDGE('',*,*,#79,.T.);
#79 = EDGE_CURVE('',#80,#82,#84,.T.);
#80 = VERTEX_POINT('',#81);
#81 = CARTESIAN_POINT('',(187.25,-98.25,0.));
#82 = VERTEX_POINT('',#83);
#83 = CARTESIAN_POINT('',(187.25,-98.25,1.51));
#84 = LINE('',#85,#86);
#85 = CARTESIAN_POINT('',(187.25,-98.25,0.));
#86 = VECTOR('',#87,1.);
#87 = DIRECTION('',(0.,0.,1.));
#88 = ORIENTED_EDGE('',*,*,#89,.T.);
#89 = EDGE_CURVE('',#82,#42,#90,.T.);
#90 = LINE('',#91,#92);
#91 = CARTESIAN_POINT('',(187.25,-98.25,1.51));
#92 = VECTOR('',#93,1.);
#93 = DIRECTION('',(0.707106781187,-0.707106781187,0.));
#94 = ORIENTED_EDGE('',*,*,#39,.F.);
#95 = ORIENTED_EDGE('',*,*,#96,.F.);
#96 = EDGE_CURVE('',#80,#40,#97,.T.);
#97 = LINE('',#98,#99);
#98 = CARTESIAN_POINT('',(187.25,-98.25,0.));
#99 = VECTOR('',#100,1.);
#100 = DIRECTION('',(0.707106781187,-0.707106781187,0.));
#101 = PLANE('',#102);
#102 = AXIS2_PLACEMENT_3D('',#103,#104,#105);
#103 = CARTESIAN_POINT('',(187.25,-98.25,0.));
#104 = DIRECTION('',(0.707106781187,0.707106781187,-0.));
#105 = DIRECTION('',(0.707106781187,-0.707106781187,0.));
#106 = ADVANCED_FACE('',(#107),#134,.T.);
#107 = FACE_BOUND('',#108,.T.);
#108 = EDGE_LOOP('',(#109,#110,#119,#127));
#109 = ORIENTED_EDGE('',*,*,#57,.T.);
#110 = ORIENTED_EDGE('',*,*,#111,.T.);
#111 = EDGE_CURVE('',#50,#112,#114,.T.);
#112 = VERTEX_POINT('',#113);
#113 = CARTESIAN_POINT('',(253.25,-103.25,1.51));
#114 = CIRCLE('',#115,1.749999546171);
#115 = AXIS2_PLACEMENT_3D('',#116,#117,#118);
#116 = CARTESIAN_POINT('',(251.50000045382,-103.2499995461,1.51));
#117 = DIRECTION('',(0.,0.,-1.));
#118 = DIRECTION('',(-2.593310478154E-07,1.,0.));
#119 = ORIENTED_EDGE('',*,*,#120,.F.);
#120 = EDGE_CURVE('',#121,#112,#123,.T.);
#121 = VERTEX_POINT('',#122);
#122 = CARTESIAN_POINT('',(253.25,-103.25,0.));
#123 = LINE('',#124,#125);
#124 = CARTESIAN_POINT('',(253.25,-103.25,0.));
#125 = VECTOR('',#126,1.);
#126 = DIRECTION('',(0.,0.,1.));
#127 = ORIENTED_EDGE('',*,*,#128,.F.);
#128 = EDGE_CURVE('',#58,#121,#129,.T.);
#129 = CIRCLE('',#130,1.749999546171);
#130 = AXIS2_PLACEMENT_3D('',#131,#132,#133);
#131 = CARTESIAN_POINT('',(251.50000045382,-103.2499995461,0.));
#132 = DIRECTION('',(0.,0.,-1.));
#133 = DIRECTION('',(-2.593310478154E-07,1.,0.));
#134 = CYLINDRICAL_SURFACE('',#135,1.749999546171);
#135 = AXIS2_PLACEMENT_3D('',#136,#137,#138);
#136 = CARTESIAN_POINT('',(251.50000045382,-103.2499995461,0.));
#137 = DIRECTION('',(0.,0.,-1.));
#138 = DIRECTION('',(-2.593310478154E-07,1.,0.));
#139 = ADVANCED_FACE('',(#140,#317,#328,#339,#350,#361,#372,#383,#394,
    #405,#416,#427,#438,#449,#460,#471,#482,#493,#504,#515,#526,#537,
    #548,#559,#570,#581,#592,#603,#614,#625,#636,#647,#658,#669,#680,
    #691,#702,#713,#724,#735,#746,#757,#768,#779,#790,#801,#812,#823,
    #834,#845,#856,#867,#878,#889,#900,#911,#922,#933,#944,#955,#966,
    #977,#988,#999,#1010,#1021,#1032,#1043,#1054,#1065,#1076,#1087,#1098
    ,#1109,#1120,#1131,#1142,#1153,#1164,#1175,#1186,#1197,#1208,#1219,
    #1230,#1241,#1252,#1263,#1274,#1285,#1296,#1307,#1318,#1329,#1340,
    #1351,#1362,#1373,#1384,#1395,#1406,#1417,#1453,#1464,#1500,#1511,
    #1547,#1583,#1594,#1605,#1616,#1627,#1663,#1674,#1710,#1721,#1732,
    #1743,#1754,#1765,#1776,#1787,#1798,#1809,#1820,#1831,#1842,#1853,
    #1864,#1875,#1886,#1897,#1908,#1919,#1930,#1941,#1952,#1963,#1974,
    #1985,#1996,#2007,#2018,#2029,#2040,#2051,#2062,#2073,#2084,#2095,
    #2106,#2117,#2128,#2139,#2150,#2161,#2172,#2183,#2194,#2205,#2216,
    #2227,#2238,#2249,#2260,#2271,#2282,#2293,#2304,#2315,#2326,#2337,
    #2348,#2359,#2370,#2381,#2392,#2403,#2414,#2425,#2436,#2447,#2458,
    #2469,#2480,#2491,#2502,#2513,#2524,#2535,#2546,#2557,#2568,#2579,
    #2590,#2601,#2612,#2623,#2634,#2645,#2656,#2667,#2678,#2689,#2700,
    #2711,#2722,#2733,#2744,#2755,#2766,#2777,#2788,#2799,#2810,#2821,
    #2832,#2843,#2854,#2865,#2876,#2887,#2898,#2909,#2920,#2931,#2942,
    #2953,#2964,#2975,#2986,#2997,#3008,#3019,#3030,#3041,#3052,#3063,
    #3074,#3085,#3096,#3107,#3118,#3129,#3140,#3151,#3162,#3173,#3184,
    #3195,#3206,#3217,#3228,#3239,#3250,#3261,#3272,#3283,#3294,#3305,
    #3316,#3327,#3338,#3349,#3360,#3371,#3382,#3393,#3404,#3415,#3426,
    #3437,#3448),#3459,.F.);
#140 = FACE_BOUND('',#141,.F.);
#141 = EDGE_LOOP('',(#142,#143,#144,#152,#160,#168,#176,#184,#193,#201,
    #210,#218,#227,#235,#244,#252,#260,#268,#276,#285,#293,#302,#310,
    #316));
#142 = ORIENTED_EDGE('',*,*,#65,.F.);
#143 = ORIENTED_EDGE('',*,*,#96,.F.);
#144 = ORIENTED_EDGE('',*,*,#145,.F.);
#145 = EDGE_CURVE('',#146,#80,#148,.T.);
#146 = VERTEX_POINT('',#147);
#147 = CARTESIAN_POINT('',(168.75,-98.25,0.));
#148 = LINE('',#149,#150);
#149 = CARTESIAN_POINT('',(168.75,-98.25,0.));
#150 = VECTOR('',#151,1.);
#151 = DIRECTION('',(1.,0.,0.));
#152 = ORIENTED_EDGE('',*,*,#153,.F.);
#153 = EDGE_CURVE('',#154,#146,#156,.T.);
#154 = VERTEX_POINT('',#155);
#155 = CARTESIAN_POINT('',(163.25,-103.75,0.));
#156 = LINE('',#157,#158);
#157 = CARTESIAN_POINT('',(163.25,-103.75,0.));
#158 = VECTOR('',#159,1.);
#159 = DIRECTION('',(0.707106781187,0.707106781187,0.));
#160 = ORIENTED_EDGE('',*,*,#161,.F.);
#161 = EDGE_CURVE('',#162,#154,#164,.T.);
#162 = VERTEX_POINT('',#163);
#163 = CARTESIAN_POINT('',(150.,-103.75,0.));
#164 = LINE('',#165,#166);
#165 = CARTESIAN_POINT('',(150.,-103.75,0.));
#166 = VECTOR('',#167,1.);
#167 = DIRECTION('',(1.,0.,0.));
#168 = ORIENTED_EDGE('',*,*,#169,.F.);
#169 = EDGE_CURVE('',#170,#162,#172,.T.);
#170 = VERTEX_POINT('',#171);
#171 = CARTESIAN_POINT('',(137.99,-116.25,0.));
#172 = LINE('',#173,#174);
#173 = CARTESIAN_POINT('',(137.99,-116.25,0.));
#174 = VECTOR('',#175,1.);
#175 = DIRECTION('',(0.69283197599,0.721099059107,0.));
#176 = ORIENTED_EDGE('',*,*,#177,.F.);
#177 = EDGE_CURVE('',#178,#170,#180,.T.);
#178 = VERTEX_POINT('',#179);
#179 = CARTESIAN_POINT('',(110.5,-116.25,0.));
#180 = LINE('',#181,#182);
#181 = CARTESIAN_POINT('',(110.5,-116.25,0.));
#182 = VECTOR('',#183,1.);
#183 = DIRECTION('',(1.,0.,0.));
#184 = ORIENTED_EDGE('',*,*,#185,.F.);
#185 = EDGE_CURVE('',#186,#178,#188,.T.);
#186 = VERTEX_POINT('',#187);
#187 = CARTESIAN_POINT('',(108.992787,-117.730946,0.));
#188 = CIRCLE('',#189,1.494705805552);
#189 = AXIS2_PLACEMENT_3D('',#190,#191,#192);
#190 = CARTESIAN_POINT('',(110.48742995558,-117.7446529493,0.));
#191 = DIRECTION('',(0.,0.,-1.));
#192 = DIRECTION('',(-0.999957951616,9.170332612414E-03,0.));
#193 = ORIENTED_EDGE('',*,*,#194,.F.);
#194 = EDGE_CURVE('',#195,#186,#197,.T.);
#195 = VERTEX_POINT('',#196);
#196 = CARTESIAN_POINT('',(108.992787,-192.480946,0.));
#197 = LINE('',#198,#199);
#198 = CARTESIAN_POINT('',(108.992787,-192.480946,0.));
#199 = VECTOR('',#200,1.);
#200 = DIRECTION('',(0.,1.,0.));
#201 = ORIENTED_EDGE('',*,*,#202,.F.);
#202 = EDGE_CURVE('',#203,#195,#205,.T.);
#203 = VERTEX_POINT('',#204);
#204 = CARTESIAN_POINT('',(111.,-194.5,0.));
#205 = CIRCLE('',#206,1.995038235587);
#206 = AXIS2_PLACEMENT_3D('',#207,#208,#209);
#207 = CARTESIAN_POINT('',(110.9876802242,-192.5049998033,0.));
#208 = DIRECTION('',(0.,0.,-1.));
#209 = DIRECTION('',(6.175207858621E-03,-0.999980933222,0.));
#210 = ORIENTED_EDGE('',*,*,#211,.F.);
#211 = EDGE_CURVE('',#212,#203,#214,.T.);
#212 = VERTEX_POINT('',#213);
#213 = CARTESIAN_POINT('',(149.5,-194.5,0.));
#214 = LINE('',#215,#216);
#215 = CARTESIAN_POINT('',(149.5,-194.5,0.));
#216 = VECTOR('',#217,1.);
#217 = DIRECTION('',(-1.,0.,0.));
#218 = ORIENTED_EDGE('',*,*,#219,.F.);
#219 = EDGE_CURVE('',#220,#212,#222,.T.);
#220 = VERTEX_POINT('',#221);
#221 = CARTESIAN_POINT('',(151.,-196.,0.));
#222 = CIRCLE('',#223,1.500000586493);
#223 = AXIS2_PLACEMENT_3D('',#224,#225,#226);
#224 = CARTESIAN_POINT('',(149.4999994135,-196.0000005864,0.));
#225 = DIRECTION('',(0.,0.,1.));
#226 = DIRECTION('',(1.,3.909953331848E-07,-0.));
#227 = ORIENTED_EDGE('',*,*,#228,.F.);
#228 = EDGE_CURVE('',#229,#220,#231,.T.);
#229 = VERTEX_POINT('',#230);
#230 = CARTESIAN_POINT('',(150.997537,-201.740908,0.));
#231 = LINE('',#232,#233);
#232 = CARTESIAN_POINT('',(150.997537,-201.740908,0.));
#233 = VECTOR('',#234,1.);
#234 = DIRECTION('',(4.290261703082E-04,0.999999907968,0.));
#235 = ORIENTED_EDGE('',*,*,#236,.F.);
#236 = EDGE_CURVE('',#237,#229,#239,.T.);
#237 = VERTEX_POINT('',#238);
#238 = CARTESIAN_POINT('',(152.497537,-203.240908,0.));
#239 = CIRCLE('',#240,1.500000586493);
#240 = AXIS2_PLACEMENT_3D('',#241,#242,#243);
#241 = CARTESIAN_POINT('',(152.49753758649,-201.7409074135,0.));
#242 = DIRECTION('',(0.,0.,-1.));
#243 = DIRECTION('',(-3.909953710804E-07,-1.,-0.));
#244 = ORIENTED_EDGE('',*,*,#245,.F.);
#245 = EDGE_CURVE('',#246,#237,#248,.T.);
#246 = VERTEX_POINT('',#247);
#247 = CARTESIAN_POINT('',(191.5,-203.25,0.));
#248 = LINE('',#249,#250);
#249 = CARTESIAN_POINT('',(191.5,-203.25,0.));
#250 = VECTOR('',#251,1.);
#251 = DIRECTION('',(-0.999999972829,2.331134767815E-04,0.));
#252 = ORIENTED_EDGE('',*,*,#253,.F.);
#253 = EDGE_CURVE('',#254,#246,#256,.T.);
#254 = VERTEX_POINT('',#255);
#255 = CARTESIAN_POINT('',(211.25,-206.5,0.));
#256 = LINE('',#257,#258);
#257 = CARTESIAN_POINT('',(211.25,-206.5,0.));
#258 = VECTOR('',#259,1.);
#259 = DIRECTION('',(-0.986729418533,0.162373195455,0.));
#260 = ORIENTED_EDGE('',*,*,#261,.F.);
#261 = EDGE_CURVE('',#262,#254,#264,.T.);
#262 = VERTEX_POINT('',#263);
#263 = CARTESIAN_POINT('',(231.75,-214.,0.));
#264 = LINE('',#265,#266);
#265 = CARTESIAN_POINT('',(231.75,-214.,0.));
#266 = VECTOR('',#267,1.);
#267 = DIRECTION('',(-0.93912285212,0.343581531264,0.));
#268 = ORIENTED_EDGE('',*,*,#269,.F.);
#269 = EDGE_CURVE('',#270,#262,#272,.T.);
#270 = VERTEX_POINT('',#271);
#271 = CARTESIAN_POINT('',(247.5,-223.5,0.));
#272 = LINE('',#273,#274);
#273 = CARTESIAN_POINT('',(247.5,-223.5,0.));
#274 = VECTOR('',#275,1.);
#275 = DIRECTION('',(-0.85629130855,0.516493170237,0.));
#276 = ORIENTED_EDGE('',*,*,#277,.F.);
#277 = EDGE_CURVE('',#278,#270,#280,.T.);
#278 = VERTEX_POINT('',#279);
#279 = CARTESIAN_POINT('',(250.573689,-222.889806,0.));
#280 = CIRCLE('',#281,2.150581060352);
#281 = AXIS2_PLACEMENT_3D('',#282,#283,#284);
#282 = CARTESIAN_POINT('',(248.74999993762,-221.7500002705,0.));
#283 = DIRECTION('',(-0.,0.,-1.));
#284 = DIRECTION('',(0.847998290323,-0.529998961894,-0.));
#285 = ORIENTED_EDGE('',*,*,#286,.F.);
#286 = EDGE_CURVE('',#287,#278,#289,.T.);
#287 = VERTEX_POINT('',#288);
#288 = CARTESIAN_POINT('',(258.412789,-208.446517,0.));
#289 = LINE('',#290,#291);
#290 = CARTESIAN_POINT('',(258.412789,-208.446517,0.));
#291 = VECTOR('',#292,1.);
#292 = DIRECTION('',(-0.477019358272,-0.878892787451,0.));
#293 = ORIENTED_EDGE('',*,*,#294,.F.);
#294 = EDGE_CURVE('',#295,#287,#297,.T.);
#295 = VERTEX_POINT('',#296);
#296 = CARTESIAN_POINT('',(257.75,-206.25,0.));
#297 = CIRCLE('',#298,1.802776969149);
#298 = AXIS2_PLACEMENT_3D('',#299,#300,#301);
#299 = CARTESIAN_POINT('',(256.74999909743,-207.7500009984,0.));
#300 = DIRECTION('',(0.,0.,-1.));
#301 = DIRECTION('',(0.554700287213,0.832050233679,0.));
#302 = ORIENTED_EDGE('',*,*,#303,.F.);
#303 = EDGE_CURVE('',#304,#295,#306,.T.);
#304 = VERTEX_POINT('',#305);
#305 = CARTESIAN_POINT('',(253.25,-203.5,0.));
#306 = LINE('',#307,#308);
#307 = CARTESIAN_POINT('',(253.25,-203.5,0.));
#308 = VECTOR('',#309,1.);
#309 = DIRECTION('',(0.853281833652,-0.521450009454,0.));
#310 = ORIENTED_EDGE('',*,*,#311,.F.);
#311 = EDGE_CURVE('',#121,#304,#312,.T.);
#312 = LINE('',#313,#314);
#313 = CARTESIAN_POINT('',(253.25,-103.25,0.));
#314 = VECTOR('',#315,1.);
#315 = DIRECTION('',(0.,-1.,0.));
#316 = ORIENTED_EDGE('',*,*,#128,.F.);
#317 = FACE_BOUND('',#318,.F.);
#318 = EDGE_LOOP('',(#319));
#319 = ORIENTED_EDGE('',*,*,#320,.T.);
#320 = EDGE_CURVE('',#321,#321,#323,.T.);
#321 = VERTEX_POINT('',#322);
#322 = CARTESIAN_POINT('',(157.360852,-197.982013,0.));
#323 = CIRCLE('',#324,0.4953);
#324 = AXIS2_PLACEMENT_3D('',#325,#326,#327);
#325 = CARTESIAN_POINT('',(157.360852,-197.486713,0.));
#326 = DIRECTION('',(-0.,0.,-1.));
#327 = DIRECTION('',(-5.738281734385E-14,-1.,0.));
#328 = FACE_BOUND('',#329,.F.);
#329 = EDGE_LOOP('',(#330));
#330 = ORIENTED_EDGE('',*,*,#331,.T.);
#331 = EDGE_CURVE('',#332,#332,#334,.T.);
#332 = VERTEX_POINT('',#333);
#333 = CARTESIAN_POINT('',(157.080852,-194.137613,0.));
#334 = CIRCLE('',#335,0.8509);
#335 = AXIS2_PLACEMENT_3D('',#336,#337,#338);
#336 = CARTESIAN_POINT('',(157.080852,-193.286713,0.));
#337 = DIRECTION('',(-0.,0.,-1.));
#338 = DIRECTION('',(-0.,-1.,0.));
#339 = FACE_BOUND('',#340,.F.);
#340 = EDGE_LOOP('',(#341));
#341 = ORIENTED_EDGE('',*,*,#342,.T.);
#342 = EDGE_CURVE('',#343,#343,#345,.T.);
#343 = VERTEX_POINT('',#344);
#344 = CARTESIAN_POINT('',(162.580852,-195.001213,0.));
#345 = CIRCLE('',#346,1.7145);
#346 = AXIS2_PLACEMENT_3D('',#347,#348,#349);
#347 = CARTESIAN_POINT('',(162.580852,-193.286713,0.));
#348 = DIRECTION('',(-0.,0.,-1.));
#349 = DIRECTION('',(-0.,-1.,0.));
#350 = FACE_BOUND('',#351,.F.);
#351 = EDGE_LOOP('',(#352));
#352 = ORIENTED_EDGE('',*,*,#353,.T.);
#353 = EDGE_CURVE('',#354,#354,#356,.T.);
#354 = VERTEX_POINT('',#355);
#355 = CARTESIAN_POINT('',(157.580852,-191.036713,0.));
#356 = CIRCLE('',#357,1.5);
#357 = AXIS2_PLACEMENT_3D('',#358,#359,#360);
#358 = CARTESIAN_POINT('',(157.580852,-189.536713,0.));
#359 = DIRECTION('',(-0.,0.,-1.));
#360 = DIRECTION('',(-0.,-1.,0.));
#361 = FACE_BOUND('',#362,.F.);
#362 = EDGE_LOOP('',(#363));
#363 = ORIENTED_EDGE('',*,*,#364,.T.);
#364 = EDGE_CURVE('',#365,#365,#367,.T.);
#365 = VERTEX_POINT('',#366);
#366 = CARTESIAN_POINT('',(167.800852,-197.982013,0.));
#367 = CIRCLE('',#368,0.4953);
#368 = AXIS2_PLACEMENT_3D('',#369,#370,#371);
#369 = CARTESIAN_POINT('',(167.800852,-197.486713,0.));
#370 = DIRECTION('',(-0.,0.,-1.));
#371 = DIRECTION('',(-5.738281734385E-14,-1.,0.));
#372 = FACE_BOUND('',#373,.F.);
#373 = EDGE_LOOP('',(#374));
#374 = ORIENTED_EDGE('',*,*,#375,.T.);
#375 = EDGE_CURVE('',#376,#376,#378,.T.);
#376 = VERTEX_POINT('',#377);
#377 = CARTESIAN_POINT('',(178.260852,-197.982013,0.));
#378 = CIRCLE('',#379,0.4953);
#379 = AXIS2_PLACEMENT_3D('',#380,#381,#382);
#380 = CARTESIAN_POINT('',(178.260852,-197.486713,0.));
#381 = DIRECTION('',(-0.,0.,-1.));
#382 = DIRECTION('',(-0.,-1.,0.));
#383 = FACE_BOUND('',#384,.F.);
#384 = EDGE_LOOP('',(#385));
#385 = ORIENTED_EDGE('',*,*,#386,.T.);
#386 = EDGE_CURVE('',#387,#387,#389,.T.);
#387 = VERTEX_POINT('',#388);
#388 = CARTESIAN_POINT('',(168.080852,-194.137613,0.));
#389 = CIRCLE('',#390,0.8509);
#390 = AXIS2_PLACEMENT_3D('',#391,#392,#393);
#391 = CARTESIAN_POINT('',(168.080852,-193.286713,0.));
#392 = DIRECTION('',(-0.,0.,-1.));
#393 = DIRECTION('',(-0.,-1.,0.));
#394 = FACE_BOUND('',#395,.F.);
#395 = EDGE_LOOP('',(#396));
#396 = ORIENTED_EDGE('',*,*,#397,.T.);
#397 = EDGE_CURVE('',#398,#398,#400,.T.);
#398 = VERTEX_POINT('',#399);
#399 = CARTESIAN_POINT('',(167.580852,-191.036713,0.));
#400 = CIRCLE('',#401,1.5);
#401 = AXIS2_PLACEMENT_3D('',#402,#403,#404);
#402 = CARTESIAN_POINT('',(167.580852,-189.536713,0.));
#403 = DIRECTION('',(-0.,0.,-1.));
#404 = DIRECTION('',(-0.,-1.,0.));
#405 = FACE_BOUND('',#406,.F.);
#406 = EDGE_LOOP('',(#407));
#407 = ORIENTED_EDGE('',*,*,#408,.T.);
#408 = EDGE_CURVE('',#409,#409,#411,.T.);
#409 = VERTEX_POINT('',#410);
#410 = CARTESIAN_POINT('',(177.980852,-194.137613,0.));
#411 = CIRCLE('',#412,0.8509);
#412 = AXIS2_PLACEMENT_3D('',#413,#414,#415);
#413 = CARTESIAN_POINT('',(177.980852,-193.286713,0.));
#414 = DIRECTION('',(-0.,0.,-1.));
#415 = DIRECTION('',(-0.,-1.,0.));
#416 = FACE_BOUND('',#417,.F.);
#417 = EDGE_LOOP('',(#418));
#418 = ORIENTED_EDGE('',*,*,#419,.T.);
#419 = EDGE_CURVE('',#420,#420,#422,.T.);
#420 = VERTEX_POINT('',#421);
#421 = CARTESIAN_POINT('',(178.480852,-191.036713,0.));
#422 = CIRCLE('',#423,1.5);
#423 = AXIS2_PLACEMENT_3D('',#424,#425,#426);
#424 = CARTESIAN_POINT('',(178.480852,-189.536713,0.));
#425 = DIRECTION('',(-0.,0.,-1.));
#426 = DIRECTION('',(-0.,-1.,0.));
#427 = FACE_BOUND('',#428,.F.);
#428 = EDGE_LOOP('',(#429));
#429 = ORIENTED_EDGE('',*,*,#430,.T.);
#430 = EDGE_CURVE('',#431,#431,#433,.T.);
#431 = VERTEX_POINT('',#432);
#432 = CARTESIAN_POINT('',(115.560852,-188.082013,0.));
#433 = CIRCLE('',#434,0.4953);
#434 = AXIS2_PLACEMENT_3D('',#435,#436,#437);
#435 = CARTESIAN_POINT('',(115.560852,-187.586713,0.));
#436 = DIRECTION('',(-0.,0.,-1.));
#437 = DIRECTION('',(-0.,-1.,0.));
#438 = FACE_BOUND('',#439,.F.);
#439 = EDGE_LOOP('',(#440));
#440 = ORIENTED_EDGE('',*,*,#441,.T.);
#441 = EDGE_CURVE('',#442,#442,#444,.T.);
#442 = VERTEX_POINT('',#443);
#443 = CARTESIAN_POINT('',(115.280852,-184.237613,0.));
#444 = CIRCLE('',#445,0.8509);
#445 = AXIS2_PLACEMENT_3D('',#446,#447,#448);
#446 = CARTESIAN_POINT('',(115.280852,-183.386713,0.));
#447 = DIRECTION('',(-0.,0.,-1.));
#448 = DIRECTION('',(-1.670096922694E-14,-1.,0.));
#449 = FACE_BOUND('',#450,.F.);
#450 = EDGE_LOOP('',(#451));
#451 = ORIENTED_EDGE('',*,*,#452,.T.);
#452 = EDGE_CURVE('',#453,#453,#455,.T.);
#453 = VERTEX_POINT('',#454);
#454 = CARTESIAN_POINT('',(120.780852,-185.101213,0.));
#455 = CIRCLE('',#456,1.7145);
#456 = AXIS2_PLACEMENT_3D('',#457,#458,#459);
#457 = CARTESIAN_POINT('',(120.780852,-183.386713,0.));
#458 = DIRECTION('',(-0.,0.,-1.));
#459 = DIRECTION('',(-0.,-1.,0.));
#460 = FACE_BOUND('',#461,.F.);
#461 = EDGE_LOOP('',(#462));
#462 = ORIENTED_EDGE('',*,*,#463,.T.);
#463 = EDGE_CURVE('',#464,#464,#466,.T.);
#464 = VERTEX_POINT('',#465);
#465 = CARTESIAN_POINT('',(126.000852,-188.082013,0.));
#466 = CIRCLE('',#467,0.4953);
#467 = AXIS2_PLACEMENT_3D('',#468,#469,#470);
#468 = CARTESIAN_POINT('',(126.000852,-187.586713,0.));
#469 = DIRECTION('',(-0.,0.,-1.));
#470 = DIRECTION('',(-0.,-1.,0.));
#471 = FACE_BOUND('',#472,.F.);
#472 = EDGE_LOOP('',(#473));
#473 = ORIENTED_EDGE('',*,*,#474,.T.);
#474 = EDGE_CURVE('',#475,#475,#477,.T.);
#475 = VERTEX_POINT('',#476);
#476 = CARTESIAN_POINT('',(126.280852,-184.237613,0.));
#477 = CIRCLE('',#478,0.8509);
#478 = AXIS2_PLACEMENT_3D('',#479,#480,#481);
#479 = CARTESIAN_POINT('',(126.280852,-183.386713,0.));
#480 = DIRECTION('',(-0.,0.,-1.));
#481 = DIRECTION('',(-1.670096922694E-14,-1.,0.));
#482 = FACE_BOUND('',#483,.F.);
#483 = EDGE_LOOP('',(#484));
#484 = ORIENTED_EDGE('',*,*,#485,.T.);
#485 = EDGE_CURVE('',#486,#486,#488,.T.);
#486 = VERTEX_POINT('',#487);
#487 = CARTESIAN_POINT('',(115.780852,-181.136713,0.));
#488 = CIRCLE('',#489,1.5);
#489 = AXIS2_PLACEMENT_3D('',#490,#491,#492);
#490 = CARTESIAN_POINT('',(115.780852,-179.636713,0.));
#491 = DIRECTION('',(-0.,0.,-1.));
#492 = DIRECTION('',(-0.,-1.,0.));
#493 = FACE_BOUND('',#494,.F.);
#494 = EDGE_LOOP('',(#495));
#495 = ORIENTED_EDGE('',*,*,#496,.T.);
#496 = EDGE_CURVE('',#497,#497,#499,.T.);
#497 = VERTEX_POINT('',#498);
#498 = CARTESIAN_POINT('',(120.780852,-178.936713,0.));
#499 = CIRCLE('',#500,1.5);
#500 = AXIS2_PLACEMENT_3D('',#501,#502,#503);
#501 = CARTESIAN_POINT('',(120.780852,-177.436713,0.));
#502 = DIRECTION('',(-0.,0.,-1.));
#503 = DIRECTION('',(-0.,-1.,0.));
#504 = FACE_BOUND('',#505,.F.);
#505 = EDGE_LOOP('',(#506));
#506 = ORIENTED_EDGE('',*,*,#507,.T.);
#507 = EDGE_CURVE('',#508,#508,#510,.T.);
#508 = VERTEX_POINT('',#509);
#509 = CARTESIAN_POINT('',(125.780852,-181.136713,0.));
#510 = CIRCLE('',#511,1.5);
#511 = AXIS2_PLACEMENT_3D('',#512,#513,#514);
#512 = CARTESIAN_POINT('',(125.780852,-179.636713,0.));
#513 = DIRECTION('',(-0.,0.,-1.));
#514 = DIRECTION('',(-0.,-1.,0.));
#515 = FACE_BOUND('',#516,.F.);
#516 = EDGE_LOOP('',(#517));
#517 = ORIENTED_EDGE('',*,*,#518,.T.);
#518 = EDGE_CURVE('',#519,#519,#521,.T.);
#519 = VERTEX_POINT('',#520);
#520 = CARTESIAN_POINT('',(134.560852,-188.082013,0.));
#521 = CIRCLE('',#522,0.4953);
#522 = AXIS2_PLACEMENT_3D('',#523,#524,#525);
#523 = CARTESIAN_POINT('',(134.560852,-187.586713,0.));
#524 = DIRECTION('',(-0.,0.,-1.));
#525 = DIRECTION('',(-0.,-1.,0.));
#526 = FACE_BOUND('',#527,.F.);
#527 = EDGE_LOOP('',(#528));
#528 = ORIENTED_EDGE('',*,*,#529,.T.);
#529 = EDGE_CURVE('',#530,#530,#532,.T.);
#530 = VERTEX_POINT('',#531);
#531 = CARTESIAN_POINT('',(134.280852,-184.237613,0.));
#532 = CIRCLE('',#533,0.8509);
#533 = AXIS2_PLACEMENT_3D('',#534,#535,#536);
#534 = CARTESIAN_POINT('',(134.280852,-183.386713,0.));
#535 = DIRECTION('',(-0.,0.,-1.));
#536 = DIRECTION('',(3.340193845388E-14,-1.,-0.));
#537 = FACE_BOUND('',#538,.F.);
#538 = EDGE_LOOP('',(#539));
#539 = ORIENTED_EDGE('',*,*,#540,.T.);
#540 = EDGE_CURVE('',#541,#541,#543,.T.);
#541 = VERTEX_POINT('',#542);
#542 = CARTESIAN_POINT('',(139.780852,-185.101213,0.));
#543 = CIRCLE('',#544,1.7145);
#544 = AXIS2_PLACEMENT_3D('',#545,#546,#547);
#545 = CARTESIAN_POINT('',(139.780852,-183.386713,0.));
#546 = DIRECTION('',(-0.,0.,-1.));
#547 = DIRECTION('',(1.657725834378E-14,-1.,-0.));
#548 = FACE_BOUND('',#549,.F.);
#549 = EDGE_LOOP('',(#550));
#550 = ORIENTED_EDGE('',*,*,#551,.T.);
#551 = EDGE_CURVE('',#552,#552,#554,.T.);
#552 = VERTEX_POINT('',#553);
#553 = CARTESIAN_POINT('',(145.000852,-188.082013,0.));
#554 = CIRCLE('',#555,0.4953);
#555 = AXIS2_PLACEMENT_3D('',#556,#557,#558);
#556 = CARTESIAN_POINT('',(145.000852,-187.586713,0.));
#557 = DIRECTION('',(-0.,0.,-1.));
#558 = DIRECTION('',(-0.,-1.,0.));
#559 = FACE_BOUND('',#560,.F.);
#560 = EDGE_LOOP('',(#561));
#561 = ORIENTED_EDGE('',*,*,#562,.T.);
#562 = EDGE_CURVE('',#563,#563,#565,.T.);
#563 = VERTEX_POINT('',#564);
#564 = CARTESIAN_POINT('',(145.280852,-184.237613,0.));
#565 = CIRCLE('',#566,0.8509);
#566 = AXIS2_PLACEMENT_3D('',#567,#568,#569);
#567 = CARTESIAN_POINT('',(145.280852,-183.386713,0.));
#568 = DIRECTION('',(-0.,0.,-1.));
#569 = DIRECTION('',(3.340193845388E-14,-1.,-0.));
#570 = FACE_BOUND('',#571,.F.);
#571 = EDGE_LOOP('',(#572));
#572 = ORIENTED_EDGE('',*,*,#573,.T.);
#573 = EDGE_CURVE('',#574,#574,#576,.T.);
#574 = VERTEX_POINT('',#575);
#575 = CARTESIAN_POINT('',(134.780852,-181.136713,0.));
#576 = CIRCLE('',#577,1.5);
#577 = AXIS2_PLACEMENT_3D('',#578,#579,#580);
#578 = CARTESIAN_POINT('',(134.780852,-179.636713,0.));
#579 = DIRECTION('',(-0.,0.,-1.));
#580 = DIRECTION('',(-0.,-1.,0.));
#581 = FACE_BOUND('',#582,.F.);
#582 = EDGE_LOOP('',(#583));
#583 = ORIENTED_EDGE('',*,*,#584,.T.);
#584 = EDGE_CURVE('',#585,#585,#587,.T.);
#585 = VERTEX_POINT('',#586);
#586 = CARTESIAN_POINT('',(139.780852,-178.936713,0.));
#587 = CIRCLE('',#588,1.5);
#588 = AXIS2_PLACEMENT_3D('',#589,#590,#591);
#589 = CARTESIAN_POINT('',(139.780852,-177.436713,0.));
#590 = DIRECTION('',(-0.,0.,-1.));
#591 = DIRECTION('',(-0.,-1.,0.));
#592 = FACE_BOUND('',#593,.F.);
#593 = EDGE_LOOP('',(#594));
#594 = ORIENTED_EDGE('',*,*,#595,.T.);
#595 = EDGE_CURVE('',#596,#596,#598,.T.);
#596 = VERTEX_POINT('',#597);
#597 = CARTESIAN_POINT('',(144.780852,-181.136713,0.));
#598 = CIRCLE('',#599,1.5);
#599 = AXIS2_PLACEMENT_3D('',#600,#601,#602);
#600 = CARTESIAN_POINT('',(144.780852,-179.636713,0.));
#601 = DIRECTION('',(-0.,0.,-1.));
#602 = DIRECTION('',(-0.,-1.,0.));
#603 = FACE_BOUND('',#604,.F.);
#604 = EDGE_LOOP('',(#605));
#605 = ORIENTED_EDGE('',*,*,#606,.T.);
#606 = EDGE_CURVE('',#607,#607,#609,.T.);
#607 = VERTEX_POINT('',#608);
#608 = CARTESIAN_POINT('',(115.560852,-169.082013,0.));
#609 = CIRCLE('',#610,0.4953);
#610 = AXIS2_PLACEMENT_3D('',#611,#612,#613);
#611 = CARTESIAN_POINT('',(115.560852,-168.586713,0.));
#612 = DIRECTION('',(-0.,0.,-1.));
#613 = DIRECTION('',(-0.,-1.,0.));
#614 = FACE_BOUND('',#615,.F.);
#615 = EDGE_LOOP('',(#616));
#616 = ORIENTED_EDGE('',*,*,#617,.T.);
#617 = EDGE_CURVE('',#618,#618,#620,.T.);
#618 = VERTEX_POINT('',#619);
#619 = CARTESIAN_POINT('',(126.000852,-169.082013,0.));
#620 = CIRCLE('',#621,0.4953);
#621 = AXIS2_PLACEMENT_3D('',#622,#623,#624);
#622 = CARTESIAN_POINT('',(126.000852,-168.586713,0.));
#623 = DIRECTION('',(-0.,0.,-1.));
#624 = DIRECTION('',(-0.,-1.,0.));
#625 = FACE_BOUND('',#626,.F.);
#626 = EDGE_LOOP('',(#627));
#627 = ORIENTED_EDGE('',*,*,#628,.T.);
#628 = EDGE_CURVE('',#629,#629,#631,.T.);
#629 = VERTEX_POINT('',#630);
#630 = CARTESIAN_POINT('',(115.280852,-165.237613,0.));
#631 = CIRCLE('',#632,0.8509);
#632 = AXIS2_PLACEMENT_3D('',#633,#634,#635);
#633 = CARTESIAN_POINT('',(115.280852,-164.386713,0.));
#634 = DIRECTION('',(-0.,0.,-1.));
#635 = DIRECTION('',(-1.670096922694E-14,-1.,0.));
#636 = FACE_BOUND('',#637,.F.);
#637 = EDGE_LOOP('',(#638));
#638 = ORIENTED_EDGE('',*,*,#639,.T.);
#639 = EDGE_CURVE('',#640,#640,#642,.T.);
#640 = VERTEX_POINT('',#641);
#641 = CARTESIAN_POINT('',(120.780852,-166.101213,0.));
#642 = CIRCLE('',#643,1.7145);
#643 = AXIS2_PLACEMENT_3D('',#644,#645,#646);
#644 = CARTESIAN_POINT('',(120.780852,-164.386713,0.));
#645 = DIRECTION('',(-0.,0.,-1.));
#646 = DIRECTION('',(-0.,-1.,0.));
#647 = FACE_BOUND('',#648,.F.);
#648 = EDGE_LOOP('',(#649));
#649 = ORIENTED_EDGE('',*,*,#650,.T.);
#650 = EDGE_CURVE('',#651,#651,#653,.T.);
#651 = VERTEX_POINT('',#652);
#652 = CARTESIAN_POINT('',(115.780852,-162.136713,0.));
#653 = CIRCLE('',#654,1.5);
#654 = AXIS2_PLACEMENT_3D('',#655,#656,#657);
#655 = CARTESIAN_POINT('',(115.780852,-160.636713,0.));
#656 = DIRECTION('',(-0.,0.,-1.));
#657 = DIRECTION('',(-0.,-1.,0.));
#658 = FACE_BOUND('',#659,.F.);
#659 = EDGE_LOOP('',(#660));
#660 = ORIENTED_EDGE('',*,*,#661,.T.);
#661 = EDGE_CURVE('',#662,#662,#664,.T.);
#662 = VERTEX_POINT('',#663);
#663 = CARTESIAN_POINT('',(126.280852,-165.237613,0.));
#664 = CIRCLE('',#665,0.8509);
#665 = AXIS2_PLACEMENT_3D('',#666,#667,#668);
#666 = CARTESIAN_POINT('',(126.280852,-164.386713,0.));
#667 = DIRECTION('',(-0.,0.,-1.));
#668 = DIRECTION('',(-1.670096922694E-14,-1.,0.));
#669 = FACE_BOUND('',#670,.F.);
#670 = EDGE_LOOP('',(#671));
#671 = ORIENTED_EDGE('',*,*,#672,.T.);
#672 = EDGE_CURVE('',#673,#673,#675,.T.);
#673 = VERTEX_POINT('',#674);
#674 = CARTESIAN_POINT('',(125.780852,-162.136713,0.));
#675 = CIRCLE('',#676,1.5);
#676 = AXIS2_PLACEMENT_3D('',#677,#678,#679);
#677 = CARTESIAN_POINT('',(125.780852,-160.636713,0.));
#678 = DIRECTION('',(-0.,0.,-1.));
#679 = DIRECTION('',(-0.,-1.,0.));
#680 = FACE_BOUND('',#681,.F.);
#681 = EDGE_LOOP('',(#682));
#682 = ORIENTED_EDGE('',*,*,#683,.T.);
#683 = EDGE_CURVE('',#684,#684,#686,.T.);
#684 = VERTEX_POINT('',#685);
#685 = CARTESIAN_POINT('',(134.560852,-169.082013,0.));
#686 = CIRCLE('',#687,0.4953);
#687 = AXIS2_PLACEMENT_3D('',#688,#689,#690);
#688 = CARTESIAN_POINT('',(134.560852,-168.586713,0.));
#689 = DIRECTION('',(-0.,0.,-1.));
#690 = DIRECTION('',(-0.,-1.,0.));
#691 = FACE_BOUND('',#692,.F.);
#692 = EDGE_LOOP('',(#693));
#693 = ORIENTED_EDGE('',*,*,#694,.T.);
#694 = EDGE_CURVE('',#695,#695,#697,.T.);
#695 = VERTEX_POINT('',#696);
#696 = CARTESIAN_POINT('',(145.000852,-169.082013,0.));
#697 = CIRCLE('',#698,0.4953);
#698 = AXIS2_PLACEMENT_3D('',#699,#700,#701);
#699 = CARTESIAN_POINT('',(145.000852,-168.586713,0.));
#700 = DIRECTION('',(-0.,0.,-1.));
#701 = DIRECTION('',(-0.,-1.,0.));
#702 = FACE_BOUND('',#703,.F.);
#703 = EDGE_LOOP('',(#704));
#704 = ORIENTED_EDGE('',*,*,#705,.T.);
#705 = EDGE_CURVE('',#706,#706,#708,.T.);
#706 = VERTEX_POINT('',#707);
#707 = CARTESIAN_POINT('',(134.280852,-165.237613,0.));
#708 = CIRCLE('',#709,0.8509);
#709 = AXIS2_PLACEMENT_3D('',#710,#711,#712);
#710 = CARTESIAN_POINT('',(134.280852,-164.386713,0.));
#711 = DIRECTION('',(-0.,0.,-1.));
#712 = DIRECTION('',(3.340193845388E-14,-1.,-0.));
#713 = FACE_BOUND('',#714,.F.);
#714 = EDGE_LOOP('',(#715));
#715 = ORIENTED_EDGE('',*,*,#716,.T.);
#716 = EDGE_CURVE('',#717,#717,#719,.T.);
#717 = VERTEX_POINT('',#718);
#718 = CARTESIAN_POINT('',(139.780852,-166.101213,0.));
#719 = CIRCLE('',#720,1.7145);
#720 = AXIS2_PLACEMENT_3D('',#721,#722,#723);
#721 = CARTESIAN_POINT('',(139.780852,-164.386713,0.));
#722 = DIRECTION('',(-0.,0.,-1.));
#723 = DIRECTION('',(1.657725834378E-14,-1.,-0.));
#724 = FACE_BOUND('',#725,.F.);
#725 = EDGE_LOOP('',(#726));
#726 = ORIENTED_EDGE('',*,*,#727,.T.);
#727 = EDGE_CURVE('',#728,#728,#730,.T.);
#728 = VERTEX_POINT('',#729);
#729 = CARTESIAN_POINT('',(134.780852,-162.136713,0.));
#730 = CIRCLE('',#731,1.5);
#731 = AXIS2_PLACEMENT_3D('',#732,#733,#734);
#732 = CARTESIAN_POINT('',(134.780852,-160.636713,0.));
#733 = DIRECTION('',(-0.,0.,-1.));
#734 = DIRECTION('',(-0.,-1.,0.));
#735 = FACE_BOUND('',#736,.F.);
#736 = EDGE_LOOP('',(#737));
#737 = ORIENTED_EDGE('',*,*,#738,.T.);
#738 = EDGE_CURVE('',#739,#739,#741,.T.);
#739 = VERTEX_POINT('',#740);
#740 = CARTESIAN_POINT('',(145.280852,-165.237613,0.));
#741 = CIRCLE('',#742,0.8509);
#742 = AXIS2_PLACEMENT_3D('',#743,#744,#745);
#743 = CARTESIAN_POINT('',(145.280852,-164.386713,0.));
#744 = DIRECTION('',(-0.,0.,-1.));
#745 = DIRECTION('',(3.340193845388E-14,-1.,-0.));
#746 = FACE_BOUND('',#747,.F.);
#747 = EDGE_LOOP('',(#748));
#748 = ORIENTED_EDGE('',*,*,#749,.T.);
#749 = EDGE_CURVE('',#750,#750,#752,.T.);
#750 = VERTEX_POINT('',#751);
#751 = CARTESIAN_POINT('',(144.780852,-162.136713,0.));
#752 = CIRCLE('',#753,1.5);
#753 = AXIS2_PLACEMENT_3D('',#754,#755,#756);
#754 = CARTESIAN_POINT('',(144.780852,-160.636713,0.));
#755 = DIRECTION('',(-0.,0.,-1.));
#756 = DIRECTION('',(-0.,-1.,0.));
#757 = FACE_BOUND('',#758,.F.);
#758 = EDGE_LOOP('',(#759));
#759 = ORIENTED_EDGE('',*,*,#760,.T.);
#760 = EDGE_CURVE('',#761,#761,#763,.T.);
#761 = VERTEX_POINT('',#762);
#762 = CARTESIAN_POINT('',(162.580852,-188.836713,0.));
#763 = CIRCLE('',#764,1.5);
#764 = AXIS2_PLACEMENT_3D('',#765,#766,#767);
#765 = CARTESIAN_POINT('',(162.580852,-187.336713,0.));
#766 = DIRECTION('',(-0.,0.,-1.));
#767 = DIRECTION('',(-0.,-1.,0.));
#768 = FACE_BOUND('',#769,.F.);
#769 = EDGE_LOOP('',(#770));
#770 = ORIENTED_EDGE('',*,*,#771,.T.);
#771 = EDGE_CURVE('',#772,#772,#774,.T.);
#772 = VERTEX_POINT('',#773);
#773 = CARTESIAN_POINT('',(153.560852,-176.082013,0.));
#774 = CIRCLE('',#775,0.4953);
#775 = AXIS2_PLACEMENT_3D('',#776,#777,#778);
#776 = CARTESIAN_POINT('',(153.560852,-175.586713,0.));
#777 = DIRECTION('',(-0.,0.,-1.));
#778 = DIRECTION('',(-0.,-1.,0.));
#779 = FACE_BOUND('',#780,.F.);
#780 = EDGE_LOOP('',(#781));
#781 = ORIENTED_EDGE('',*,*,#782,.T.);
#782 = EDGE_CURVE('',#783,#783,#785,.T.);
#783 = VERTEX_POINT('',#784);
#784 = CARTESIAN_POINT('',(164.000852,-176.082013,0.));
#785 = CIRCLE('',#786,0.4953);
#786 = AXIS2_PLACEMENT_3D('',#787,#788,#789);
#787 = CARTESIAN_POINT('',(164.000852,-175.586713,0.));
#788 = DIRECTION('',(-0.,0.,-1.));
#789 = DIRECTION('',(-0.,-1.,0.));
#790 = FACE_BOUND('',#791,.F.);
#791 = EDGE_LOOP('',(#792));
#792 = ORIENTED_EDGE('',*,*,#793,.T.);
#793 = EDGE_CURVE('',#794,#794,#796,.T.);
#794 = VERTEX_POINT('',#795);
#795 = CARTESIAN_POINT('',(153.280852,-172.237613,0.));
#796 = CIRCLE('',#797,0.8509);
#797 = AXIS2_PLACEMENT_3D('',#798,#799,#800);
#798 = CARTESIAN_POINT('',(153.280852,-171.386713,0.));
#799 = DIRECTION('',(-0.,0.,-1.));
#800 = DIRECTION('',(3.340193845388E-14,-1.,-0.));
#801 = FACE_BOUND('',#802,.F.);
#802 = EDGE_LOOP('',(#803));
#803 = ORIENTED_EDGE('',*,*,#804,.T.);
#804 = EDGE_CURVE('',#805,#805,#807,.T.);
#805 = VERTEX_POINT('',#806);
#806 = CARTESIAN_POINT('',(153.780852,-169.136713,0.));
#807 = CIRCLE('',#808,1.5);
#808 = AXIS2_PLACEMENT_3D('',#809,#810,#811);
#809 = CARTESIAN_POINT('',(153.780852,-167.636713,0.));
#810 = DIRECTION('',(-0.,0.,-1.));
#811 = DIRECTION('',(-0.,-1.,0.));
#812 = FACE_BOUND('',#813,.F.);
#813 = EDGE_LOOP('',(#814));
#814 = ORIENTED_EDGE('',*,*,#815,.T.);
#815 = EDGE_CURVE('',#816,#816,#818,.T.);
#816 = VERTEX_POINT('',#817);
#817 = CARTESIAN_POINT('',(158.780852,-173.101213,0.));
#818 = CIRCLE('',#819,1.7145);
#819 = AXIS2_PLACEMENT_3D('',#820,#821,#822);
#820 = CARTESIAN_POINT('',(158.780852,-171.386713,0.));
#821 = DIRECTION('',(-0.,0.,-1.));
#822 = DIRECTION('',(1.657725834378E-14,-1.,-0.));
#823 = FACE_BOUND('',#824,.F.);
#824 = EDGE_LOOP('',(#825));
#825 = ORIENTED_EDGE('',*,*,#826,.T.);
#826 = EDGE_CURVE('',#827,#827,#829,.T.);
#827 = VERTEX_POINT('',#828);
#828 = CARTESIAN_POINT('',(164.280852,-172.237613,0.));
#829 = CIRCLE('',#830,0.8509);
#830 = AXIS2_PLACEMENT_3D('',#831,#832,#833);
#831 = CARTESIAN_POINT('',(164.280852,-171.386713,0.));
#832 = DIRECTION('',(-0.,0.,-1.));
#833 = DIRECTION('',(3.340193845388E-14,-1.,-0.));
#834 = FACE_BOUND('',#835,.F.);
#835 = EDGE_LOOP('',(#836));
#836 = ORIENTED_EDGE('',*,*,#837,.T.);
#837 = EDGE_CURVE('',#838,#838,#840,.T.);
#838 = VERTEX_POINT('',#839);
#839 = CARTESIAN_POINT('',(163.780852,-169.136713,0.));
#840 = CIRCLE('',#841,1.5);
#841 = AXIS2_PLACEMENT_3D('',#842,#843,#844);
#842 = CARTESIAN_POINT('',(163.780852,-167.636713,0.));
#843 = DIRECTION('',(-0.,0.,-1.));
#844 = DIRECTION('',(-0.,-1.,0.));
#845 = FACE_BOUND('',#846,.F.);
#846 = EDGE_LOOP('',(#847));
#847 = ORIENTED_EDGE('',*,*,#848,.T.);
#848 = EDGE_CURVE('',#849,#849,#851,.T.);
#849 = VERTEX_POINT('',#850);
#850 = CARTESIAN_POINT('',(158.780852,-166.936713,0.));
#851 = CIRCLE('',#852,1.5);
#852 = AXIS2_PLACEMENT_3D('',#853,#854,#855);
#853 = CARTESIAN_POINT('',(158.780852,-165.436713,0.));
#854 = DIRECTION('',(-0.,0.,-1.));
#855 = DIRECTION('',(-0.,-1.,0.));
#856 = FACE_BOUND('',#857,.F.);
#857 = EDGE_LOOP('',(#858));
#858 = ORIENTED_EDGE('',*,*,#859,.T.);
#859 = EDGE_CURVE('',#860,#860,#862,.T.);
#860 = VERTEX_POINT('',#861);
#861 = CARTESIAN_POINT('',(172.560852,-171.082013,0.));
#862 = CIRCLE('',#863,0.4953);
#863 = AXIS2_PLACEMENT_3D('',#864,#865,#866);
#864 = CARTESIAN_POINT('',(172.560852,-170.586713,0.));
#865 = DIRECTION('',(-0.,0.,-1.));
#866 = DIRECTION('',(-0.,-1.,0.));
#867 = FACE_BOUND('',#868,.F.);
#868 = EDGE_LOOP('',(#869));
#869 = ORIENTED_EDGE('',*,*,#870,.T.);
#870 = EDGE_CURVE('',#871,#871,#873,.T.);
#871 = VERTEX_POINT('',#872);
#872 = CARTESIAN_POINT('',(172.280852,-167.237613,0.));
#873 = CIRCLE('',#874,0.8509);
#874 = AXIS2_PLACEMENT_3D('',#875,#876,#877);
#875 = CARTESIAN_POINT('',(172.280852,-166.386713,0.));
#876 = DIRECTION('',(-0.,0.,-1.));
#877 = DIRECTION('',(3.340193845388E-14,-1.,-0.));
#878 = FACE_BOUND('',#879,.F.);
#879 = EDGE_LOOP('',(#880));
#880 = ORIENTED_EDGE('',*,*,#881,.T.);
#881 = EDGE_CURVE('',#882,#882,#884,.T.);
#882 = VERTEX_POINT('',#883);
#883 = CARTESIAN_POINT('',(177.780852,-168.101213,0.));
#884 = CIRCLE('',#885,1.7145);
#885 = AXIS2_PLACEMENT_3D('',#886,#887,#888);
#886 = CARTESIAN_POINT('',(177.780852,-166.386713,0.));
#887 = DIRECTION('',(-0.,0.,-1.));
#888 = DIRECTION('',(1.657725834378E-14,-1.,-0.));
#889 = FACE_BOUND('',#890,.F.);
#890 = EDGE_LOOP('',(#891));
#891 = ORIENTED_EDGE('',*,*,#892,.T.);
#892 = EDGE_CURVE('',#893,#893,#895,.T.);
#893 = VERTEX_POINT('',#894);
#894 = CARTESIAN_POINT('',(172.780852,-164.136713,0.));
#895 = CIRCLE('',#896,1.5);
#896 = AXIS2_PLACEMENT_3D('',#897,#898,#899);
#897 = CARTESIAN_POINT('',(172.780852,-162.636713,0.));
#898 = DIRECTION('',(-0.,0.,-1.));
#899 = DIRECTION('',(-0.,-1.,0.));
#900 = FACE_BOUND('',#901,.F.);
#901 = EDGE_LOOP('',(#902));
#902 = ORIENTED_EDGE('',*,*,#903,.T.);
#903 = EDGE_CURVE('',#904,#904,#906,.T.);
#904 = VERTEX_POINT('',#905);
#905 = CARTESIAN_POINT('',(177.780852,-161.936713,0.));
#906 = CIRCLE('',#907,1.5);
#907 = AXIS2_PLACEMENT_3D('',#908,#909,#910);
#908 = CARTESIAN_POINT('',(177.780852,-160.436713,0.));
#909 = DIRECTION('',(-0.,0.,-1.));
#910 = DIRECTION('',(-0.,-1.,0.));
#911 = FACE_BOUND('',#912,.F.);
#912 = EDGE_LOOP('',(#913));
#913 = ORIENTED_EDGE('',*,*,#914,.T.);
#914 = EDGE_CURVE('',#915,#915,#917,.T.);
#915 = VERTEX_POINT('',#916);
#916 = CARTESIAN_POINT('',(182.780852,-164.136713,0.));
#917 = CIRCLE('',#918,1.5);
#918 = AXIS2_PLACEMENT_3D('',#919,#920,#921);
#919 = CARTESIAN_POINT('',(182.780852,-162.636713,0.));
#920 = DIRECTION('',(-0.,0.,-1.));
#921 = DIRECTION('',(-0.,-1.,0.));
#922 = FACE_BOUND('',#923,.F.);
#923 = EDGE_LOOP('',(#924));
#924 = ORIENTED_EDGE('',*,*,#925,.T.);
#925 = EDGE_CURVE('',#926,#926,#928,.T.);
#926 = VERTEX_POINT('',#927);
#927 = CARTESIAN_POINT('',(188.700852,-197.982013,0.));
#928 = CIRCLE('',#929,0.4953);
#929 = AXIS2_PLACEMENT_3D('',#930,#931,#932);
#930 = CARTESIAN_POINT('',(188.700852,-197.486713,0.));
#931 = DIRECTION('',(-0.,0.,-1.));
#932 = DIRECTION('',(-0.,-1.,0.));
#933 = FACE_BOUND('',#934,.F.);
#934 = EDGE_LOOP('',(#935));
#935 = ORIENTED_EDGE('',*,*,#936,.T.);
#936 = EDGE_CURVE('',#937,#937,#939,.T.);
#937 = VERTEX_POINT('',#938);
#938 = CARTESIAN_POINT('',(198.450347,-198.90312,0.));
#939 = CIRCLE('',#940,0.4953);
#940 = AXIS2_PLACEMENT_3D('',#941,#942,#943);
#941 = CARTESIAN_POINT('',(198.450347,-198.40782,0.));
#942 = DIRECTION('',(-0.,0.,-1.));
#943 = DIRECTION('',(-5.738281734384E-14,-1.,0.));
#944 = FACE_BOUND('',#945,.F.);
#945 = EDGE_LOOP('',(#946));
#946 = ORIENTED_EDGE('',*,*,#947,.T.);
#947 = EDGE_CURVE('',#948,#948,#950,.T.);
#948 = VERTEX_POINT('',#949);
#949 = CARTESIAN_POINT('',(183.480852,-195.001213,0.));
#950 = CIRCLE('',#951,1.7145);
#951 = AXIS2_PLACEMENT_3D('',#952,#953,#954);
#952 = CARTESIAN_POINT('',(183.480852,-193.286713,0.));
#953 = DIRECTION('',(-0.,0.,-1.));
#954 = DIRECTION('',(-1.657725834378E-14,-1.,0.));
#955 = FACE_BOUND('',#956,.F.);
#956 = EDGE_LOOP('',(#957));
#957 = ORIENTED_EDGE('',*,*,#958,.T.);
#958 = EDGE_CURVE('',#959,#959,#961,.T.);
#959 = VERTEX_POINT('',#960);
#960 = CARTESIAN_POINT('',(188.980852,-194.137613,0.));
#961 = CIRCLE('',#962,0.8509);
#962 = AXIS2_PLACEMENT_3D('',#963,#964,#965);
#963 = CARTESIAN_POINT('',(188.980852,-193.286713,0.));
#964 = DIRECTION('',(-0.,0.,-1.));
#965 = DIRECTION('',(-0.,-1.,0.));
#966 = FACE_BOUND('',#967,.F.);
#967 = EDGE_LOOP('',(#968));
#968 = ORIENTED_EDGE('',*,*,#969,.T.);
#969 = EDGE_CURVE('',#970,#970,#972,.T.);
#970 = VERTEX_POINT('',#971);
#971 = CARTESIAN_POINT('',(188.480852,-191.036713,0.));
#972 = CIRCLE('',#973,1.5);
#973 = AXIS2_PLACEMENT_3D('',#974,#975,#976);
#974 = CARTESIAN_POINT('',(188.480852,-189.536713,0.));
#975 = DIRECTION('',(-0.,0.,-1.));
#976 = DIRECTION('',(-0.,-1.,0.));
#977 = FACE_BOUND('',#978,.F.);
#978 = EDGE_LOOP('',(#979));
#979 = ORIENTED_EDGE('',*,*,#980,.T.);
#980 = EDGE_CURVE('',#981,#981,#983,.T.);
#981 = VERTEX_POINT('',#982);
#982 = CARTESIAN_POINT('',(198.903923,-195.073906,0.));
#983 = CIRCLE('',#984,0.8509);
#984 = AXIS2_PLACEMENT_3D('',#985,#986,#987);
#985 = CARTESIAN_POINT('',(198.903923,-194.223006,0.));
#986 = DIRECTION('',(-0.,0.,-1.));
#987 = DIRECTION('',(-0.,-1.,0.));
#988 = FACE_BOUND('',#989,.F.);
#989 = EDGE_LOOP('',(#990));
#990 = ORIENTED_EDGE('',*,*,#991,.T.);
#991 = EDGE_CURVE('',#992,#992,#994,.T.);
#992 = VERTEX_POINT('',#993);
#993 = CARTESIAN_POINT('',(204.320366,-196.892571,0.));
#994 = CIRCLE('',#995,1.7145);
#995 = AXIS2_PLACEMENT_3D('',#996,#997,#998);
#996 = CARTESIAN_POINT('',(204.320366,-195.178071,0.));
#997 = DIRECTION('',(-0.,0.,-1.));
#998 = DIRECTION('',(1.657725834378E-14,-1.,-0.));
#999 = FACE_BOUND('',#1000,.F.);
#1000 = EDGE_LOOP('',(#1001));
#1001 = ORIENTED_EDGE('',*,*,#1002,.T.);
#1002 = EDGE_CURVE('',#1003,#1003,#1005,.T.);
#1003 = VERTEX_POINT('',#1004);
#1004 = CARTESIAN_POINT('',(208.73174,-200.716007,0.));
#1005 = CIRCLE('',#1006,0.4953);
#1006 = AXIS2_PLACEMENT_3D('',#1007,#1008,#1009);
#1007 = CARTESIAN_POINT('',(208.73174,-200.220707,0.));
#1008 = DIRECTION('',(-0.,0.,-1.));
#1009 = DIRECTION('',(-0.,-1.,0.));
#1010 = FACE_BOUND('',#1011,.F.);
#1011 = EDGE_LOOP('',(#1012));
#1012 = ORIENTED_EDGE('',*,*,#1013,.T.);
#1013 = EDGE_CURVE('',#1014,#1014,#1016,.T.);
#1014 = VERTEX_POINT('',#1015);
#1015 = CARTESIAN_POINT('',(209.736809,-196.984036,0.));
#1016 = CIRCLE('',#1017,0.8509);
#1017 = AXIS2_PLACEMENT_3D('',#1018,#1019,#1020);
#1018 = CARTESIAN_POINT('',(209.736809,-196.133136,0.));
#1019 = DIRECTION('',(-0.,0.,-1.));
#1020 = DIRECTION('',(-0.,-1.,0.));
#1021 = FACE_BOUND('',#1022,.F.);
#1022 = EDGE_LOOP('',(#1023));
#1023 = ORIENTED_EDGE('',*,*,#1024,.T.);
#1024 = EDGE_CURVE('',#1025,#1025,#1027,.T.);
#1025 = VERTEX_POINT('',#1026);
#1026 = CARTESIAN_POINT('',(200.047508,-192.116801,0.));
#1027 = CIRCLE('',#1028,1.5);
#1028 = AXIS2_PLACEMENT_3D('',#1029,#1030,#1031);
#1029 = CARTESIAN_POINT('',(200.047508,-190.616801,0.));
#1030 = DIRECTION('',(-0.,0.,-1.));
#1031 = DIRECTION('',(-0.,-1.,0.));
#1032 = FACE_BOUND('',#1033,.F.);
#1033 = EDGE_LOOP('',(#1034));
#1034 = ORIENTED_EDGE('',*,*,#1035,.T.);
#1035 = EDGE_CURVE('',#1036,#1036,#1038,.T.);
#1036 = VERTEX_POINT('',#1037);
#1037 = CARTESIAN_POINT('',(205.353573,-190.818465,0.));
#1038 = CIRCLE('',#1039,1.5);
#1039 = AXIS2_PLACEMENT_3D('',#1040,#1041,#1042);
#1040 = CARTESIAN_POINT('',(205.353573,-189.318465,0.));
#1041 = DIRECTION('',(-0.,0.,-1.));
#1042 = DIRECTION('',(-0.,-1.,0.));
#1043 = FACE_BOUND('',#1044,.F.);
#1044 = EDGE_LOOP('',(#1045));
#1045 = ORIENTED_EDGE('',*,*,#1046,.T.);
#1046 = EDGE_CURVE('',#1047,#1047,#1049,.T.);
#1047 = VERTEX_POINT('',#1048);
#1048 = CARTESIAN_POINT('',(209.895585,-193.853283,0.));
#1049 = CIRCLE('',#1050,1.5);
#1050 = AXIS2_PLACEMENT_3D('',#1051,#1052,#1053);
#1051 = CARTESIAN_POINT('',(209.895585,-192.353283,0.));
#1052 = DIRECTION('',(-0.,0.,-1.));
#1053 = DIRECTION('',(-0.,-1.,0.));
#1054 = FACE_BOUND('',#1055,.F.);
#1055 = EDGE_LOOP('',(#1056));
#1056 = ORIENTED_EDGE('',*,*,#1057,.T.);
#1057 = EDGE_CURVE('',#1058,#1058,#1060,.T.);
#1058 = VERTEX_POINT('',#1059);
#1059 = CARTESIAN_POINT('',(227.104752,-206.02365,0.));
#1060 = CIRCLE('',#1061,0.4953);
#1061 = AXIS2_PLACEMENT_3D('',#1062,#1063,#1064);
#1062 = CARTESIAN_POINT('',(227.104752,-205.52835,0.));
#1063 = DIRECTION('',(-0.,0.,-1.));
#1064 = DIRECTION('',(-5.738281734385E-14,-1.,0.));
#1065 = FACE_BOUND('',#1066,.F.);
#1066 = EDGE_LOOP('',(#1067));
#1067 = ORIENTED_EDGE('',*,*,#1068,.T.);
#1068 = EDGE_CURVE('',#1069,#1069,#1071,.T.);
#1069 = VERTEX_POINT('',#1070);
#1070 = CARTESIAN_POINT('',(236.887829,-211.252613,0.));
#1071 = CIRCLE('',#1072,0.4953);
#1072 = AXIS2_PLACEMENT_3D('',#1073,#1074,#1075);
#1073 = CARTESIAN_POINT('',(236.887829,-210.757313,0.));
#1074 = DIRECTION('',(-0.,0.,-1.));
#1075 = DIRECTION('',(-0.,-1.,0.));
#1076 = FACE_BOUND('',#1077,.F.);
#1077 = EDGE_LOOP('',(#1078));
#1078 = ORIENTED_EDGE('',*,*,#1079,.T.);
#1079 = EDGE_CURVE('',#1080,#1080,#1082,.T.);
#1080 = VERTEX_POINT('',#1081);
#1081 = CARTESIAN_POINT('',(245.929135,-216.472614,0.));
#1082 = CIRCLE('',#1083,0.4953);
#1083 = AXIS2_PLACEMENT_3D('',#1084,#1085,#1086);
#1084 = CARTESIAN_POINT('',(245.929135,-215.977314,0.));
#1085 = DIRECTION('',(-0.,0.,-1.));
#1086 = DIRECTION('',(5.738281734384E-14,-1.,-0.));
#1087 = FACE_BOUND('',#1088,.F.);
#1088 = EDGE_LOOP('',(#1089));
#1089 = ORIENTED_EDGE('',*,*,#1090,.T.);
#1090 = EDGE_CURVE('',#1091,#1091,#1093,.T.);
#1091 = VERTEX_POINT('',#1092);
#1092 = CARTESIAN_POINT('',(243.508482,-211.444507,0.));
#1093 = CIRCLE('',#1094,1.7145);
#1094 = AXIS2_PLACEMENT_3D('',#1095,#1096,#1097);
#1095 = CARTESIAN_POINT('',(243.508482,-209.730007,0.));
#1096 = DIRECTION('',(-0.,0.,-1.));
#1097 = DIRECTION('',(-1.657725834378E-14,-1.,0.));
#1098 = FACE_BOUND('',#1099,.F.);
#1099 = EDGE_LOOP('',(#1100));
#1100 = ORIENTED_EDGE('',*,*,#1101,.T.);
#1101 = EDGE_CURVE('',#1102,#1102,#1104,.T.);
#1102 = VERTEX_POINT('',#1103);
#1103 = CARTESIAN_POINT('',(248.271622,-213.330907,0.));
#1104 = CIRCLE('',#1105,0.8509);
#1105 = AXIS2_PLACEMENT_3D('',#1106,#1107,#1108);
#1106 = CARTESIAN_POINT('',(248.271622,-212.480007,0.));
#1107 = DIRECTION('',(-0.,0.,-1.));
#1108 = DIRECTION('',(-0.,-1.,0.));
#1109 = FACE_BOUND('',#1110,.F.);
#1110 = EDGE_LOOP('',(#1111));
#1111 = ORIENTED_EDGE('',*,*,#1112,.T.);
#1112 = EDGE_CURVE('',#1113,#1113,#1115,.T.);
#1113 = VERTEX_POINT('',#1114);
#1114 = CARTESIAN_POINT('',(238.745342,-207.830907,0.));
#1115 = CIRCLE('',#1116,0.8509);
#1116 = AXIS2_PLACEMENT_3D('',#1117,#1118,#1119);
#1117 = CARTESIAN_POINT('',(238.745342,-206.980007,0.));
#1118 = DIRECTION('',(-0.,0.,-1.));
#1119 = DIRECTION('',(-0.,-1.,0.));
#1120 = FACE_BOUND('',#1121,.F.);
#1121 = EDGE_LOOP('',(#1122));
#1122 = ORIENTED_EDGE('',*,*,#1123,.T.);
#1123 = EDGE_CURVE('',#1124,#1124,#1126,.T.);
#1124 = VERTEX_POINT('',#1125);
#1125 = CARTESIAN_POINT('',(241.053355,-205.482412,0.));
#1126 = CIRCLE('',#1127,1.5);
#1127 = AXIS2_PLACEMENT_3D('',#1128,#1129,#1130);
#1128 = CARTESIAN_POINT('',(241.053355,-203.982412,0.));
#1129 = DIRECTION('',(-0.,0.,-1.));
#1130 = DIRECTION('',(-0.,-1.,0.));
#1131 = FACE_BOUND('',#1132,.F.);
#1132 = EDGE_LOOP('',(#1133));
#1133 = ORIENTED_EDGE('',*,*,#1134,.T.);
#1134 = EDGE_CURVE('',#1135,#1135,#1137,.T.);
#1135 = VERTEX_POINT('',#1136);
#1136 = CARTESIAN_POINT('',(249.713608,-210.482411,0.));
#1137 = CIRCLE('',#1138,1.5);
#1138 = AXIS2_PLACEMENT_3D('',#1139,#1140,#1141);
#1139 = CARTESIAN_POINT('',(249.713608,-208.982411,0.));
#1140 = DIRECTION('',(-0.,0.,-1.));
#1141 = DIRECTION('',(-0.,-1.,0.));
#1142 = FACE_BOUND('',#1143,.F.);
#1143 = EDGE_LOOP('',(#1144));
#1144 = ORIENTED_EDGE('',*,*,#1145,.T.);
#1145 = EDGE_CURVE('',#1146,#1146,#1148,.T.);
#1146 = VERTEX_POINT('',#1147);
#1147 = CARTESIAN_POINT('',(246.483482,-206.077156,0.));
#1148 = CIRCLE('',#1149,1.5);
#1149 = AXIS2_PLACEMENT_3D('',#1150,#1151,#1152);
#1150 = CARTESIAN_POINT('',(246.483482,-204.577156,0.));
#1151 = DIRECTION('',(-0.,0.,-1.));
#1152 = DIRECTION('',(-0.,-1.,0.));
#1153 = FACE_BOUND('',#1154,.F.);
#1154 = EDGE_LOOP('',(#1155));
#1155 = ORIENTED_EDGE('',*,*,#1156,.T.);
#1156 = EDGE_CURVE('',#1157,#1157,#1159,.T.);
#1157 = VERTEX_POINT('',#1158);
#1158 = CARTESIAN_POINT('',(217.294361,-202.45296,0.));
#1159 = CIRCLE('',#1160,0.4953);
#1160 = AXIS2_PLACEMENT_3D('',#1161,#1162,#1163);
#1161 = CARTESIAN_POINT('',(217.294361,-201.95766,0.));
#1162 = DIRECTION('',(-0.,0.,-1.));
#1163 = DIRECTION('',(5.738281734384E-14,-1.,-0.));
#1164 = FACE_BOUND('',#1165,.F.);
#1165 = EDGE_LOOP('',(#1166));
#1166 = ORIENTED_EDGE('',*,*,#1167,.T.);
#1167 = EDGE_CURVE('',#1168,#1168,#1170,.T.);
#1168 = VERTEX_POINT('',#1169);
#1169 = CARTESIAN_POINT('',(223.636041,-201.510796,0.));
#1170 = CIRCLE('',#1171,1.7145);
#1171 = AXIS2_PLACEMENT_3D('',#1172,#1173,#1174);
#1172 = CARTESIAN_POINT('',(223.636041,-199.796296,0.));
#1173 = DIRECTION('',(-0.,0.,-1.));
#1174 = DIRECTION('',(1.657725834378E-14,-1.,-0.));
#1175 = FACE_BOUND('',#1176,.F.);
#1176 = EDGE_LOOP('',(#1177));
#1177 = ORIENTED_EDGE('',*,*,#1178,.T.);
#1178 = EDGE_CURVE('',#1179,#1179,#1181,.T.);
#1179 = VERTEX_POINT('',#1180);
#1180 = CARTESIAN_POINT('',(218.467732,-198.766085,0.));
#1181 = CIRCLE('',#1182,0.8509);
#1182 = AXIS2_PLACEMENT_3D('',#1183,#1184,#1185);
#1183 = CARTESIAN_POINT('',(218.467732,-197.915185,0.));
#1184 = DIRECTION('',(-0.,0.,-1.));
#1185 = DIRECTION('',(-0.,-1.,0.));
#1186 = FACE_BOUND('',#1187,.F.);
#1187 = EDGE_LOOP('',(#1188));
#1188 = ORIENTED_EDGE('',*,*,#1189,.T.);
#1189 = EDGE_CURVE('',#1190,#1190,#1192,.T.);
#1190 = VERTEX_POINT('',#1191);
#1191 = CARTESIAN_POINT('',(228.80435,-202.528307,0.));
#1192 = CIRCLE('',#1193,0.8509);
#1193 = AXIS2_PLACEMENT_3D('',#1194,#1195,#1196);
#1194 = CARTESIAN_POINT('',(228.80435,-201.677407,0.));
#1195 = DIRECTION('',(-0.,0.,-1.));
#1196 = DIRECTION('',(-0.,-1.,0.));
#1197 = FACE_BOUND('',#1198,.F.);
#1198 = EDGE_LOOP('',(#1199));
#1199 = ORIENTED_EDGE('',*,*,#1200,.T.);
#1200 = EDGE_CURVE('',#1201,#1201,#1203,.T.);
#1201 = VERTEX_POINT('',#1202);
#1202 = CARTESIAN_POINT('',(229.61708,-199.482549,0.));
#1203 = CIRCLE('',#1204,1.5);
#1204 = AXIS2_PLACEMENT_3D('',#1205,#1206,#1207);
#1205 = CARTESIAN_POINT('',(229.61708,-197.982549,0.));
#1206 = DIRECTION('',(-0.,0.,-1.));
#1207 = DIRECTION('',(-0.,-1.,0.));
#1208 = FACE_BOUND('',#1209,.F.);
#1209 = EDGE_LOOP('',(#1210));
#1210 = ORIENTED_EDGE('',*,*,#1211,.T.);
#1211 = EDGE_CURVE('',#1212,#1212,#1214,.T.);
#1212 = VERTEX_POINT('',#1213);
#1213 = CARTESIAN_POINT('',(220.220153,-196.062348,0.));
#1214 = CIRCLE('',#1215,1.5);
#1215 = AXIS2_PLACEMENT_3D('',#1216,#1217,#1218);
#1216 = CARTESIAN_POINT('',(220.220153,-194.562348,0.));
#1217 = DIRECTION('',(-0.,0.,-1.));
#1218 = DIRECTION('',(-0.,-1.,0.));
#1219 = FACE_BOUND('',#1220,.F.);
#1220 = EDGE_LOOP('',(#1221));
#1221 = ORIENTED_EDGE('',*,*,#1222,.T.);
#1222 = EDGE_CURVE('',#1223,#1223,#1225,.T.);
#1223 = VERTEX_POINT('',#1224);
#1224 = CARTESIAN_POINT('',(225.671061,-195.705125,0.));
#1225 = CIRCLE('',#1226,1.5);
#1226 = AXIS2_PLACEMENT_3D('',#1227,#1228,#1229);
#1227 = CARTESIAN_POINT('',(225.671061,-194.205125,0.));
#1228 = DIRECTION('',(-0.,0.,-1.));
#1229 = DIRECTION('',(-0.,-1.,0.));
#1230 = FACE_BOUND('',#1231,.F.);
#1231 = EDGE_LOOP('',(#1232));
#1232 = ORIENTED_EDGE('',*,*,#1233,.T.);
#1233 = EDGE_CURVE('',#1234,#1234,#1236,.T.);
#1234 = VERTEX_POINT('',#1235);
#1235 = CARTESIAN_POINT('',(183.480852,-188.836713,0.));
#1236 = CIRCLE('',#1237,1.5);
#1237 = AXIS2_PLACEMENT_3D('',#1238,#1239,#1240);
#1238 = CARTESIAN_POINT('',(183.480852,-187.336713,0.));
#1239 = DIRECTION('',(-0.,0.,-1.));
#1240 = DIRECTION('',(-0.,-1.,0.));
#1241 = FACE_BOUND('',#1242,.F.);
#1242 = EDGE_LOOP('',(#1243));
#1243 = ORIENTED_EDGE('',*,*,#1244,.T.);
#1244 = EDGE_CURVE('',#1245,#1245,#1247,.T.);
#1245 = VERTEX_POINT('',#1246);
#1246 = CARTESIAN_POINT('',(191.560852,-178.082013,0.));
#1247 = CIRCLE('',#1248,0.4953);
#1248 = AXIS2_PLACEMENT_3D('',#1249,#1250,#1251);
#1249 = CARTESIAN_POINT('',(191.560852,-177.586713,0.));
#1250 = DIRECTION('',(-0.,0.,-1.));
#1251 = DIRECTION('',(-0.,-1.,0.));
#1252 = FACE_BOUND('',#1253,.F.);
#1253 = EDGE_LOOP('',(#1254));
#1254 = ORIENTED_EDGE('',*,*,#1255,.T.);
#1255 = EDGE_CURVE('',#1256,#1256,#1258,.T.);
#1256 = VERTEX_POINT('',#1257);
#1257 = CARTESIAN_POINT('',(202.000852,-178.082013,0.));
#1258 = CIRCLE('',#1259,0.4953);
#1259 = AXIS2_PLACEMENT_3D('',#1260,#1261,#1262);
#1260 = CARTESIAN_POINT('',(202.000852,-177.586713,0.));
#1261 = DIRECTION('',(-0.,0.,-1.));
#1262 = DIRECTION('',(-0.,-1.,0.));
#1263 = FACE_BOUND('',#1264,.F.);
#1264 = EDGE_LOOP('',(#1265));
#1265 = ORIENTED_EDGE('',*,*,#1266,.T.);
#1266 = EDGE_CURVE('',#1267,#1267,#1269,.T.);
#1267 = VERTEX_POINT('',#1268);
#1268 = CARTESIAN_POINT('',(210.560852,-178.082013,0.));
#1269 = CIRCLE('',#1270,0.4953);
#1270 = AXIS2_PLACEMENT_3D('',#1271,#1272,#1273);
#1271 = CARTESIAN_POINT('',(210.560852,-177.586713,0.));
#1272 = DIRECTION('',(-0.,0.,-1.));
#1273 = DIRECTION('',(-0.,-1.,0.));
#1274 = FACE_BOUND('',#1275,.F.);
#1275 = EDGE_LOOP('',(#1276));
#1276 = ORIENTED_EDGE('',*,*,#1277,.T.);
#1277 = EDGE_CURVE('',#1278,#1278,#1280,.T.);
#1278 = VERTEX_POINT('',#1279);
#1279 = CARTESIAN_POINT('',(183.000852,-171.082013,0.));
#1280 = CIRCLE('',#1281,0.4953);
#1281 = AXIS2_PLACEMENT_3D('',#1282,#1283,#1284);
#1282 = CARTESIAN_POINT('',(183.000852,-170.586713,0.));
#1283 = DIRECTION('',(-0.,0.,-1.));
#1284 = DIRECTION('',(-0.,-1.,0.));
#1285 = FACE_BOUND('',#1286,.F.);
#1286 = EDGE_LOOP('',(#1287));
#1287 = ORIENTED_EDGE('',*,*,#1288,.T.);
#1288 = EDGE_CURVE('',#1289,#1289,#1291,.T.);
#1289 = VERTEX_POINT('',#1290);
#1290 = CARTESIAN_POINT('',(191.280852,-174.237613,0.));
#1291 = CIRCLE('',#1292,0.8509);
#1292 = AXIS2_PLACEMENT_3D('',#1293,#1294,#1295);
#1293 = CARTESIAN_POINT('',(191.280852,-173.386713,0.));
#1294 = DIRECTION('',(-0.,0.,-1.));
#1295 = DIRECTION('',(3.340193845388E-14,-1.,-0.));
#1296 = FACE_BOUND('',#1297,.F.);
#1297 = EDGE_LOOP('',(#1298));
#1298 = ORIENTED_EDGE('',*,*,#1299,.T.);
#1299 = EDGE_CURVE('',#1300,#1300,#1302,.T.);
#1300 = VERTEX_POINT('',#1301);
#1301 = CARTESIAN_POINT('',(183.280852,-167.237613,0.));
#1302 = CIRCLE('',#1303,0.8509);
#1303 = AXIS2_PLACEMENT_3D('',#1304,#1305,#1306);
#1304 = CARTESIAN_POINT('',(183.280852,-166.386713,0.));
#1305 = DIRECTION('',(-0.,0.,-1.));
#1306 = DIRECTION('',(3.340193845388E-14,-1.,-0.));
#1307 = FACE_BOUND('',#1308,.F.);
#1308 = EDGE_LOOP('',(#1309));
#1309 = ORIENTED_EDGE('',*,*,#1310,.T.);
#1310 = EDGE_CURVE('',#1311,#1311,#1313,.T.);
#1311 = VERTEX_POINT('',#1312);
#1312 = CARTESIAN_POINT('',(196.780852,-175.101213,0.));
#1313 = CIRCLE('',#1314,1.7145);
#1314 = AXIS2_PLACEMENT_3D('',#1315,#1316,#1317);
#1315 = CARTESIAN_POINT('',(196.780852,-173.386713,0.));
#1316 = DIRECTION('',(-0.,0.,-1.));
#1317 = DIRECTION('',(1.657725834378E-14,-1.,-0.));
#1318 = FACE_BOUND('',#1319,.F.);
#1319 = EDGE_LOOP('',(#1320));
#1320 = ORIENTED_EDGE('',*,*,#1321,.T.);
#1321 = EDGE_CURVE('',#1322,#1322,#1324,.T.);
#1322 = VERTEX_POINT('',#1323);
#1323 = CARTESIAN_POINT('',(191.780852,-171.136713,0.));
#1324 = CIRCLE('',#1325,1.5);
#1325 = AXIS2_PLACEMENT_3D('',#1326,#1327,#1328);
#1326 = CARTESIAN_POINT('',(191.780852,-169.636713,0.));
#1327 = DIRECTION('',(-0.,0.,-1.));
#1328 = DIRECTION('',(-0.,-1.,0.));
#1329 = FACE_BOUND('',#1330,.F.);
#1330 = EDGE_LOOP('',(#1331));
#1331 = ORIENTED_EDGE('',*,*,#1332,.T.);
#1332 = EDGE_CURVE('',#1333,#1333,#1335,.T.);
#1333 = VERTEX_POINT('',#1334);
#1334 = CARTESIAN_POINT('',(196.780852,-168.936713,0.));
#1335 = CIRCLE('',#1336,1.5);
#1336 = AXIS2_PLACEMENT_3D('',#1337,#1338,#1339);
#1337 = CARTESIAN_POINT('',(196.780852,-167.436713,0.));
#1338 = DIRECTION('',(-0.,0.,-1.));
#1339 = DIRECTION('',(-0.,-1.,0.));
#1340 = FACE_BOUND('',#1341,.F.);
#1341 = EDGE_LOOP('',(#1342));
#1342 = ORIENTED_EDGE('',*,*,#1343,.T.);
#1343 = EDGE_CURVE('',#1344,#1344,#1346,.T.);
#1344 = VERTEX_POINT('',#1345);
#1345 = CARTESIAN_POINT('',(202.280852,-174.237613,0.));
#1346 = CIRCLE('',#1347,0.8509);
#1347 = AXIS2_PLACEMENT_3D('',#1348,#1349,#1350);
#1348 = CARTESIAN_POINT('',(202.280852,-173.386713,0.));
#1349 = DIRECTION('',(-0.,0.,-1.));
#1350 = DIRECTION('',(3.340193845388E-14,-1.,-0.));
#1351 = FACE_BOUND('',#1352,.F.);
#1352 = EDGE_LOOP('',(#1353));
#1353 = ORIENTED_EDGE('',*,*,#1354,.T.);
#1354 = EDGE_CURVE('',#1355,#1355,#1357,.T.);
#1355 = VERTEX_POINT('',#1356);
#1356 = CARTESIAN_POINT('',(201.780852,-171.136713,0.));
#1357 = CIRCLE('',#1358,1.5);
#1358 = AXIS2_PLACEMENT_3D('',#1359,#1360,#1361);
#1359 = CARTESIAN_POINT('',(201.780852,-169.636713,0.));
#1360 = DIRECTION('',(-0.,0.,-1.));
#1361 = DIRECTION('',(-0.,-1.,0.));
#1362 = FACE_BOUND('',#1363,.F.);
#1363 = EDGE_LOOP('',(#1364));
#1364 = ORIENTED_EDGE('',*,*,#1365,.T.);
#1365 = EDGE_CURVE('',#1366,#1366,#1368,.T.);
#1366 = VERTEX_POINT('',#1367);
#1367 = CARTESIAN_POINT('',(210.280852,-174.237613,0.));
#1368 = CIRCLE('',#1369,0.8509);
#1369 = AXIS2_PLACEMENT_3D('',#1370,#1371,#1372);
#1370 = CARTESIAN_POINT('',(210.280852,-173.386713,0.));
#1371 = DIRECTION('',(-0.,0.,-1.));
#1372 = DIRECTION('',(3.340193845388E-14,-1.,-0.));
#1373 = FACE_BOUND('',#1374,.F.);
#1374 = EDGE_LOOP('',(#1375));
#1375 = ORIENTED_EDGE('',*,*,#1376,.T.);
#1376 = EDGE_CURVE('',#1377,#1377,#1379,.T.);
#1377 = VERTEX_POINT('',#1378);
#1378 = CARTESIAN_POINT('',(215.780852,-175.101213,0.));
#1379 = CIRCLE('',#1380,1.7145);
#1380 = AXIS2_PLACEMENT_3D('',#1381,#1382,#1383);
#1381 = CARTESIAN_POINT('',(215.780852,-173.386713,0.));
#1382 = DIRECTION('',(-0.,0.,-1.));
#1383 = DIRECTION('',(1.657725834378E-14,-1.,-0.));
#1384 = FACE_BOUND('',#1385,.F.);
#1385 = EDGE_LOOP('',(#1386));
#1386 = ORIENTED_EDGE('',*,*,#1387,.T.);
#1387 = EDGE_CURVE('',#1388,#1388,#1390,.T.);
#1388 = VERTEX_POINT('',#1389);
#1389 = CARTESIAN_POINT('',(210.780852,-171.136713,0.));
#1390 = CIRCLE('',#1391,1.5);
#1391 = AXIS2_PLACEMENT_3D('',#1392,#1393,#1394);
#1392 = CARTESIAN_POINT('',(210.780852,-169.636713,0.));
#1393 = DIRECTION('',(-0.,0.,-1.));
#1394 = DIRECTION('',(-0.,-1.,0.));
#1395 = FACE_BOUND('',#1396,.F.);
#1396 = EDGE_LOOP('',(#1397));
#1397 = ORIENTED_EDGE('',*,*,#1398,.T.);
#1398 = EDGE_CURVE('',#1399,#1399,#1401,.T.);
#1399 = VERTEX_POINT('',#1400);
#1400 = CARTESIAN_POINT('',(215.780852,-168.936713,0.));
#1401 = CIRCLE('',#1402,1.5);
#1402 = AXIS2_PLACEMENT_3D('',#1403,#1404,#1405);
#1403 = CARTESIAN_POINT('',(215.780852,-167.436713,0.));
#1404 = DIRECTION('',(-0.,0.,-1.));
#1405 = DIRECTION('',(-0.,-1.,0.));
#1406 = FACE_BOUND('',#1407,.F.);
#1407 = EDGE_LOOP('',(#1408));
#1408 = ORIENTED_EDGE('',*,*,#1409,.T.);
#1409 = EDGE_CURVE('',#1410,#1410,#1412,.T.);
#1410 = VERTEX_POINT('',#1411);
#1411 = CARTESIAN_POINT('',(221.000852,-178.082013,0.));
#1412 = CIRCLE('',#1413,0.4953);
#1413 = AXIS2_PLACEMENT_3D('',#1414,#1415,#1416);
#1414 = CARTESIAN_POINT('',(221.000852,-177.586713,0.));
#1415 = DIRECTION('',(-0.,0.,-1.));
#1416 = DIRECTION('',(-0.,-1.,0.));
#1417 = FACE_BOUND('',#1418,.F.);
#1418 = EDGE_LOOP('',(#1419,#1430,#1438,#1447));
#1419 = ORIENTED_EDGE('',*,*,#1420,.T.);
#1420 = EDGE_CURVE('',#1421,#1423,#1425,.T.);
#1421 = VERTEX_POINT('',#1422);
#1422 = CARTESIAN_POINT('',(247.15,-185.435,0.));
#1423 = VERTEX_POINT('',#1424);
#1424 = CARTESIAN_POINT('',(247.15,-186.035,0.));
#1425 = CIRCLE('',#1426,0.3);
#1426 = AXIS2_PLACEMENT_3D('',#1427,#1428,#1429);
#1427 = CARTESIAN_POINT('',(247.15,-185.735,0.));
#1428 = DIRECTION('',(-0.,0.,-1.));
#1429 = DIRECTION('',(-0.,-1.,0.));
#1430 = ORIENTED_EDGE('',*,*,#1431,.T.);
#1431 = EDGE_CURVE('',#1423,#1432,#1434,.T.);
#1432 = VERTEX_POINT('',#1433);
#1433 = CARTESIAN_POINT('',(246.05,-186.035,0.));
#1434 = LINE('',#1435,#1436);
#1435 = CARTESIAN_POINT('',(123.025,-186.035,0.));
#1436 = VECTOR('',#1437,1.);
#1437 = DIRECTION('',(-1.,0.,0.));
#1438 = ORIENTED_EDGE('',*,*,#1439,.T.);
#1439 = EDGE_CURVE('',#1432,#1440,#1442,.T.);
#1440 = VERTEX_POINT('',#1441);
#1441 = CARTESIAN_POINT('',(246.05,-185.435,0.));
#1442 = CIRCLE('',#1443,0.3);
#1443 = AXIS2_PLACEMENT_3D('',#1444,#1445,#1446);
#1444 = CARTESIAN_POINT('',(246.05,-185.735,0.));
#1445 = DIRECTION('',(0.,-0.,-1.));
#1446 = DIRECTION('',(9.473903143469E-14,1.,-0.));
#1447 = ORIENTED_EDGE('',*,*,#1448,.T.);
#1448 = EDGE_CURVE('',#1440,#1421,#1449,.T.);
#1449 = LINE('',#1450,#1451);
#1450 = CARTESIAN_POINT('',(123.575,-185.435,0.));
#1451 = VECTOR('',#1452,1.);
#1452 = DIRECTION('',(1.,0.,-0.));
#1453 = FACE_BOUND('',#1454,.F.);
#1454 = EDGE_LOOP('',(#1455));
#1455 = ORIENTED_EDGE('',*,*,#1456,.T.);
#1456 = EDGE_CURVE('',#1457,#1457,#1459,.T.);
#1457 = VERTEX_POINT('',#1458);
#1458 = CARTESIAN_POINT('',(247.12,-184.63,0.));
#1459 = CIRCLE('',#1460,0.325);
#1460 = AXIS2_PLACEMENT_3D('',#1461,#1462,#1463);
#1461 = CARTESIAN_POINT('',(247.12,-184.305,0.));
#1462 = DIRECTION('',(-0.,0.,-1.));
#1463 = DIRECTION('',(-0.,-1.,0.));
#1464 = FACE_BOUND('',#1465,.F.);
#1465 = EDGE_LOOP('',(#1466,#1477,#1485,#1494));
#1466 = ORIENTED_EDGE('',*,*,#1467,.T.);
#1467 = EDGE_CURVE('',#1468,#1470,#1472,.T.);
#1468 = VERTEX_POINT('',#1469);
#1469 = CARTESIAN_POINT('',(251.2,-185.435,0.));
#1470 = VERTEX_POINT('',#1471);
#1471 = CARTESIAN_POINT('',(251.2,-186.035,0.));
#1472 = CIRCLE('',#1473,0.3);
#1473 = AXIS2_PLACEMENT_3D('',#1474,#1475,#1476);
#1474 = CARTESIAN_POINT('',(251.2,-185.735,0.));
#1475 = DIRECTION('',(-0.,0.,-1.));
#1476 = DIRECTION('',(-9.473903143468E-14,-1.,0.));
#1477 = ORIENTED_EDGE('',*,*,#1478,.T.);
#1478 = EDGE_CURVE('',#1470,#1479,#1481,.T.);
#1479 = VERTEX_POINT('',#1480);
#1480 = CARTESIAN_POINT('',(250.4,-186.035,0.));
#1481 = LINE('',#1482,#1483);
#1482 = CARTESIAN_POINT('',(125.2,-186.035,0.));
#1483 = VECTOR('',#1484,1.);
#1484 = DIRECTION('',(-1.,0.,0.));
#1485 = ORIENTED_EDGE('',*,*,#1486,.T.);
#1486 = EDGE_CURVE('',#1479,#1487,#1489,.T.);
#1487 = VERTEX_POINT('',#1488);
#1488 = CARTESIAN_POINT('',(250.4,-185.435,0.));
#1489 = CIRCLE('',#1490,0.3);
#1490 = AXIS2_PLACEMENT_3D('',#1491,#1492,#1493);
#1491 = CARTESIAN_POINT('',(250.4,-185.735,0.));
#1492 = DIRECTION('',(0.,-0.,-1.));
#1493 = DIRECTION('',(9.473903143469E-14,1.,-0.));
#1494 = ORIENTED_EDGE('',*,*,#1495,.T.);
#1495 = EDGE_CURVE('',#1487,#1468,#1496,.T.);
#1496 = LINE('',#1497,#1498);
#1497 = CARTESIAN_POINT('',(125.6,-185.435,0.));
#1498 = VECTOR('',#1499,1.);
#1499 = DIRECTION('',(1.,0.,-0.));
#1500 = FACE_BOUND('',#1501,.F.);
#1501 = EDGE_LOOP('',(#1502));
#1502 = ORIENTED_EDGE('',*,*,#1503,.T.);
#1503 = EDGE_CURVE('',#1504,#1504,#1506,.T.);
#1504 = VERTEX_POINT('',#1505);
#1505 = CARTESIAN_POINT('',(247.12,-178.85,0.));
#1506 = CIRCLE('',#1507,0.325);
#1507 = AXIS2_PLACEMENT_3D('',#1508,#1509,#1510);
#1508 = CARTESIAN_POINT('',(247.12,-178.525,0.));
#1509 = DIRECTION('',(-0.,0.,-1.));
#1510 = DIRECTION('',(-0.,-1.,0.));
#1511 = FACE_BOUND('',#1512,.F.);
#1512 = EDGE_LOOP('',(#1513,#1524,#1532,#1541));
#1513 = ORIENTED_EDGE('',*,*,#1514,.T.);
#1514 = EDGE_CURVE('',#1515,#1517,#1519,.T.);
#1515 = VERTEX_POINT('',#1516);
#1516 = CARTESIAN_POINT('',(247.15,-176.795,0.));
#1517 = VERTEX_POINT('',#1518);
#1518 = CARTESIAN_POINT('',(247.15,-177.395,0.));
#1519 = CIRCLE('',#1520,0.3);
#1520 = AXIS2_PLACEMENT_3D('',#1521,#1522,#1523);
#1521 = CARTESIAN_POINT('',(247.15,-177.095,0.));
#1522 = DIRECTION('',(-0.,0.,-1.));
#1523 = DIRECTION('',(-0.,-1.,0.));
#1524 = ORIENTED_EDGE('',*,*,#1525,.T.);
#1525 = EDGE_CURVE('',#1517,#1526,#1528,.T.);
#1526 = VERTEX_POINT('',#1527);
#1527 = CARTESIAN_POINT('',(246.05,-177.395,0.));
#1528 = LINE('',#1529,#1530);
#1529 = CARTESIAN_POINT('',(123.025,-177.395,0.));
#1530 = VECTOR('',#1531,1.);
#1531 = DIRECTION('',(-1.,0.,0.));
#1532 = ORIENTED_EDGE('',*,*,#1533,.T.);
#1533 = EDGE_CURVE('',#1526,#1534,#1536,.T.);
#1534 = VERTEX_POINT('',#1535);
#1535 = CARTESIAN_POINT('',(246.05,-176.795,0.));
#1536 = CIRCLE('',#1537,0.3);
#1537 = AXIS2_PLACEMENT_3D('',#1538,#1539,#1540);
#1538 = CARTESIAN_POINT('',(246.05,-177.095,0.));
#1539 = DIRECTION('',(-0.,0.,-1.));
#1540 = DIRECTION('',(0.,1.,0.));
#1541 = ORIENTED_EDGE('',*,*,#1542,.T.);
#1542 = EDGE_CURVE('',#1534,#1515,#1543,.T.);
#1543 = LINE('',#1544,#1545);
#1544 = CARTESIAN_POINT('',(123.575,-176.795,0.));
#1545 = VECTOR('',#1546,1.);
#1546 = DIRECTION('',(1.,0.,-0.));
#1547 = FACE_BOUND('',#1548,.F.);
#1548 = EDGE_LOOP('',(#1549,#1560,#1568,#1577));
#1549 = ORIENTED_EDGE('',*,*,#1550,.T.);
#1550 = EDGE_CURVE('',#1551,#1553,#1555,.T.);
#1551 = VERTEX_POINT('',#1552);
#1552 = CARTESIAN_POINT('',(251.2,-176.795,0.));
#1553 = VERTEX_POINT('',#1554);
#1554 = CARTESIAN_POINT('',(251.2,-177.395,0.));
#1555 = CIRCLE('',#1556,0.3);
#1556 = AXIS2_PLACEMENT_3D('',#1557,#1558,#1559);
#1557 = CARTESIAN_POINT('',(251.2,-177.095,0.));
#1558 = DIRECTION('',(-0.,0.,-1.));
#1559 = DIRECTION('',(-0.,-1.,0.));
#1560 = ORIENTED_EDGE('',*,*,#1561,.T.);
#1561 = EDGE_CURVE('',#1553,#1562,#1564,.T.);
#1562 = VERTEX_POINT('',#1563);
#1563 = CARTESIAN_POINT('',(250.4,-177.395,0.));
#1564 = LINE('',#1565,#1566);
#1565 = CARTESIAN_POINT('',(125.2,-177.395,0.));
#1566 = VECTOR('',#1567,1.);
#1567 = DIRECTION('',(-1.,0.,0.));
#1568 = ORIENTED_EDGE('',*,*,#1569,.T.);
#1569 = EDGE_CURVE('',#1562,#1570,#1572,.T.);
#1570 = VERTEX_POINT('',#1571);
#1571 = CARTESIAN_POINT('',(250.4,-176.795,0.));
#1572 = CIRCLE('',#1573,0.3);
#1573 = AXIS2_PLACEMENT_3D('',#1574,#1575,#1576);
#1574 = CARTESIAN_POINT('',(250.4,-177.095,0.));
#1575 = DIRECTION('',(-0.,0.,-1.));
#1576 = DIRECTION('',(0.,1.,0.));
#1577 = ORIENTED_EDGE('',*,*,#1578,.T.);
#1578 = EDGE_CURVE('',#1570,#1551,#1579,.T.);
#1579 = LINE('',#1580,#1581);
#1580 = CARTESIAN_POINT('',(125.6,-176.795,0.));
#1581 = VECTOR('',#1582,1.);
#1582 = DIRECTION('',(1.,0.,-0.));
#1583 = FACE_BOUND('',#1584,.F.);
#1584 = EDGE_LOOP('',(#1585));
#1585 = ORIENTED_EDGE('',*,*,#1586,.T.);
#1586 = EDGE_CURVE('',#1587,#1587,#1589,.T.);
#1587 = VERTEX_POINT('',#1588);
#1588 = CARTESIAN_POINT('',(221.280852,-174.237613,0.));
#1589 = CIRCLE('',#1590,0.8509);
#1590 = AXIS2_PLACEMENT_3D('',#1591,#1592,#1593);
#1591 = CARTESIAN_POINT('',(221.280852,-173.386713,0.));
#1592 = DIRECTION('',(-0.,0.,-1.));
#1593 = DIRECTION('',(3.340193845388E-14,-1.,-0.));
#1594 = FACE_BOUND('',#1595,.F.);
#1595 = EDGE_LOOP('',(#1596));
#1596 = ORIENTED_EDGE('',*,*,#1597,.T.);
#1597 = EDGE_CURVE('',#1598,#1598,#1600,.T.);
#1598 = VERTEX_POINT('',#1599);
#1599 = CARTESIAN_POINT('',(220.780852,-171.136713,0.));
#1600 = CIRCLE('',#1601,1.5);
#1601 = AXIS2_PLACEMENT_3D('',#1602,#1603,#1604);
#1602 = CARTESIAN_POINT('',(220.780852,-169.636713,0.));
#1603 = DIRECTION('',(-0.,0.,-1.));
#1604 = DIRECTION('',(-0.,-1.,0.));
#1605 = FACE_BOUND('',#1606,.F.);
#1606 = EDGE_LOOP('',(#1607));
#1607 = ORIENTED_EDGE('',*,*,#1608,.T.);
#1608 = EDGE_CURVE('',#1609,#1609,#1611,.T.);
#1609 = VERTEX_POINT('',#1610);
#1610 = CARTESIAN_POINT('',(232.91,-167.96,0.));
#1611 = CIRCLE('',#1612,0.5);
#1612 = AXIS2_PLACEMENT_3D('',#1613,#1614,#1615);
#1613 = CARTESIAN_POINT('',(232.91,-167.46,0.));
#1614 = DIRECTION('',(-0.,0.,-1.));
#1615 = DIRECTION('',(-0.,-1.,0.));
#1616 = FACE_BOUND('',#1617,.F.);
#1617 = EDGE_LOOP('',(#1618));
#1618 = ORIENTED_EDGE('',*,*,#1619,.T.);
#1619 = EDGE_CURVE('',#1620,#1620,#1622,.T.);
#1620 = VERTEX_POINT('',#1621);
#1621 = CARTESIAN_POINT('',(232.91,-162.96,0.));
#1622 = CIRCLE('',#1623,0.5);
#1623 = AXIS2_PLACEMENT_3D('',#1624,#1625,#1626);
#1624 = CARTESIAN_POINT('',(232.91,-162.46,0.));
#1625 = DIRECTION('',(-0.,0.,-1.));
#1626 = DIRECTION('',(-0.,-1.,0.));
#1627 = FACE_BOUND('',#1628,.F.);
#1628 = EDGE_LOOP('',(#1629,#1640,#1648,#1657));
#1629 = ORIENTED_EDGE('',*,*,#1630,.T.);
#1630 = EDGE_CURVE('',#1631,#1633,#1635,.T.);
#1631 = VERTEX_POINT('',#1632);
#1632 = CARTESIAN_POINT('',(239.26,-171.31,0.));
#1633 = VERTEX_POINT('',#1634);
#1634 = CARTESIAN_POINT('',(239.26,-169.81,0.));
#1635 = CIRCLE('',#1636,0.75);
#1636 = AXIS2_PLACEMENT_3D('',#1637,#1638,#1639);
#1637 = CARTESIAN_POINT('',(239.26,-170.56,0.));
#1638 = DIRECTION('',(-0.,0.,-1.));
#1639 = DIRECTION('',(0.,1.,0.));
#1640 = ORIENTED_EDGE('',*,*,#1641,.T.);
#1641 = EDGE_CURVE('',#1633,#1642,#1644,.T.);
#1642 = VERTEX_POINT('',#1643);
#1643 = CARTESIAN_POINT('',(240.56,-169.81,0.));
#1644 = LINE('',#1645,#1646);
#1645 = CARTESIAN_POINT('',(120.28,-169.81,0.));
#1646 = VECTOR('',#1647,1.);
#1647 = DIRECTION('',(1.,0.,-0.));
#1648 = ORIENTED_EDGE('',*,*,#1649,.T.);
#1649 = EDGE_CURVE('',#1642,#1650,#1652,.T.);
#1650 = VERTEX_POINT('',#1651);
#1651 = CARTESIAN_POINT('',(240.56,-171.31,0.));
#1652 = CIRCLE('',#1653,0.75);
#1653 = AXIS2_PLACEMENT_3D('',#1654,#1655,#1656);
#1654 = CARTESIAN_POINT('',(240.56,-170.56,0.));
#1655 = DIRECTION('',(-0.,0.,-1.));
#1656 = DIRECTION('',(-0.,-1.,0.));
#1657 = ORIENTED_EDGE('',*,*,#1658,.T.);
#1658 = EDGE_CURVE('',#1650,#1631,#1659,.T.);
#1659 = LINE('',#1660,#1661);
#1660 = CARTESIAN_POINT('',(119.63,-171.31,0.));
#1661 = VECTOR('',#1662,1.);
#1662 = DIRECTION('',(-1.,0.,0.));
#1663 = FACE_BOUND('',#1664,.F.);
#1664 = EDGE_LOOP('',(#1665));
#1665 = ORIENTED_EDGE('',*,*,#1666,.T.);
#1666 = EDGE_CURVE('',#1667,#1667,#1669,.T.);
#1667 = VERTEX_POINT('',#1668);
#1668 = CARTESIAN_POINT('',(247.41,-167.96,0.));
#1669 = CIRCLE('',#1670,0.5);
#1670 = AXIS2_PLACEMENT_3D('',#1671,#1672,#1673);
#1671 = CARTESIAN_POINT('',(247.41,-167.46,0.));
#1672 = DIRECTION('',(-0.,0.,-1.));
#1673 = DIRECTION('',(-0.,-1.,0.));
#1674 = FACE_BOUND('',#1675,.F.);
#1675 = EDGE_LOOP('',(#1676,#1687,#1695,#1704));
#1676 = ORIENTED_EDGE('',*,*,#1677,.T.);
#1677 = EDGE_CURVE('',#1678,#1680,#1682,.T.);
#1678 = VERTEX_POINT('',#1679);
#1679 = CARTESIAN_POINT('',(239.26,-160.11,0.));
#1680 = VERTEX_POINT('',#1681);
#1681 = CARTESIAN_POINT('',(239.26,-158.61,0.));
#1682 = CIRCLE('',#1683,0.75);
#1683 = AXIS2_PLACEMENT_3D('',#1684,#1685,#1686);
#1684 = CARTESIAN_POINT('',(239.26,-159.36,0.));
#1685 = DIRECTION('',(-0.,0.,-1.));
#1686 = DIRECTION('',(0.,1.,0.));
#1687 = ORIENTED_EDGE('',*,*,#1688,.T.);
#1688 = EDGE_CURVE('',#1680,#1689,#1691,.T.);
#1689 = VERTEX_POINT('',#1690);
#1690 = CARTESIAN_POINT('',(240.56,-158.61,0.));
#1691 = LINE('',#1692,#1693);
#1692 = CARTESIAN_POINT('',(120.28,-158.61,0.));
#1693 = VECTOR('',#1694,1.);
#1694 = DIRECTION('',(1.,0.,-0.));
#1695 = ORIENTED_EDGE('',*,*,#1696,.T.);
#1696 = EDGE_CURVE('',#1689,#1697,#1699,.T.);
#1697 = VERTEX_POINT('',#1698);
#1698 = CARTESIAN_POINT('',(240.56,-160.11,0.));
#1699 = CIRCLE('',#1700,0.75);
#1700 = AXIS2_PLACEMENT_3D('',#1701,#1702,#1703);
#1701 = CARTESIAN_POINT('',(240.56,-159.36,0.));
#1702 = DIRECTION('',(-0.,0.,-1.));
#1703 = DIRECTION('',(-0.,-1.,0.));
#1704 = ORIENTED_EDGE('',*,*,#1705,.T.);
#1705 = EDGE_CURVE('',#1697,#1678,#1706,.T.);
#1706 = LINE('',#1707,#1708);
#1707 = CARTESIAN_POINT('',(119.63,-160.11,0.));
#1708 = VECTOR('',#1709,1.);
#1709 = DIRECTION('',(-1.,0.,0.));
#1710 = FACE_BOUND('',#1711,.F.);
#1711 = EDGE_LOOP('',(#1712));
#1712 = ORIENTED_EDGE('',*,*,#1713,.T.);
#1713 = EDGE_CURVE('',#1714,#1714,#1716,.T.);
#1714 = VERTEX_POINT('',#1715);
#1715 = CARTESIAN_POINT('',(247.41,-165.46,0.));
#1716 = CIRCLE('',#1717,0.5);
#1717 = AXIS2_PLACEMENT_3D('',#1718,#1719,#1720);
#1718 = CARTESIAN_POINT('',(247.41,-164.96,0.));
#1719 = DIRECTION('',(-0.,0.,-1.));
#1720 = DIRECTION('',(-0.,-1.,0.));
#1721 = FACE_BOUND('',#1722,.F.);
#1722 = EDGE_LOOP('',(#1723));
#1723 = ORIENTED_EDGE('',*,*,#1724,.T.);
#1724 = EDGE_CURVE('',#1725,#1725,#1727,.T.);
#1725 = VERTEX_POINT('',#1726);
#1726 = CARTESIAN_POINT('',(247.41,-162.96,0.));
#1727 = CIRCLE('',#1728,0.5);
#1728 = AXIS2_PLACEMENT_3D('',#1729,#1730,#1731);
#1729 = CARTESIAN_POINT('',(247.41,-162.46,0.));
#1730 = DIRECTION('',(-0.,0.,-1.));
#1731 = DIRECTION('',(-0.,-1.,0.));
#1732 = FACE_BOUND('',#1733,.F.);
#1733 = EDGE_LOOP('',(#1734));
#1734 = ORIENTED_EDGE('',*,*,#1735,.T.);
#1735 = EDGE_CURVE('',#1736,#1736,#1738,.T.);
#1736 = VERTEX_POINT('',#1737);
#1737 = CARTESIAN_POINT('',(120.780852,-159.936713,0.));
#1738 = CIRCLE('',#1739,1.5);
#1739 = AXIS2_PLACEMENT_3D('',#1740,#1741,#1742);
#1740 = CARTESIAN_POINT('',(120.780852,-158.436713,0.));
#1741 = DIRECTION('',(-0.,0.,-1.));
#1742 = DIRECTION('',(-0.,-1.,0.));
#1743 = FACE_BOUND('',#1744,.F.);
#1744 = EDGE_LOOP('',(#1745));
#1745 = ORIENTED_EDGE('',*,*,#1746,.T.);
#1746 = EDGE_CURVE('',#1747,#1747,#1749,.T.);
#1747 = VERTEX_POINT('',#1748);
#1748 = CARTESIAN_POINT('',(115.560852,-150.082013,0.));
#1749 = CIRCLE('',#1750,0.4953);
#1750 = AXIS2_PLACEMENT_3D('',#1751,#1752,#1753);
#1751 = CARTESIAN_POINT('',(115.560852,-149.586713,0.));
#1752 = DIRECTION('',(-0.,0.,-1.));
#1753 = DIRECTION('',(-0.,-1.,0.));
#1754 = FACE_BOUND('',#1755,.F.);
#1755 = EDGE_LOOP('',(#1756));
#1756 = ORIENTED_EDGE('',*,*,#1757,.T.);
#1757 = EDGE_CURVE('',#1758,#1758,#1760,.T.);
#1758 = VERTEX_POINT('',#1759);
#1759 = CARTESIAN_POINT('',(115.280852,-146.237613,0.));
#1760 = CIRCLE('',#1761,0.8509);
#1761 = AXIS2_PLACEMENT_3D('',#1762,#1763,#1764);
#1762 = CARTESIAN_POINT('',(115.280852,-145.386713,0.));
#1763 = DIRECTION('',(-0.,0.,-1.));
#1764 = DIRECTION('',(-1.670096922694E-14,-1.,0.));
#1765 = FACE_BOUND('',#1766,.F.);
#1766 = EDGE_LOOP('',(#1767));
#1767 = ORIENTED_EDGE('',*,*,#1768,.T.);
#1768 = EDGE_CURVE('',#1769,#1769,#1771,.T.);
#1769 = VERTEX_POINT('',#1770);
#1770 = CARTESIAN_POINT('',(120.780852,-147.101213,0.));
#1771 = CIRCLE('',#1772,1.7145);
#1772 = AXIS2_PLACEMENT_3D('',#1773,#1774,#1775);
#1773 = CARTESIAN_POINT('',(120.780852,-145.386713,0.));
#1774 = DIRECTION('',(-0.,0.,-1.));
#1775 = DIRECTION('',(-0.,-1.,0.));
#1776 = FACE_BOUND('',#1777,.F.);
#1777 = EDGE_LOOP('',(#1778));
#1778 = ORIENTED_EDGE('',*,*,#1779,.T.);
#1779 = EDGE_CURVE('',#1780,#1780,#1782,.T.);
#1780 = VERTEX_POINT('',#1781);
#1781 = CARTESIAN_POINT('',(126.000852,-150.082013,0.));
#1782 = CIRCLE('',#1783,0.4953);
#1783 = AXIS2_PLACEMENT_3D('',#1784,#1785,#1786);
#1784 = CARTESIAN_POINT('',(126.000852,-149.586713,0.));
#1785 = DIRECTION('',(-0.,0.,-1.));
#1786 = DIRECTION('',(-0.,-1.,0.));
#1787 = FACE_BOUND('',#1788,.F.);
#1788 = EDGE_LOOP('',(#1789));
#1789 = ORIENTED_EDGE('',*,*,#1790,.T.);
#1790 = EDGE_CURVE('',#1791,#1791,#1793,.T.);
#1791 = VERTEX_POINT('',#1792);
#1792 = CARTESIAN_POINT('',(126.280852,-146.237613,0.));
#1793 = CIRCLE('',#1794,0.8509);
#1794 = AXIS2_PLACEMENT_3D('',#1795,#1796,#1797);
#1795 = CARTESIAN_POINT('',(126.280852,-145.386713,0.));
#1796 = DIRECTION('',(-0.,0.,-1.));
#1797 = DIRECTION('',(-1.670096922694E-14,-1.,0.));
#1798 = FACE_BOUND('',#1799,.F.);
#1799 = EDGE_LOOP('',(#1800));
#1800 = ORIENTED_EDGE('',*,*,#1801,.T.);
#1801 = EDGE_CURVE('',#1802,#1802,#1804,.T.);
#1802 = VERTEX_POINT('',#1803);
#1803 = CARTESIAN_POINT('',(139.780852,-159.936713,0.));
#1804 = CIRCLE('',#1805,1.5);
#1805 = AXIS2_PLACEMENT_3D('',#1806,#1807,#1808);
#1806 = CARTESIAN_POINT('',(139.780852,-158.436713,0.));
#1807 = DIRECTION('',(-0.,0.,-1.));
#1808 = DIRECTION('',(-0.,-1.,0.));
#1809 = FACE_BOUND('',#1810,.F.);
#1810 = EDGE_LOOP('',(#1811));
#1811 = ORIENTED_EDGE('',*,*,#1812,.T.);
#1812 = EDGE_CURVE('',#1813,#1813,#1815,.T.);
#1813 = VERTEX_POINT('',#1814);
#1814 = CARTESIAN_POINT('',(134.560852,-150.082013,0.));
#1815 = CIRCLE('',#1816,0.4953);
#1816 = AXIS2_PLACEMENT_3D('',#1817,#1818,#1819);
#1817 = CARTESIAN_POINT('',(134.560852,-149.586713,0.));
#1818 = DIRECTION('',(-0.,0.,-1.));
#1819 = DIRECTION('',(-0.,-1.,0.));
#1820 = FACE_BOUND('',#1821,.F.);
#1821 = EDGE_LOOP('',(#1822));
#1822 = ORIENTED_EDGE('',*,*,#1823,.T.);
#1823 = EDGE_CURVE('',#1824,#1824,#1826,.T.);
#1824 = VERTEX_POINT('',#1825);
#1825 = CARTESIAN_POINT('',(134.280852,-146.237613,0.));
#1826 = CIRCLE('',#1827,0.8509);
#1827 = AXIS2_PLACEMENT_3D('',#1828,#1829,#1830);
#1828 = CARTESIAN_POINT('',(134.280852,-145.386713,0.));
#1829 = DIRECTION('',(-0.,0.,-1.));
#1830 = DIRECTION('',(3.340193845388E-14,-1.,-0.));
#1831 = FACE_BOUND('',#1832,.F.);
#1832 = EDGE_LOOP('',(#1833));
#1833 = ORIENTED_EDGE('',*,*,#1834,.T.);
#1834 = EDGE_CURVE('',#1835,#1835,#1837,.T.);
#1835 = VERTEX_POINT('',#1836);
#1836 = CARTESIAN_POINT('',(139.780852,-147.101213,0.));
#1837 = CIRCLE('',#1838,1.7145);
#1838 = AXIS2_PLACEMENT_3D('',#1839,#1840,#1841);
#1839 = CARTESIAN_POINT('',(139.780852,-145.386713,0.));
#1840 = DIRECTION('',(-0.,0.,-1.));
#1841 = DIRECTION('',(1.657725834378E-14,-1.,-0.));
#1842 = FACE_BOUND('',#1843,.F.);
#1843 = EDGE_LOOP('',(#1844));
#1844 = ORIENTED_EDGE('',*,*,#1845,.T.);
#1845 = EDGE_CURVE('',#1846,#1846,#1848,.T.);
#1846 = VERTEX_POINT('',#1847);
#1847 = CARTESIAN_POINT('',(145.000852,-150.082013,0.));
#1848 = CIRCLE('',#1849,0.4953);
#1849 = AXIS2_PLACEMENT_3D('',#1850,#1851,#1852);
#1850 = CARTESIAN_POINT('',(145.000852,-149.586713,0.));
#1851 = DIRECTION('',(-0.,0.,-1.));
#1852 = DIRECTION('',(-0.,-1.,0.));
#1853 = FACE_BOUND('',#1854,.F.);
#1854 = EDGE_LOOP('',(#1855));
#1855 = ORIENTED_EDGE('',*,*,#1856,.T.);
#1856 = EDGE_CURVE('',#1857,#1857,#1859,.T.);
#1857 = VERTEX_POINT('',#1858);
#1858 = CARTESIAN_POINT('',(145.280852,-146.237613,0.));
#1859 = CIRCLE('',#1860,0.8509);
#1860 = AXIS2_PLACEMENT_3D('',#1861,#1862,#1863);
#1861 = CARTESIAN_POINT('',(145.280852,-145.386713,0.));
#1862 = DIRECTION('',(-0.,0.,-1.));
#1863 = DIRECTION('',(3.340193845388E-14,-1.,-0.));
#1864 = FACE_BOUND('',#1865,.F.);
#1865 = EDGE_LOOP('',(#1866));
#1866 = ORIENTED_EDGE('',*,*,#1867,.T.);
#1867 = EDGE_CURVE('',#1868,#1868,#1870,.T.);
#1868 = VERTEX_POINT('',#1869);
#1869 = CARTESIAN_POINT('',(115.780852,-143.136713,0.));
#1870 = CIRCLE('',#1871,1.5);
#1871 = AXIS2_PLACEMENT_3D('',#1872,#1873,#1874);
#1872 = CARTESIAN_POINT('',(115.780852,-141.636713,0.));
#1873 = DIRECTION('',(-0.,0.,-1.));
#1874 = DIRECTION('',(-0.,-1.,0.));
#1875 = FACE_BOUND('',#1876,.F.);
#1876 = EDGE_LOOP('',(#1877));
#1877 = ORIENTED_EDGE('',*,*,#1878,.T.);
#1878 = EDGE_CURVE('',#1879,#1879,#1881,.T.);
#1879 = VERTEX_POINT('',#1880);
#1880 = CARTESIAN_POINT('',(120.780852,-140.936713,0.));
#1881 = CIRCLE('',#1882,1.5);
#1882 = AXIS2_PLACEMENT_3D('',#1883,#1884,#1885);
#1883 = CARTESIAN_POINT('',(120.780852,-139.436713,0.));
#1884 = DIRECTION('',(-0.,0.,-1.));
#1885 = DIRECTION('',(-0.,-1.,0.));
#1886 = FACE_BOUND('',#1887,.F.);
#1887 = EDGE_LOOP('',(#1888));
#1888 = ORIENTED_EDGE('',*,*,#1889,.T.);
#1889 = EDGE_CURVE('',#1890,#1890,#1892,.T.);
#1890 = VERTEX_POINT('',#1891);
#1891 = CARTESIAN_POINT('',(125.780852,-143.136713,0.));
#1892 = CIRCLE('',#1893,1.5);
#1893 = AXIS2_PLACEMENT_3D('',#1894,#1895,#1896);
#1894 = CARTESIAN_POINT('',(125.780852,-141.636713,0.));
#1895 = DIRECTION('',(-0.,0.,-1.));
#1896 = DIRECTION('',(-0.,-1.,0.));
#1897 = FACE_BOUND('',#1898,.F.);
#1898 = EDGE_LOOP('',(#1899));
#1899 = ORIENTED_EDGE('',*,*,#1900,.T.);
#1900 = EDGE_CURVE('',#1901,#1901,#1903,.T.);
#1901 = VERTEX_POINT('',#1902);
#1902 = CARTESIAN_POINT('',(115.560852,-131.082013,0.));
#1903 = CIRCLE('',#1904,0.4953);
#1904 = AXIS2_PLACEMENT_3D('',#1905,#1906,#1907);
#1905 = CARTESIAN_POINT('',(115.560852,-130.586713,0.));
#1906 = DIRECTION('',(-0.,0.,-1.));
#1907 = DIRECTION('',(-0.,-1.,0.));
#1908 = FACE_BOUND('',#1909,.F.);
#1909 = EDGE_LOOP('',(#1910));
#1910 = ORIENTED_EDGE('',*,*,#1911,.T.);
#1911 = EDGE_CURVE('',#1912,#1912,#1914,.T.);
#1912 = VERTEX_POINT('',#1913);
#1913 = CARTESIAN_POINT('',(126.000852,-131.082013,0.));
#1914 = CIRCLE('',#1915,0.4953);
#1915 = AXIS2_PLACEMENT_3D('',#1916,#1917,#1918);
#1916 = CARTESIAN_POINT('',(126.000852,-130.586713,0.));
#1917 = DIRECTION('',(-0.,0.,-1.));
#1918 = DIRECTION('',(-0.,-1.,0.));
#1919 = FACE_BOUND('',#1920,.F.);
#1920 = EDGE_LOOP('',(#1921));
#1921 = ORIENTED_EDGE('',*,*,#1922,.T.);
#1922 = EDGE_CURVE('',#1923,#1923,#1925,.T.);
#1923 = VERTEX_POINT('',#1924);
#1924 = CARTESIAN_POINT('',(134.780852,-143.136713,0.));
#1925 = CIRCLE('',#1926,1.5);
#1926 = AXIS2_PLACEMENT_3D('',#1927,#1928,#1929);
#1927 = CARTESIAN_POINT('',(134.780852,-141.636713,0.));
#1928 = DIRECTION('',(-0.,0.,-1.));
#1929 = DIRECTION('',(-0.,-1.,0.));
#1930 = FACE_BOUND('',#1931,.F.);
#1931 = EDGE_LOOP('',(#1932));
#1932 = ORIENTED_EDGE('',*,*,#1933,.T.);
#1933 = EDGE_CURVE('',#1934,#1934,#1936,.T.);
#1934 = VERTEX_POINT('',#1935);
#1935 = CARTESIAN_POINT('',(139.780852,-140.936713,0.));
#1936 = CIRCLE('',#1937,1.5);
#1937 = AXIS2_PLACEMENT_3D('',#1938,#1939,#1940);
#1938 = CARTESIAN_POINT('',(139.780852,-139.436713,0.));
#1939 = DIRECTION('',(-0.,0.,-1.));
#1940 = DIRECTION('',(-0.,-1.,0.));
#1941 = FACE_BOUND('',#1942,.F.);
#1942 = EDGE_LOOP('',(#1943));
#1943 = ORIENTED_EDGE('',*,*,#1944,.T.);
#1944 = EDGE_CURVE('',#1945,#1945,#1947,.T.);
#1945 = VERTEX_POINT('',#1946);
#1946 = CARTESIAN_POINT('',(144.780852,-143.136713,0.));
#1947 = CIRCLE('',#1948,1.5);
#1948 = AXIS2_PLACEMENT_3D('',#1949,#1950,#1951);
#1949 = CARTESIAN_POINT('',(144.780852,-141.636713,0.));
#1950 = DIRECTION('',(-0.,0.,-1.));
#1951 = DIRECTION('',(-0.,-1.,0.));
#1952 = FACE_BOUND('',#1953,.F.);
#1953 = EDGE_LOOP('',(#1954));
#1954 = ORIENTED_EDGE('',*,*,#1955,.T.);
#1955 = EDGE_CURVE('',#1956,#1956,#1958,.T.);
#1956 = VERTEX_POINT('',#1957);
#1957 = CARTESIAN_POINT('',(134.560852,-131.082013,0.));
#1958 = CIRCLE('',#1959,0.4953);
#1959 = AXIS2_PLACEMENT_3D('',#1960,#1961,#1962);
#1960 = CARTESIAN_POINT('',(134.560852,-130.586713,0.));
#1961 = DIRECTION('',(-0.,0.,-1.));
#1962 = DIRECTION('',(-0.,-1.,0.));
#1963 = FACE_BOUND('',#1964,.F.);
#1964 = EDGE_LOOP('',(#1965));
#1965 = ORIENTED_EDGE('',*,*,#1966,.T.);
#1966 = EDGE_CURVE('',#1967,#1967,#1969,.T.);
#1967 = VERTEX_POINT('',#1968);
#1968 = CARTESIAN_POINT('',(145.000852,-131.082013,0.));
#1969 = CIRCLE('',#1970,0.4953);
#1970 = AXIS2_PLACEMENT_3D('',#1971,#1972,#1973);
#1971 = CARTESIAN_POINT('',(145.000852,-130.586713,0.));
#1972 = DIRECTION('',(-0.,0.,-1.));
#1973 = DIRECTION('',(-0.,-1.,0.));
#1974 = FACE_BOUND('',#1975,.F.);
#1975 = EDGE_LOOP('',(#1976));
#1976 = ORIENTED_EDGE('',*,*,#1977,.T.);
#1977 = EDGE_CURVE('',#1978,#1978,#1980,.T.);
#1978 = VERTEX_POINT('',#1979);
#1979 = CARTESIAN_POINT('',(153.560852,-157.082013,0.));
#1980 = CIRCLE('',#1981,0.4953);
#1981 = AXIS2_PLACEMENT_3D('',#1982,#1983,#1984);
#1982 = CARTESIAN_POINT('',(153.560852,-156.586713,0.));
#1983 = DIRECTION('',(-0.,0.,-1.));
#1984 = DIRECTION('',(-0.,-1.,0.));
#1985 = FACE_BOUND('',#1986,.F.);
#1986 = EDGE_LOOP('',(#1987));
#1987 = ORIENTED_EDGE('',*,*,#1988,.T.);
#1988 = EDGE_CURVE('',#1989,#1989,#1991,.T.);
#1989 = VERTEX_POINT('',#1990);
#1990 = CARTESIAN_POINT('',(153.280852,-153.237613,0.));
#1991 = CIRCLE('',#1992,0.8509);
#1992 = AXIS2_PLACEMENT_3D('',#1993,#1994,#1995);
#1993 = CARTESIAN_POINT('',(153.280852,-152.386713,0.));
#1994 = DIRECTION('',(-0.,0.,-1.));
#1995 = DIRECTION('',(3.340193845388E-14,-1.,-0.));
#1996 = FACE_BOUND('',#1997,.F.);
#1997 = EDGE_LOOP('',(#1998));
#1998 = ORIENTED_EDGE('',*,*,#1999,.T.);
#1999 = EDGE_CURVE('',#2000,#2000,#2002,.T.);
#2000 = VERTEX_POINT('',#2001);
#2001 = CARTESIAN_POINT('',(164.000852,-157.082013,0.));
#2002 = CIRCLE('',#2003,0.4953);
#2003 = AXIS2_PLACEMENT_3D('',#2004,#2005,#2006);
#2004 = CARTESIAN_POINT('',(164.000852,-156.586713,0.));
#2005 = DIRECTION('',(-0.,0.,-1.));
#2006 = DIRECTION('',(-0.,-1.,0.));
#2007 = FACE_BOUND('',#2008,.F.);
#2008 = EDGE_LOOP('',(#2009));
#2009 = ORIENTED_EDGE('',*,*,#2010,.T.);
#2010 = EDGE_CURVE('',#2011,#2011,#2013,.T.);
#2011 = VERTEX_POINT('',#2012);
#2012 = CARTESIAN_POINT('',(158.780852,-154.101213,0.));
#2013 = CIRCLE('',#2014,1.7145);
#2014 = AXIS2_PLACEMENT_3D('',#2015,#2016,#2017);
#2015 = CARTESIAN_POINT('',(158.780852,-152.386713,0.));
#2016 = DIRECTION('',(-0.,0.,-1.));
#2017 = DIRECTION('',(1.657725834378E-14,-1.,-0.));
#2018 = FACE_BOUND('',#2019,.F.);
#2019 = EDGE_LOOP('',(#2020));
#2020 = ORIENTED_EDGE('',*,*,#2021,.T.);
#2021 = EDGE_CURVE('',#2022,#2022,#2024,.T.);
#2022 = VERTEX_POINT('',#2023);
#2023 = CARTESIAN_POINT('',(164.280852,-153.237613,0.));
#2024 = CIRCLE('',#2025,0.8509);
#2025 = AXIS2_PLACEMENT_3D('',#2026,#2027,#2028);
#2026 = CARTESIAN_POINT('',(164.280852,-152.386713,0.));
#2027 = DIRECTION('',(-0.,0.,-1.));
#2028 = DIRECTION('',(3.340193845388E-14,-1.,-0.));
#2029 = FACE_BOUND('',#2030,.F.);
#2030 = EDGE_LOOP('',(#2031));
#2031 = ORIENTED_EDGE('',*,*,#2032,.T.);
#2032 = EDGE_CURVE('',#2033,#2033,#2035,.T.);
#2033 = VERTEX_POINT('',#2034);
#2034 = CARTESIAN_POINT('',(153.780852,-150.136713,0.));
#2035 = CIRCLE('',#2036,1.5);
#2036 = AXIS2_PLACEMENT_3D('',#2037,#2038,#2039);
#2037 = CARTESIAN_POINT('',(153.780852,-148.636713,0.));
#2038 = DIRECTION('',(-0.,0.,-1.));
#2039 = DIRECTION('',(-0.,-1.,0.));
#2040 = FACE_BOUND('',#2041,.F.);
#2041 = EDGE_LOOP('',(#2042));
#2042 = ORIENTED_EDGE('',*,*,#2043,.T.);
#2043 = EDGE_CURVE('',#2044,#2044,#2046,.T.);
#2044 = VERTEX_POINT('',#2045);
#2045 = CARTESIAN_POINT('',(163.780852,-150.136713,0.));
#2046 = CIRCLE('',#2047,1.5);
#2047 = AXIS2_PLACEMENT_3D('',#2048,#2049,#2050);
#2048 = CARTESIAN_POINT('',(163.780852,-148.636713,0.));
#2049 = DIRECTION('',(-0.,0.,-1.));
#2050 = DIRECTION('',(-0.,-1.,0.));
#2051 = FACE_BOUND('',#2052,.F.);
#2052 = EDGE_LOOP('',(#2053));
#2053 = ORIENTED_EDGE('',*,*,#2054,.T.);
#2054 = EDGE_CURVE('',#2055,#2055,#2057,.T.);
#2055 = VERTEX_POINT('',#2056);
#2056 = CARTESIAN_POINT('',(158.780852,-147.936713,0.));
#2057 = CIRCLE('',#2058,1.5);
#2058 = AXIS2_PLACEMENT_3D('',#2059,#2060,#2061);
#2059 = CARTESIAN_POINT('',(158.780852,-146.436713,0.));
#2060 = DIRECTION('',(-0.,0.,-1.));
#2061 = DIRECTION('',(-0.,-1.,0.));
#2062 = FACE_BOUND('',#2063,.F.);
#2063 = EDGE_LOOP('',(#2064));
#2064 = ORIENTED_EDGE('',*,*,#2065,.T.);
#2065 = EDGE_CURVE('',#2066,#2066,#2068,.T.);
#2066 = VERTEX_POINT('',#2067);
#2067 = CARTESIAN_POINT('',(172.560852,-152.082013,0.));
#2068 = CIRCLE('',#2069,0.4953);
#2069 = AXIS2_PLACEMENT_3D('',#2070,#2071,#2072);
#2070 = CARTESIAN_POINT('',(172.560852,-151.586713,0.));
#2071 = DIRECTION('',(-0.,0.,-1.));
#2072 = DIRECTION('',(-0.,-1.,0.));
#2073 = FACE_BOUND('',#2074,.F.);
#2074 = EDGE_LOOP('',(#2075));
#2075 = ORIENTED_EDGE('',*,*,#2076,.T.);
#2076 = EDGE_CURVE('',#2077,#2077,#2079,.T.);
#2077 = VERTEX_POINT('',#2078);
#2078 = CARTESIAN_POINT('',(172.280852,-148.237613,0.));
#2079 = CIRCLE('',#2080,0.8509);
#2080 = AXIS2_PLACEMENT_3D('',#2081,#2082,#2083);
#2081 = CARTESIAN_POINT('',(172.280852,-147.386713,0.));
#2082 = DIRECTION('',(-0.,0.,-1.));
#2083 = DIRECTION('',(3.340193845388E-14,-1.,-0.));
#2084 = FACE_BOUND('',#2085,.F.);
#2085 = EDGE_LOOP('',(#2086));
#2086 = ORIENTED_EDGE('',*,*,#2087,.T.);
#2087 = EDGE_CURVE('',#2088,#2088,#2090,.T.);
#2088 = VERTEX_POINT('',#2089);
#2089 = CARTESIAN_POINT('',(177.780852,-149.101213,0.));
#2090 = CIRCLE('',#2091,1.7145);
#2091 = AXIS2_PLACEMENT_3D('',#2092,#2093,#2094);
#2092 = CARTESIAN_POINT('',(177.780852,-147.386713,0.));
#2093 = DIRECTION('',(-0.,0.,-1.));
#2094 = DIRECTION('',(1.657725834378E-14,-1.,-0.));
#2095 = FACE_BOUND('',#2096,.F.);
#2096 = EDGE_LOOP('',(#2097));
#2097 = ORIENTED_EDGE('',*,*,#2098,.T.);
#2098 = EDGE_CURVE('',#2099,#2099,#2101,.T.);
#2099 = VERTEX_POINT('',#2100);
#2100 = CARTESIAN_POINT('',(153.560852,-138.082013,0.));
#2101 = CIRCLE('',#2102,0.4953);
#2102 = AXIS2_PLACEMENT_3D('',#2103,#2104,#2105);
#2103 = CARTESIAN_POINT('',(153.560852,-137.586713,0.));
#2104 = DIRECTION('',(-0.,0.,-1.));
#2105 = DIRECTION('',(-0.,-1.,0.));
#2106 = FACE_BOUND('',#2107,.F.);
#2107 = EDGE_LOOP('',(#2108));
#2108 = ORIENTED_EDGE('',*,*,#2109,.T.);
#2109 = EDGE_CURVE('',#2110,#2110,#2112,.T.);
#2110 = VERTEX_POINT('',#2111);
#2111 = CARTESIAN_POINT('',(153.280852,-134.237613,0.));
#2112 = CIRCLE('',#2113,0.8509);
#2113 = AXIS2_PLACEMENT_3D('',#2114,#2115,#2116);
#2114 = CARTESIAN_POINT('',(153.280852,-133.386713,0.));
#2115 = DIRECTION('',(-0.,0.,-1.));
#2116 = DIRECTION('',(3.340193845388E-14,-1.,-0.));
#2117 = FACE_BOUND('',#2118,.F.);
#2118 = EDGE_LOOP('',(#2119));
#2119 = ORIENTED_EDGE('',*,*,#2120,.T.);
#2120 = EDGE_CURVE('',#2121,#2121,#2123,.T.);
#2121 = VERTEX_POINT('',#2122);
#2122 = CARTESIAN_POINT('',(164.000852,-138.082013,0.));
#2123 = CIRCLE('',#2124,0.4953);
#2124 = AXIS2_PLACEMENT_3D('',#2125,#2126,#2127);
#2125 = CARTESIAN_POINT('',(164.000852,-137.586713,0.));
#2126 = DIRECTION('',(-0.,0.,-1.));
#2127 = DIRECTION('',(-0.,-1.,0.));
#2128 = FACE_BOUND('',#2129,.F.);
#2129 = EDGE_LOOP('',(#2130));
#2130 = ORIENTED_EDGE('',*,*,#2131,.T.);
#2131 = EDGE_CURVE('',#2132,#2132,#2134,.T.);
#2132 = VERTEX_POINT('',#2133);
#2133 = CARTESIAN_POINT('',(158.780852,-135.101213,0.));
#2134 = CIRCLE('',#2135,1.7145);
#2135 = AXIS2_PLACEMENT_3D('',#2136,#2137,#2138);
#2136 = CARTESIAN_POINT('',(158.780852,-133.386713,0.));
#2137 = DIRECTION('',(-0.,0.,-1.));
#2138 = DIRECTION('',(1.657725834378E-14,-1.,-0.));
#2139 = FACE_BOUND('',#2140,.F.);
#2140 = EDGE_LOOP('',(#2141));
#2141 = ORIENTED_EDGE('',*,*,#2142,.T.);
#2142 = EDGE_CURVE('',#2143,#2143,#2145,.T.);
#2143 = VERTEX_POINT('',#2144);
#2144 = CARTESIAN_POINT('',(164.280852,-134.237613,0.));
#2145 = CIRCLE('',#2146,0.8509);
#2146 = AXIS2_PLACEMENT_3D('',#2147,#2148,#2149);
#2147 = CARTESIAN_POINT('',(164.280852,-133.386713,0.));
#2148 = DIRECTION('',(-0.,0.,-1.));
#2149 = DIRECTION('',(3.340193845388E-14,-1.,-0.));
#2150 = FACE_BOUND('',#2151,.F.);
#2151 = EDGE_LOOP('',(#2152));
#2152 = ORIENTED_EDGE('',*,*,#2153,.T.);
#2153 = EDGE_CURVE('',#2154,#2154,#2156,.T.);
#2154 = VERTEX_POINT('',#2155);
#2155 = CARTESIAN_POINT('',(172.780852,-145.136713,0.));
#2156 = CIRCLE('',#2157,1.5);
#2157 = AXIS2_PLACEMENT_3D('',#2158,#2159,#2160);
#2158 = CARTESIAN_POINT('',(172.780852,-143.636713,0.));
#2159 = DIRECTION('',(-0.,0.,-1.));
#2160 = DIRECTION('',(-0.,-1.,0.));
#2161 = FACE_BOUND('',#2162,.F.);
#2162 = EDGE_LOOP('',(#2163));
#2163 = ORIENTED_EDGE('',*,*,#2164,.T.);
#2164 = EDGE_CURVE('',#2165,#2165,#2167,.T.);
#2165 = VERTEX_POINT('',#2166);
#2166 = CARTESIAN_POINT('',(177.780852,-142.936713,0.));
#2167 = CIRCLE('',#2168,1.5);
#2168 = AXIS2_PLACEMENT_3D('',#2169,#2170,#2171);
#2169 = CARTESIAN_POINT('',(177.780852,-141.436713,0.));
#2170 = DIRECTION('',(-0.,0.,-1.));
#2171 = DIRECTION('',(-0.,-1.,0.));
#2172 = FACE_BOUND('',#2173,.F.);
#2173 = EDGE_LOOP('',(#2174));
#2174 = ORIENTED_EDGE('',*,*,#2175,.T.);
#2175 = EDGE_CURVE('',#2176,#2176,#2178,.T.);
#2176 = VERTEX_POINT('',#2177);
#2177 = CARTESIAN_POINT('',(182.780852,-145.136713,0.));
#2178 = CIRCLE('',#2179,1.5);
#2179 = AXIS2_PLACEMENT_3D('',#2180,#2181,#2182);
#2180 = CARTESIAN_POINT('',(182.780852,-143.636713,0.));
#2181 = DIRECTION('',(-0.,0.,-1.));
#2182 = DIRECTION('',(-0.,-1.,0.));
#2183 = FACE_BOUND('',#2184,.F.);
#2184 = EDGE_LOOP('',(#2185));
#2185 = ORIENTED_EDGE('',*,*,#2186,.T.);
#2186 = EDGE_CURVE('',#2187,#2187,#2189,.T.);
#2187 = VERTEX_POINT('',#2188);
#2188 = CARTESIAN_POINT('',(172.560852,-133.082013,0.));
#2189 = CIRCLE('',#2190,0.4953);
#2190 = AXIS2_PLACEMENT_3D('',#2191,#2192,#2193);
#2191 = CARTESIAN_POINT('',(172.560852,-132.586713,0.));
#2192 = DIRECTION('',(-0.,0.,-1.));
#2193 = DIRECTION('',(-0.,-1.,0.));
#2194 = FACE_BOUND('',#2195,.F.);
#2195 = EDGE_LOOP('',(#2196));
#2196 = ORIENTED_EDGE('',*,*,#2197,.T.);
#2197 = EDGE_CURVE('',#2198,#2198,#2200,.T.);
#2198 = VERTEX_POINT('',#2199);
#2199 = CARTESIAN_POINT('',(115.280852,-127.237613,0.));
#2200 = CIRCLE('',#2201,0.8509);
#2201 = AXIS2_PLACEMENT_3D('',#2202,#2203,#2204);
#2202 = CARTESIAN_POINT('',(115.280852,-126.386713,0.));
#2203 = DIRECTION('',(-0.,0.,-1.));
#2204 = DIRECTION('',(-1.670096922694E-14,-1.,0.));
#2205 = FACE_BOUND('',#2206,.F.);
#2206 = EDGE_LOOP('',(#2207));
#2207 = ORIENTED_EDGE('',*,*,#2208,.T.);
#2208 = EDGE_CURVE('',#2209,#2209,#2211,.T.);
#2209 = VERTEX_POINT('',#2210);
#2210 = CARTESIAN_POINT('',(120.780852,-128.101213,0.));
#2211 = CIRCLE('',#2212,1.7145);
#2212 = AXIS2_PLACEMENT_3D('',#2213,#2214,#2215);
#2213 = CARTESIAN_POINT('',(120.780852,-126.386713,0.));
#2214 = DIRECTION('',(-0.,0.,-1.));
#2215 = DIRECTION('',(-0.,-1.,0.));
#2216 = FACE_BOUND('',#2217,.F.);
#2217 = EDGE_LOOP('',(#2218));
#2218 = ORIENTED_EDGE('',*,*,#2219,.T.);
#2219 = EDGE_CURVE('',#2220,#2220,#2222,.T.);
#2220 = VERTEX_POINT('',#2221);
#2221 = CARTESIAN_POINT('',(126.280852,-127.237613,0.));
#2222 = CIRCLE('',#2223,0.8509);
#2223 = AXIS2_PLACEMENT_3D('',#2224,#2225,#2226);
#2224 = CARTESIAN_POINT('',(126.280852,-126.386713,0.));
#2225 = DIRECTION('',(-0.,0.,-1.));
#2226 = DIRECTION('',(-1.670096922694E-14,-1.,0.));
#2227 = FACE_BOUND('',#2228,.F.);
#2228 = EDGE_LOOP('',(#2229));
#2229 = ORIENTED_EDGE('',*,*,#2230,.T.);
#2230 = EDGE_CURVE('',#2231,#2231,#2233,.T.);
#2231 = VERTEX_POINT('',#2232);
#2232 = CARTESIAN_POINT('',(115.780852,-124.136713,0.));
#2233 = CIRCLE('',#2234,1.5);
#2234 = AXIS2_PLACEMENT_3D('',#2235,#2236,#2237);
#2235 = CARTESIAN_POINT('',(115.780852,-122.636713,0.));
#2236 = DIRECTION('',(-0.,0.,-1.));
#2237 = DIRECTION('',(-0.,-1.,0.));
#2238 = FACE_BOUND('',#2239,.F.);
#2239 = EDGE_LOOP('',(#2240));
#2240 = ORIENTED_EDGE('',*,*,#2241,.T.);
#2241 = EDGE_CURVE('',#2242,#2242,#2244,.T.);
#2242 = VERTEX_POINT('',#2243);
#2243 = CARTESIAN_POINT('',(120.780852,-121.936713,0.));
#2244 = CIRCLE('',#2245,1.5);
#2245 = AXIS2_PLACEMENT_3D('',#2246,#2247,#2248);
#2246 = CARTESIAN_POINT('',(120.780852,-120.436713,0.));
#2247 = DIRECTION('',(-0.,0.,-1.));
#2248 = DIRECTION('',(-0.,-1.,0.));
#2249 = FACE_BOUND('',#2250,.F.);
#2250 = EDGE_LOOP('',(#2251));
#2251 = ORIENTED_EDGE('',*,*,#2252,.T.);
#2252 = EDGE_CURVE('',#2253,#2253,#2255,.T.);
#2253 = VERTEX_POINT('',#2254);
#2254 = CARTESIAN_POINT('',(125.780852,-124.136713,0.));
#2255 = CIRCLE('',#2256,1.5);
#2256 = AXIS2_PLACEMENT_3D('',#2257,#2258,#2259);
#2257 = CARTESIAN_POINT('',(125.780852,-122.636713,0.));
#2258 = DIRECTION('',(-0.,0.,-1.));
#2259 = DIRECTION('',(-0.,-1.,0.));
#2260 = FACE_BOUND('',#2261,.F.);
#2261 = EDGE_LOOP('',(#2262));
#2262 = ORIENTED_EDGE('',*,*,#2263,.T.);
#2263 = EDGE_CURVE('',#2264,#2264,#2266,.T.);
#2264 = VERTEX_POINT('',#2265);
#2265 = CARTESIAN_POINT('',(134.280852,-127.237613,0.));
#2266 = CIRCLE('',#2267,0.8509);
#2267 = AXIS2_PLACEMENT_3D('',#2268,#2269,#2270);
#2268 = CARTESIAN_POINT('',(134.280852,-126.386713,0.));
#2269 = DIRECTION('',(-0.,0.,-1.));
#2270 = DIRECTION('',(3.340193845388E-14,-1.,-0.));
#2271 = FACE_BOUND('',#2272,.F.);
#2272 = EDGE_LOOP('',(#2273));
#2273 = ORIENTED_EDGE('',*,*,#2274,.T.);
#2274 = EDGE_CURVE('',#2275,#2275,#2277,.T.);
#2275 = VERTEX_POINT('',#2276);
#2276 = CARTESIAN_POINT('',(139.780852,-128.101213,0.));
#2277 = CIRCLE('',#2278,1.7145);
#2278 = AXIS2_PLACEMENT_3D('',#2279,#2280,#2281);
#2279 = CARTESIAN_POINT('',(139.780852,-126.386713,0.));
#2280 = DIRECTION('',(-0.,0.,-1.));
#2281 = DIRECTION('',(1.657725834378E-14,-1.,-0.));
#2282 = FACE_BOUND('',#2283,.F.);
#2283 = EDGE_LOOP('',(#2284));
#2284 = ORIENTED_EDGE('',*,*,#2285,.T.);
#2285 = EDGE_CURVE('',#2286,#2286,#2288,.T.);
#2286 = VERTEX_POINT('',#2287);
#2287 = CARTESIAN_POINT('',(145.280852,-127.237613,0.));
#2288 = CIRCLE('',#2289,0.8509);
#2289 = AXIS2_PLACEMENT_3D('',#2290,#2291,#2292);
#2290 = CARTESIAN_POINT('',(145.280852,-126.386713,0.));
#2291 = DIRECTION('',(-0.,0.,-1.));
#2292 = DIRECTION('',(3.340193845388E-14,-1.,-0.));
#2293 = FACE_BOUND('',#2294,.F.);
#2294 = EDGE_LOOP('',(#2295));
#2295 = ORIENTED_EDGE('',*,*,#2296,.T.);
#2296 = EDGE_CURVE('',#2297,#2297,#2299,.T.);
#2297 = VERTEX_POINT('',#2298);
#2298 = CARTESIAN_POINT('',(134.780852,-124.136713,0.));
#2299 = CIRCLE('',#2300,1.5);
#2300 = AXIS2_PLACEMENT_3D('',#2301,#2302,#2303);
#2301 = CARTESIAN_POINT('',(134.780852,-122.636713,0.));
#2302 = DIRECTION('',(-0.,0.,-1.));
#2303 = DIRECTION('',(-0.,-1.,0.));
#2304 = FACE_BOUND('',#2305,.F.);
#2305 = EDGE_LOOP('',(#2306));
#2306 = ORIENTED_EDGE('',*,*,#2307,.T.);
#2307 = EDGE_CURVE('',#2308,#2308,#2310,.T.);
#2308 = VERTEX_POINT('',#2309);
#2309 = CARTESIAN_POINT('',(139.780852,-121.936713,0.));
#2310 = CIRCLE('',#2311,1.5);
#2311 = AXIS2_PLACEMENT_3D('',#2312,#2313,#2314);
#2312 = CARTESIAN_POINT('',(139.780852,-120.436713,0.));
#2313 = DIRECTION('',(-0.,0.,-1.));
#2314 = DIRECTION('',(-0.,-1.,0.));
#2315 = FACE_BOUND('',#2316,.F.);
#2316 = EDGE_LOOP('',(#2317));
#2317 = ORIENTED_EDGE('',*,*,#2318,.T.);
#2318 = EDGE_CURVE('',#2319,#2319,#2321,.T.);
#2319 = VERTEX_POINT('',#2320);
#2320 = CARTESIAN_POINT('',(144.780852,-124.136713,0.));
#2321 = CIRCLE('',#2322,1.5);
#2322 = AXIS2_PLACEMENT_3D('',#2323,#2324,#2325);
#2323 = CARTESIAN_POINT('',(144.780852,-122.636713,0.));
#2324 = DIRECTION('',(-0.,0.,-1.));
#2325 = DIRECTION('',(-0.,-1.,0.));
#2326 = FACE_BOUND('',#2327,.F.);
#2327 = EDGE_LOOP('',(#2328));
#2328 = ORIENTED_EDGE('',*,*,#2329,.T.);
#2329 = EDGE_CURVE('',#2330,#2330,#2332,.T.);
#2330 = VERTEX_POINT('',#2331);
#2331 = CARTESIAN_POINT('',(153.780852,-131.136713,0.));
#2332 = CIRCLE('',#2333,1.5);
#2333 = AXIS2_PLACEMENT_3D('',#2334,#2335,#2336);
#2334 = CARTESIAN_POINT('',(153.780852,-129.636713,0.));
#2335 = DIRECTION('',(-0.,0.,-1.));
#2336 = DIRECTION('',(-0.,-1.,0.));
#2337 = FACE_BOUND('',#2338,.F.);
#2338 = EDGE_LOOP('',(#2339));
#2339 = ORIENTED_EDGE('',*,*,#2340,.T.);
#2340 = EDGE_CURVE('',#2341,#2341,#2343,.T.);
#2341 = VERTEX_POINT('',#2342);
#2342 = CARTESIAN_POINT('',(158.780852,-128.936713,0.));
#2343 = CIRCLE('',#2344,1.5);
#2344 = AXIS2_PLACEMENT_3D('',#2345,#2346,#2347);
#2345 = CARTESIAN_POINT('',(158.780852,-127.436713,0.));
#2346 = DIRECTION('',(-0.,0.,-1.));
#2347 = DIRECTION('',(-0.,-1.,0.));
#2348 = FACE_BOUND('',#2349,.F.);
#2349 = EDGE_LOOP('',(#2350));
#2350 = ORIENTED_EDGE('',*,*,#2351,.T.);
#2351 = EDGE_CURVE('',#2352,#2352,#2354,.T.);
#2352 = VERTEX_POINT('',#2353);
#2353 = CARTESIAN_POINT('',(163.780852,-131.136713,0.));
#2354 = CIRCLE('',#2355,1.5);
#2355 = AXIS2_PLACEMENT_3D('',#2356,#2357,#2358);
#2356 = CARTESIAN_POINT('',(163.780852,-129.636713,0.));
#2357 = DIRECTION('',(-0.,0.,-1.));
#2358 = DIRECTION('',(-0.,-1.,0.));
#2359 = FACE_BOUND('',#2360,.F.);
#2360 = EDGE_LOOP('',(#2361));
#2361 = ORIENTED_EDGE('',*,*,#2362,.T.);
#2362 = EDGE_CURVE('',#2363,#2363,#2365,.T.);
#2363 = VERTEX_POINT('',#2364);
#2364 = CARTESIAN_POINT('',(153.560852,-119.082013,0.));
#2365 = CIRCLE('',#2366,0.4953);
#2366 = AXIS2_PLACEMENT_3D('',#2367,#2368,#2369);
#2367 = CARTESIAN_POINT('',(153.560852,-118.586713,0.));
#2368 = DIRECTION('',(-0.,0.,-1.));
#2369 = DIRECTION('',(-0.,-1.,0.));
#2370 = FACE_BOUND('',#2371,.F.);
#2371 = EDGE_LOOP('',(#2372));
#2372 = ORIENTED_EDGE('',*,*,#2373,.T.);
#2373 = EDGE_CURVE('',#2374,#2374,#2376,.T.);
#2374 = VERTEX_POINT('',#2375);
#2375 = CARTESIAN_POINT('',(164.000852,-119.082013,0.));
#2376 = CIRCLE('',#2377,0.4953);
#2377 = AXIS2_PLACEMENT_3D('',#2378,#2379,#2380);
#2378 = CARTESIAN_POINT('',(164.000852,-118.586713,0.));
#2379 = DIRECTION('',(-0.,0.,-1.));
#2380 = DIRECTION('',(-0.,-1.,0.));
#2381 = FACE_BOUND('',#2382,.F.);
#2382 = EDGE_LOOP('',(#2383));
#2383 = ORIENTED_EDGE('',*,*,#2384,.T.);
#2384 = EDGE_CURVE('',#2385,#2385,#2387,.T.);
#2385 = VERTEX_POINT('',#2386);
#2386 = CARTESIAN_POINT('',(172.280852,-129.237613,0.));
#2387 = CIRCLE('',#2388,0.8509);
#2388 = AXIS2_PLACEMENT_3D('',#2389,#2390,#2391);
#2389 = CARTESIAN_POINT('',(172.280852,-128.386713,0.));
#2390 = DIRECTION('',(-0.,0.,-1.));
#2391 = DIRECTION('',(3.340193845388E-14,-1.,-0.));
#2392 = FACE_BOUND('',#2393,.F.);
#2393 = EDGE_LOOP('',(#2394));
#2394 = ORIENTED_EDGE('',*,*,#2395,.T.);
#2395 = EDGE_CURVE('',#2396,#2396,#2398,.T.);
#2396 = VERTEX_POINT('',#2397);
#2397 = CARTESIAN_POINT('',(172.780852,-126.136713,0.));
#2398 = CIRCLE('',#2399,1.5);
#2399 = AXIS2_PLACEMENT_3D('',#2400,#2401,#2402);
#2400 = CARTESIAN_POINT('',(172.780852,-124.636713,0.));
#2401 = DIRECTION('',(-0.,0.,-1.));
#2402 = DIRECTION('',(-0.,-1.,0.));
#2403 = FACE_BOUND('',#2404,.F.);
#2404 = EDGE_LOOP('',(#2405));
#2405 = ORIENTED_EDGE('',*,*,#2406,.T.);
#2406 = EDGE_CURVE('',#2407,#2407,#2409,.T.);
#2407 = VERTEX_POINT('',#2408);
#2408 = CARTESIAN_POINT('',(177.780852,-130.101213,0.));
#2409 = CIRCLE('',#2410,1.7145);
#2410 = AXIS2_PLACEMENT_3D('',#2411,#2412,#2413);
#2411 = CARTESIAN_POINT('',(177.780852,-128.386713,0.));
#2412 = DIRECTION('',(-0.,0.,-1.));
#2413 = DIRECTION('',(1.657725834378E-14,-1.,-0.));
#2414 = FACE_BOUND('',#2415,.F.);
#2415 = EDGE_LOOP('',(#2416));
#2416 = ORIENTED_EDGE('',*,*,#2417,.T.);
#2417 = EDGE_CURVE('',#2418,#2418,#2420,.T.);
#2418 = VERTEX_POINT('',#2419);
#2419 = CARTESIAN_POINT('',(182.780852,-126.136713,0.));
#2420 = CIRCLE('',#2421,1.5);
#2421 = AXIS2_PLACEMENT_3D('',#2422,#2423,#2424);
#2422 = CARTESIAN_POINT('',(182.780852,-124.636713,0.));
#2423 = DIRECTION('',(-0.,0.,-1.));
#2424 = DIRECTION('',(-0.,-1.,0.));
#2425 = FACE_BOUND('',#2426,.F.);
#2426 = EDGE_LOOP('',(#2427));
#2427 = ORIENTED_EDGE('',*,*,#2428,.T.);
#2428 = EDGE_CURVE('',#2429,#2429,#2431,.T.);
#2429 = VERTEX_POINT('',#2430);
#2430 = CARTESIAN_POINT('',(177.780852,-123.936713,0.));
#2431 = CIRCLE('',#2432,1.5);
#2432 = AXIS2_PLACEMENT_3D('',#2433,#2434,#2435);
#2433 = CARTESIAN_POINT('',(177.780852,-122.436713,0.));
#2434 = DIRECTION('',(-0.,0.,-1.));
#2435 = DIRECTION('',(-0.,-1.,0.));
#2436 = FACE_BOUND('',#2437,.F.);
#2437 = EDGE_LOOP('',(#2438));
#2438 = ORIENTED_EDGE('',*,*,#2439,.T.);
#2439 = EDGE_CURVE('',#2440,#2440,#2442,.T.);
#2440 = VERTEX_POINT('',#2441);
#2441 = CARTESIAN_POINT('',(153.280852,-115.237613,0.));
#2442 = CIRCLE('',#2443,0.8509);
#2443 = AXIS2_PLACEMENT_3D('',#2444,#2445,#2446);
#2444 = CARTESIAN_POINT('',(153.280852,-114.386713,0.));
#2445 = DIRECTION('',(-0.,0.,-1.));
#2446 = DIRECTION('',(3.340193845388E-14,-1.,-0.));
#2447 = FACE_BOUND('',#2448,.F.);
#2448 = EDGE_LOOP('',(#2449));
#2449 = ORIENTED_EDGE('',*,*,#2450,.T.);
#2450 = EDGE_CURVE('',#2451,#2451,#2453,.T.);
#2451 = VERTEX_POINT('',#2452);
#2452 = CARTESIAN_POINT('',(153.780852,-112.136713,0.));
#2453 = CIRCLE('',#2454,1.5);
#2454 = AXIS2_PLACEMENT_3D('',#2455,#2456,#2457);
#2455 = CARTESIAN_POINT('',(153.780852,-110.636713,0.));
#2456 = DIRECTION('',(-0.,0.,-1.));
#2457 = DIRECTION('',(-0.,-1.,0.));
#2458 = FACE_BOUND('',#2459,.F.);
#2459 = EDGE_LOOP('',(#2460));
#2460 = ORIENTED_EDGE('',*,*,#2461,.T.);
#2461 = EDGE_CURVE('',#2462,#2462,#2464,.T.);
#2462 = VERTEX_POINT('',#2463);
#2463 = CARTESIAN_POINT('',(158.780852,-116.101213,0.));
#2464 = CIRCLE('',#2465,1.7145);
#2465 = AXIS2_PLACEMENT_3D('',#2466,#2467,#2468);
#2466 = CARTESIAN_POINT('',(158.780852,-114.386713,0.));
#2467 = DIRECTION('',(-0.,0.,-1.));
#2468 = DIRECTION('',(1.657725834378E-14,-1.,-0.));
#2469 = FACE_BOUND('',#2470,.F.);
#2470 = EDGE_LOOP('',(#2471));
#2471 = ORIENTED_EDGE('',*,*,#2472,.T.);
#2472 = EDGE_CURVE('',#2473,#2473,#2475,.T.);
#2473 = VERTEX_POINT('',#2474);
#2474 = CARTESIAN_POINT('',(164.280852,-115.237613,0.));
#2475 = CIRCLE('',#2476,0.8509);
#2476 = AXIS2_PLACEMENT_3D('',#2477,#2478,#2479);
#2477 = CARTESIAN_POINT('',(164.280852,-114.386713,0.));
#2478 = DIRECTION('',(-0.,0.,-1.));
#2479 = DIRECTION('',(3.340193845388E-14,-1.,-0.));
#2480 = FACE_BOUND('',#2481,.F.);
#2481 = EDGE_LOOP('',(#2482));
#2482 = ORIENTED_EDGE('',*,*,#2483,.T.);
#2483 = EDGE_CURVE('',#2484,#2484,#2486,.T.);
#2484 = VERTEX_POINT('',#2485);
#2485 = CARTESIAN_POINT('',(163.780852,-112.136713,0.));
#2486 = CIRCLE('',#2487,1.5);
#2487 = AXIS2_PLACEMENT_3D('',#2488,#2489,#2490);
#2488 = CARTESIAN_POINT('',(163.780852,-110.636713,0.));
#2489 = DIRECTION('',(-0.,0.,-1.));
#2490 = DIRECTION('',(-0.,-1.,0.));
#2491 = FACE_BOUND('',#2492,.F.);
#2492 = EDGE_LOOP('',(#2493));
#2493 = ORIENTED_EDGE('',*,*,#2494,.T.);
#2494 = EDGE_CURVE('',#2495,#2495,#2497,.T.);
#2495 = VERTEX_POINT('',#2496);
#2496 = CARTESIAN_POINT('',(158.780852,-109.936713,0.));
#2497 = CIRCLE('',#2498,1.5);
#2498 = AXIS2_PLACEMENT_3D('',#2499,#2500,#2501);
#2499 = CARTESIAN_POINT('',(158.780852,-108.436713,0.));
#2500 = DIRECTION('',(-0.,0.,-1.));
#2501 = DIRECTION('',(-0.,-1.,0.));
#2502 = FACE_BOUND('',#2503,.F.);
#2503 = EDGE_LOOP('',(#2504));
#2504 = ORIENTED_EDGE('',*,*,#2505,.T.);
#2505 = EDGE_CURVE('',#2506,#2506,#2508,.T.);
#2506 = VERTEX_POINT('',#2507);
#2507 = CARTESIAN_POINT('',(172.560852,-114.082013,0.));
#2508 = CIRCLE('',#2509,0.4953);
#2509 = AXIS2_PLACEMENT_3D('',#2510,#2511,#2512);
#2510 = CARTESIAN_POINT('',(172.560852,-113.586713,0.));
#2511 = DIRECTION('',(-0.,0.,-1.));
#2512 = DIRECTION('',(-0.,-1.,0.));
#2513 = FACE_BOUND('',#2514,.F.);
#2514 = EDGE_LOOP('',(#2515));
#2515 = ORIENTED_EDGE('',*,*,#2516,.T.);
#2516 = EDGE_CURVE('',#2517,#2517,#2519,.T.);
#2517 = VERTEX_POINT('',#2518);
#2518 = CARTESIAN_POINT('',(172.280852,-110.237613,0.));
#2519 = CIRCLE('',#2520,0.8509);
#2520 = AXIS2_PLACEMENT_3D('',#2521,#2522,#2523);
#2521 = CARTESIAN_POINT('',(172.280852,-109.386713,0.));
#2522 = DIRECTION('',(-0.,0.,-1.));
#2523 = DIRECTION('',(3.340193845388E-14,-1.,-0.));
#2524 = FACE_BOUND('',#2525,.F.);
#2525 = EDGE_LOOP('',(#2526));
#2526 = ORIENTED_EDGE('',*,*,#2527,.T.);
#2527 = EDGE_CURVE('',#2528,#2528,#2530,.T.);
#2528 = VERTEX_POINT('',#2529);
#2529 = CARTESIAN_POINT('',(177.780852,-111.101213,0.));
#2530 = CIRCLE('',#2531,1.7145);
#2531 = AXIS2_PLACEMENT_3D('',#2532,#2533,#2534);
#2532 = CARTESIAN_POINT('',(177.780852,-109.386713,0.));
#2533 = DIRECTION('',(-0.,0.,-1.));
#2534 = DIRECTION('',(1.657725834378E-14,-1.,-0.));
#2535 = FACE_BOUND('',#2536,.F.);
#2536 = EDGE_LOOP('',(#2537));
#2537 = ORIENTED_EDGE('',*,*,#2538,.T.);
#2538 = EDGE_CURVE('',#2539,#2539,#2541,.T.);
#2539 = VERTEX_POINT('',#2540);
#2540 = CARTESIAN_POINT('',(172.780852,-107.136713,0.));
#2541 = CIRCLE('',#2542,1.5);
#2542 = AXIS2_PLACEMENT_3D('',#2543,#2544,#2545);
#2543 = CARTESIAN_POINT('',(172.780852,-105.636713,0.));
#2544 = DIRECTION('',(-0.,0.,-1.));
#2545 = DIRECTION('',(-0.,-1.,0.));
#2546 = FACE_BOUND('',#2547,.F.);
#2547 = EDGE_LOOP('',(#2548));
#2548 = ORIENTED_EDGE('',*,*,#2549,.T.);
#2549 = EDGE_CURVE('',#2550,#2550,#2552,.T.);
#2550 = VERTEX_POINT('',#2551);
#2551 = CARTESIAN_POINT('',(182.780852,-107.136713,0.));
#2552 = CIRCLE('',#2553,1.5);
#2553 = AXIS2_PLACEMENT_3D('',#2554,#2555,#2556);
#2554 = CARTESIAN_POINT('',(182.780852,-105.636713,0.));
#2555 = DIRECTION('',(-0.,0.,-1.));
#2556 = DIRECTION('',(-0.,-1.,0.));
#2557 = FACE_BOUND('',#2558,.F.);
#2558 = EDGE_LOOP('',(#2559));
#2559 = ORIENTED_EDGE('',*,*,#2560,.T.);
#2560 = EDGE_CURVE('',#2561,#2561,#2563,.T.);
#2561 = VERTEX_POINT('',#2562);
#2562 = CARTESIAN_POINT('',(177.780852,-104.936713,0.));
#2563 = CIRCLE('',#2564,1.5);
#2564 = AXIS2_PLACEMENT_3D('',#2565,#2566,#2567);
#2565 = CARTESIAN_POINT('',(177.780852,-103.436713,0.));
#2566 = DIRECTION('',(-0.,0.,-1.));
#2567 = DIRECTION('',(-0.,-1.,0.));
#2568 = FACE_BOUND('',#2569,.F.);
#2569 = EDGE_LOOP('',(#2570));
#2570 = ORIENTED_EDGE('',*,*,#2571,.T.);
#2571 = EDGE_CURVE('',#2572,#2572,#2574,.T.);
#2572 = VERTEX_POINT('',#2573);
#2573 = CARTESIAN_POINT('',(191.280852,-155.237613,0.));
#2574 = CIRCLE('',#2575,0.8509);
#2575 = AXIS2_PLACEMENT_3D('',#2576,#2577,#2578);
#2576 = CARTESIAN_POINT('',(191.280852,-154.386713,0.));
#2577 = DIRECTION('',(-0.,0.,-1.));
#2578 = DIRECTION('',(3.340193845388E-14,-1.,-0.));
#2579 = FACE_BOUND('',#2580,.F.);
#2580 = EDGE_LOOP('',(#2581));
#2581 = ORIENTED_EDGE('',*,*,#2582,.T.);
#2582 = EDGE_CURVE('',#2583,#2583,#2585,.T.);
#2583 = VERTEX_POINT('',#2584);
#2584 = CARTESIAN_POINT('',(191.560852,-159.082013,0.));
#2585 = CIRCLE('',#2586,0.4953);
#2586 = AXIS2_PLACEMENT_3D('',#2587,#2588,#2589);
#2587 = CARTESIAN_POINT('',(191.560852,-158.586713,0.));
#2588 = DIRECTION('',(-0.,0.,-1.));
#2589 = DIRECTION('',(-0.,-1.,0.));
#2590 = FACE_BOUND('',#2591,.F.);
#2591 = EDGE_LOOP('',(#2592));
#2592 = ORIENTED_EDGE('',*,*,#2593,.T.);
#2593 = EDGE_CURVE('',#2594,#2594,#2596,.T.);
#2594 = VERTEX_POINT('',#2595);
#2595 = CARTESIAN_POINT('',(196.780852,-156.101213,0.));
#2596 = CIRCLE('',#2597,1.7145);
#2597 = AXIS2_PLACEMENT_3D('',#2598,#2599,#2600);
#2598 = CARTESIAN_POINT('',(196.780852,-154.386713,0.));
#2599 = DIRECTION('',(-0.,0.,-1.));
#2600 = DIRECTION('',(1.657725834378E-14,-1.,-0.));
#2601 = FACE_BOUND('',#2602,.F.);
#2602 = EDGE_LOOP('',(#2603));
#2603 = ORIENTED_EDGE('',*,*,#2604,.T.);
#2604 = EDGE_CURVE('',#2605,#2605,#2607,.T.);
#2605 = VERTEX_POINT('',#2606);
#2606 = CARTESIAN_POINT('',(183.000852,-152.082013,0.));
#2607 = CIRCLE('',#2608,0.4953);
#2608 = AXIS2_PLACEMENT_3D('',#2609,#2610,#2611);
#2609 = CARTESIAN_POINT('',(183.000852,-151.586713,0.));
#2610 = DIRECTION('',(-0.,0.,-1.));
#2611 = DIRECTION('',(-0.,-1.,0.));
#2612 = FACE_BOUND('',#2613,.F.);
#2613 = EDGE_LOOP('',(#2614));
#2614 = ORIENTED_EDGE('',*,*,#2615,.T.);
#2615 = EDGE_CURVE('',#2616,#2616,#2618,.T.);
#2616 = VERTEX_POINT('',#2617);
#2617 = CARTESIAN_POINT('',(183.280852,-148.237613,0.));
#2618 = CIRCLE('',#2619,0.8509);
#2619 = AXIS2_PLACEMENT_3D('',#2620,#2621,#2622);
#2620 = CARTESIAN_POINT('',(183.280852,-147.386713,0.));
#2621 = DIRECTION('',(-0.,0.,-1.));
#2622 = DIRECTION('',(3.340193845388E-14,-1.,-0.));
#2623 = FACE_BOUND('',#2624,.F.);
#2624 = EDGE_LOOP('',(#2625));
#2625 = ORIENTED_EDGE('',*,*,#2626,.T.);
#2626 = EDGE_CURVE('',#2627,#2627,#2629,.T.);
#2627 = VERTEX_POINT('',#2628);
#2628 = CARTESIAN_POINT('',(191.780852,-152.136713,0.));
#2629 = CIRCLE('',#2630,1.5);
#2630 = AXIS2_PLACEMENT_3D('',#2631,#2632,#2633);
#2631 = CARTESIAN_POINT('',(191.780852,-150.636713,0.));
#2632 = DIRECTION('',(-0.,0.,-1.));
#2633 = DIRECTION('',(-0.,-1.,0.));
#2634 = FACE_BOUND('',#2635,.F.);
#2635 = EDGE_LOOP('',(#2636));
#2636 = ORIENTED_EDGE('',*,*,#2637,.T.);
#2637 = EDGE_CURVE('',#2638,#2638,#2640,.T.);
#2638 = VERTEX_POINT('',#2639);
#2639 = CARTESIAN_POINT('',(196.780852,-149.936713,0.));
#2640 = CIRCLE('',#2641,1.5);
#2641 = AXIS2_PLACEMENT_3D('',#2642,#2643,#2644);
#2642 = CARTESIAN_POINT('',(196.780852,-148.436713,0.));
#2643 = DIRECTION('',(-0.,0.,-1.));
#2644 = DIRECTION('',(-0.,-1.,0.));
#2645 = FACE_BOUND('',#2646,.F.);
#2646 = EDGE_LOOP('',(#2647));
#2647 = ORIENTED_EDGE('',*,*,#2648,.T.);
#2648 = EDGE_CURVE('',#2649,#2649,#2651,.T.);
#2649 = VERTEX_POINT('',#2650);
#2650 = CARTESIAN_POINT('',(202.000852,-159.082013,0.));
#2651 = CIRCLE('',#2652,0.4953);
#2652 = AXIS2_PLACEMENT_3D('',#2653,#2654,#2655);
#2653 = CARTESIAN_POINT('',(202.000852,-158.586713,0.));
#2654 = DIRECTION('',(-0.,0.,-1.));
#2655 = DIRECTION('',(-0.,-1.,0.));
#2656 = FACE_BOUND('',#2657,.F.);
#2657 = EDGE_LOOP('',(#2658));
#2658 = ORIENTED_EDGE('',*,*,#2659,.T.);
#2659 = EDGE_CURVE('',#2660,#2660,#2662,.T.);
#2660 = VERTEX_POINT('',#2661);
#2661 = CARTESIAN_POINT('',(202.280852,-155.237613,0.));
#2662 = CIRCLE('',#2663,0.8509);
#2663 = AXIS2_PLACEMENT_3D('',#2664,#2665,#2666);
#2664 = CARTESIAN_POINT('',(202.280852,-154.386713,0.));
#2665 = DIRECTION('',(-0.,0.,-1.));
#2666 = DIRECTION('',(3.340193845388E-14,-1.,-0.));
#2667 = FACE_BOUND('',#2668,.F.);
#2668 = EDGE_LOOP('',(#2669));
#2669 = ORIENTED_EDGE('',*,*,#2670,.T.);
#2670 = EDGE_CURVE('',#2671,#2671,#2673,.T.);
#2671 = VERTEX_POINT('',#2672);
#2672 = CARTESIAN_POINT('',(210.560852,-159.082013,0.));
#2673 = CIRCLE('',#2674,0.4953);
#2674 = AXIS2_PLACEMENT_3D('',#2675,#2676,#2677);
#2675 = CARTESIAN_POINT('',(210.560852,-158.586713,0.));
#2676 = DIRECTION('',(-0.,0.,-1.));
#2677 = DIRECTION('',(-0.,-1.,0.));
#2678 = FACE_BOUND('',#2679,.F.);
#2679 = EDGE_LOOP('',(#2680));
#2680 = ORIENTED_EDGE('',*,*,#2681,.T.);
#2681 = EDGE_CURVE('',#2682,#2682,#2684,.T.);
#2682 = VERTEX_POINT('',#2683);
#2683 = CARTESIAN_POINT('',(210.280852,-155.237613,0.));
#2684 = CIRCLE('',#2685,0.8509);
#2685 = AXIS2_PLACEMENT_3D('',#2686,#2687,#2688);
#2686 = CARTESIAN_POINT('',(210.280852,-154.386713,0.));
#2687 = DIRECTION('',(-0.,0.,-1.));
#2688 = DIRECTION('',(3.340193845388E-14,-1.,-0.));
#2689 = FACE_BOUND('',#2690,.F.);
#2690 = EDGE_LOOP('',(#2691));
#2691 = ORIENTED_EDGE('',*,*,#2692,.T.);
#2692 = EDGE_CURVE('',#2693,#2693,#2695,.T.);
#2693 = VERTEX_POINT('',#2694);
#2694 = CARTESIAN_POINT('',(215.780852,-156.101213,0.));
#2695 = CIRCLE('',#2696,1.7145);
#2696 = AXIS2_PLACEMENT_3D('',#2697,#2698,#2699);
#2697 = CARTESIAN_POINT('',(215.780852,-154.386713,0.));
#2698 = DIRECTION('',(-0.,0.,-1.));
#2699 = DIRECTION('',(1.657725834378E-14,-1.,-0.));
#2700 = FACE_BOUND('',#2701,.F.);
#2701 = EDGE_LOOP('',(#2702));
#2702 = ORIENTED_EDGE('',*,*,#2703,.T.);
#2703 = EDGE_CURVE('',#2704,#2704,#2706,.T.);
#2704 = VERTEX_POINT('',#2705);
#2705 = CARTESIAN_POINT('',(201.780852,-152.136713,0.));
#2706 = CIRCLE('',#2707,1.5);
#2707 = AXIS2_PLACEMENT_3D('',#2708,#2709,#2710);
#2708 = CARTESIAN_POINT('',(201.780852,-150.636713,0.));
#2709 = DIRECTION('',(-0.,0.,-1.));
#2710 = DIRECTION('',(-0.,-1.,0.));
#2711 = FACE_BOUND('',#2712,.F.);
#2712 = EDGE_LOOP('',(#2713));
#2713 = ORIENTED_EDGE('',*,*,#2714,.T.);
#2714 = EDGE_CURVE('',#2715,#2715,#2717,.T.);
#2715 = VERTEX_POINT('',#2716);
#2716 = CARTESIAN_POINT('',(210.780852,-152.136713,0.));
#2717 = CIRCLE('',#2718,1.5);
#2718 = AXIS2_PLACEMENT_3D('',#2719,#2720,#2721);
#2719 = CARTESIAN_POINT('',(210.780852,-150.636713,0.));
#2720 = DIRECTION('',(-0.,0.,-1.));
#2721 = DIRECTION('',(-0.,-1.,0.));
#2722 = FACE_BOUND('',#2723,.F.);
#2723 = EDGE_LOOP('',(#2724));
#2724 = ORIENTED_EDGE('',*,*,#2725,.T.);
#2725 = EDGE_CURVE('',#2726,#2726,#2728,.T.);
#2726 = VERTEX_POINT('',#2727);
#2727 = CARTESIAN_POINT('',(215.780852,-149.936713,0.));
#2728 = CIRCLE('',#2729,1.5);
#2729 = AXIS2_PLACEMENT_3D('',#2730,#2731,#2732);
#2730 = CARTESIAN_POINT('',(215.780852,-148.436713,0.));
#2731 = DIRECTION('',(-0.,0.,-1.));
#2732 = DIRECTION('',(-0.,-1.,0.));
#2733 = FACE_BOUND('',#2734,.F.);
#2734 = EDGE_LOOP('',(#2735));
#2735 = ORIENTED_EDGE('',*,*,#2736,.T.);
#2736 = EDGE_CURVE('',#2737,#2737,#2739,.T.);
#2737 = VERTEX_POINT('',#2738);
#2738 = CARTESIAN_POINT('',(191.560852,-140.082013,0.));
#2739 = CIRCLE('',#2740,0.4953);
#2740 = AXIS2_PLACEMENT_3D('',#2741,#2742,#2743);
#2741 = CARTESIAN_POINT('',(191.560852,-139.586713,0.));
#2742 = DIRECTION('',(-0.,0.,-1.));
#2743 = DIRECTION('',(-0.,-1.,0.));
#2744 = FACE_BOUND('',#2745,.F.);
#2745 = EDGE_LOOP('',(#2746));
#2746 = ORIENTED_EDGE('',*,*,#2747,.T.);
#2747 = EDGE_CURVE('',#2748,#2748,#2750,.T.);
#2748 = VERTEX_POINT('',#2749);
#2749 = CARTESIAN_POINT('',(191.280852,-136.237613,0.));
#2750 = CIRCLE('',#2751,0.8509);
#2751 = AXIS2_PLACEMENT_3D('',#2752,#2753,#2754);
#2752 = CARTESIAN_POINT('',(191.280852,-135.386713,0.));
#2753 = DIRECTION('',(-0.,0.,-1.));
#2754 = DIRECTION('',(3.340193845388E-14,-1.,-0.));
#2755 = FACE_BOUND('',#2756,.F.);
#2756 = EDGE_LOOP('',(#2757));
#2757 = ORIENTED_EDGE('',*,*,#2758,.T.);
#2758 = EDGE_CURVE('',#2759,#2759,#2761,.T.);
#2759 = VERTEX_POINT('',#2760);
#2760 = CARTESIAN_POINT('',(183.000852,-133.082013,0.));
#2761 = CIRCLE('',#2762,0.4953);
#2762 = AXIS2_PLACEMENT_3D('',#2763,#2764,#2765);
#2763 = CARTESIAN_POINT('',(183.000852,-132.586713,0.));
#2764 = DIRECTION('',(-0.,0.,-1.));
#2765 = DIRECTION('',(-0.,-1.,0.));
#2766 = FACE_BOUND('',#2767,.F.);
#2767 = EDGE_LOOP('',(#2768));
#2768 = ORIENTED_EDGE('',*,*,#2769,.T.);
#2769 = EDGE_CURVE('',#2770,#2770,#2772,.T.);
#2770 = VERTEX_POINT('',#2771);
#2771 = CARTESIAN_POINT('',(196.780852,-137.101213,0.));
#2772 = CIRCLE('',#2773,1.7145);
#2773 = AXIS2_PLACEMENT_3D('',#2774,#2775,#2776);
#2774 = CARTESIAN_POINT('',(196.780852,-135.386713,0.));
#2775 = DIRECTION('',(-0.,0.,-1.));
#2776 = DIRECTION('',(1.657725834378E-14,-1.,-0.));
#2777 = FACE_BOUND('',#2778,.F.);
#2778 = EDGE_LOOP('',(#2779));
#2779 = ORIENTED_EDGE('',*,*,#2780,.T.);
#2780 = EDGE_CURVE('',#2781,#2781,#2783,.T.);
#2781 = VERTEX_POINT('',#2782);
#2782 = CARTESIAN_POINT('',(191.780852,-133.136713,0.));
#2783 = CIRCLE('',#2784,1.5);
#2784 = AXIS2_PLACEMENT_3D('',#2785,#2786,#2787);
#2785 = CARTESIAN_POINT('',(191.780852,-131.636713,0.));
#2786 = DIRECTION('',(-0.,0.,-1.));
#2787 = DIRECTION('',(-0.,-1.,0.));
#2788 = FACE_BOUND('',#2789,.F.);
#2789 = EDGE_LOOP('',(#2790));
#2790 = ORIENTED_EDGE('',*,*,#2791,.T.);
#2791 = EDGE_CURVE('',#2792,#2792,#2794,.T.);
#2792 = VERTEX_POINT('',#2793);
#2793 = CARTESIAN_POINT('',(202.000852,-140.082013,0.));
#2794 = CIRCLE('',#2795,0.4953);
#2795 = AXIS2_PLACEMENT_3D('',#2796,#2797,#2798);
#2796 = CARTESIAN_POINT('',(202.000852,-139.586713,0.));
#2797 = DIRECTION('',(-0.,0.,-1.));
#2798 = DIRECTION('',(-0.,-1.,0.));
#2799 = FACE_BOUND('',#2800,.F.);
#2800 = EDGE_LOOP('',(#2801));
#2801 = ORIENTED_EDGE('',*,*,#2802,.T.);
#2802 = EDGE_CURVE('',#2803,#2803,#2805,.T.);
#2803 = VERTEX_POINT('',#2804);
#2804 = CARTESIAN_POINT('',(210.560852,-140.082013,0.));
#2805 = CIRCLE('',#2806,0.4953);
#2806 = AXIS2_PLACEMENT_3D('',#2807,#2808,#2809);
#2807 = CARTESIAN_POINT('',(210.560852,-139.586713,0.));
#2808 = DIRECTION('',(-0.,0.,-1.));
#2809 = DIRECTION('',(-0.,-1.,0.));
#2810 = FACE_BOUND('',#2811,.F.);
#2811 = EDGE_LOOP('',(#2812));
#2812 = ORIENTED_EDGE('',*,*,#2813,.T.);
#2813 = EDGE_CURVE('',#2814,#2814,#2816,.T.);
#2814 = VERTEX_POINT('',#2815);
#2815 = CARTESIAN_POINT('',(202.280852,-136.237613,0.));
#2816 = CIRCLE('',#2817,0.8509);
#2817 = AXIS2_PLACEMENT_3D('',#2818,#2819,#2820);
#2818 = CARTESIAN_POINT('',(202.280852,-135.386713,0.));
#2819 = DIRECTION('',(-0.,0.,-1.));
#2820 = DIRECTION('',(3.340193845388E-14,-1.,-0.));
#2821 = FACE_BOUND('',#2822,.F.);
#2822 = EDGE_LOOP('',(#2823));
#2823 = ORIENTED_EDGE('',*,*,#2824,.T.);
#2824 = EDGE_CURVE('',#2825,#2825,#2827,.T.);
#2825 = VERTEX_POINT('',#2826);
#2826 = CARTESIAN_POINT('',(201.780852,-133.136713,0.));
#2827 = CIRCLE('',#2828,1.5);
#2828 = AXIS2_PLACEMENT_3D('',#2829,#2830,#2831);
#2829 = CARTESIAN_POINT('',(201.780852,-131.636713,0.));
#2830 = DIRECTION('',(-0.,0.,-1.));
#2831 = DIRECTION('',(-0.,-1.,0.));
#2832 = FACE_BOUND('',#2833,.F.);
#2833 = EDGE_LOOP('',(#2834));
#2834 = ORIENTED_EDGE('',*,*,#2835,.T.);
#2835 = EDGE_CURVE('',#2836,#2836,#2838,.T.);
#2836 = VERTEX_POINT('',#2837);
#2837 = CARTESIAN_POINT('',(210.280852,-136.237613,0.));
#2838 = CIRCLE('',#2839,0.8509);
#2839 = AXIS2_PLACEMENT_3D('',#2840,#2841,#2842);
#2840 = CARTESIAN_POINT('',(210.280852,-135.386713,0.));
#2841 = DIRECTION('',(-0.,0.,-1.));
#2842 = DIRECTION('',(3.340193845388E-14,-1.,-0.));
#2843 = FACE_BOUND('',#2844,.F.);
#2844 = EDGE_LOOP('',(#2845));
#2845 = ORIENTED_EDGE('',*,*,#2846,.T.);
#2846 = EDGE_CURVE('',#2847,#2847,#2849,.T.);
#2847 = VERTEX_POINT('',#2848);
#2848 = CARTESIAN_POINT('',(215.780852,-137.101213,0.));
#2849 = CIRCLE('',#2850,1.7145);
#2850 = AXIS2_PLACEMENT_3D('',#2851,#2852,#2853);
#2851 = CARTESIAN_POINT('',(215.780852,-135.386713,0.));
#2852 = DIRECTION('',(-0.,0.,-1.));
#2853 = DIRECTION('',(1.657725834378E-14,-1.,-0.));
#2854 = FACE_BOUND('',#2855,.F.);
#2855 = EDGE_LOOP('',(#2856));
#2856 = ORIENTED_EDGE('',*,*,#2857,.T.);
#2857 = EDGE_CURVE('',#2858,#2858,#2860,.T.);
#2858 = VERTEX_POINT('',#2859);
#2859 = CARTESIAN_POINT('',(210.780852,-133.136713,0.));
#2860 = CIRCLE('',#2861,1.5);
#2861 = AXIS2_PLACEMENT_3D('',#2862,#2863,#2864);
#2862 = CARTESIAN_POINT('',(210.780852,-131.636713,0.));
#2863 = DIRECTION('',(-0.,0.,-1.));
#2864 = DIRECTION('',(-0.,-1.,0.));
#2865 = FACE_BOUND('',#2866,.F.);
#2866 = EDGE_LOOP('',(#2867));
#2867 = ORIENTED_EDGE('',*,*,#2868,.T.);
#2868 = EDGE_CURVE('',#2869,#2869,#2871,.T.);
#2869 = VERTEX_POINT('',#2870);
#2870 = CARTESIAN_POINT('',(221.000852,-159.082013,0.));
#2871 = CIRCLE('',#2872,0.4953);
#2872 = AXIS2_PLACEMENT_3D('',#2873,#2874,#2875);
#2873 = CARTESIAN_POINT('',(221.000852,-158.586713,0.));
#2874 = DIRECTION('',(-0.,0.,-1.));
#2875 = DIRECTION('',(-0.,-1.,0.));
#2876 = FACE_BOUND('',#2877,.F.);
#2877 = EDGE_LOOP('',(#2878));
#2878 = ORIENTED_EDGE('',*,*,#2879,.T.);
#2879 = EDGE_CURVE('',#2880,#2880,#2882,.T.);
#2880 = VERTEX_POINT('',#2881);
#2881 = CARTESIAN_POINT('',(221.280852,-155.237613,0.));
#2882 = CIRCLE('',#2883,0.8509);
#2883 = AXIS2_PLACEMENT_3D('',#2884,#2885,#2886);
#2884 = CARTESIAN_POINT('',(221.280852,-154.386713,0.));
#2885 = DIRECTION('',(-0.,0.,-1.));
#2886 = DIRECTION('',(3.340193845388E-14,-1.,-0.));
#2887 = FACE_BOUND('',#2888,.F.);
#2888 = EDGE_LOOP('',(#2889));
#2889 = ORIENTED_EDGE('',*,*,#2890,.T.);
#2890 = EDGE_CURVE('',#2891,#2891,#2893,.T.);
#2891 = VERTEX_POINT('',#2892);
#2892 = CARTESIAN_POINT('',(220.780852,-152.136713,0.));
#2893 = CIRCLE('',#2894,1.5);
#2894 = AXIS2_PLACEMENT_3D('',#2895,#2896,#2897);
#2895 = CARTESIAN_POINT('',(220.780852,-150.636713,0.));
#2896 = DIRECTION('',(-0.,0.,-1.));
#2897 = DIRECTION('',(-0.,-1.,0.));
#2898 = FACE_BOUND('',#2899,.F.);
#2899 = EDGE_LOOP('',(#2900));
#2900 = ORIENTED_EDGE('',*,*,#2901,.T.);
#2901 = EDGE_CURVE('',#2902,#2902,#2904,.T.);
#2902 = VERTEX_POINT('',#2903);
#2903 = CARTESIAN_POINT('',(235.685,-147.095,0.));
#2904 = CIRCLE('',#2905,0.5);
#2905 = AXIS2_PLACEMENT_3D('',#2906,#2907,#2908);
#2906 = CARTESIAN_POINT('',(235.685,-146.595,0.));
#2907 = DIRECTION('',(-0.,0.,-1.));
#2908 = DIRECTION('',(-0.,-1.,0.));
#2909 = FACE_BOUND('',#2910,.F.);
#2910 = EDGE_LOOP('',(#2911));
#2911 = ORIENTED_EDGE('',*,*,#2912,.T.);
#2912 = EDGE_CURVE('',#2913,#2913,#2915,.T.);
#2913 = VERTEX_POINT('',#2914);
#2914 = CARTESIAN_POINT('',(238.225,-147.095,0.));
#2915 = CIRCLE('',#2916,0.5);
#2916 = AXIS2_PLACEMENT_3D('',#2917,#2918,#2919);
#2917 = CARTESIAN_POINT('',(238.225,-146.595,0.));
#2918 = DIRECTION('',(-0.,0.,-1.));
#2919 = DIRECTION('',(-0.,-1.,0.));
#2920 = FACE_BOUND('',#2921,.F.);
#2921 = EDGE_LOOP('',(#2922));
#2922 = ORIENTED_EDGE('',*,*,#2923,.T.);
#2923 = EDGE_CURVE('',#2924,#2924,#2926,.T.);
#2924 = VERTEX_POINT('',#2925);
#2925 = CARTESIAN_POINT('',(240.765,-147.095,0.));
#2926 = CIRCLE('',#2927,0.5);
#2927 = AXIS2_PLACEMENT_3D('',#2928,#2929,#2930);
#2928 = CARTESIAN_POINT('',(240.765,-146.595,0.));
#2929 = DIRECTION('',(-0.,0.,-1.));
#2930 = DIRECTION('',(-0.,-1.,0.));
#2931 = FACE_BOUND('',#2932,.F.);
#2932 = EDGE_LOOP('',(#2933));
#2933 = ORIENTED_EDGE('',*,*,#2934,.T.);
#2934 = EDGE_CURVE('',#2935,#2935,#2937,.T.);
#2935 = VERTEX_POINT('',#2936);
#2936 = CARTESIAN_POINT('',(243.305,-147.095,0.));
#2937 = CIRCLE('',#2938,0.5);
#2938 = AXIS2_PLACEMENT_3D('',#2939,#2940,#2941);
#2939 = CARTESIAN_POINT('',(243.305,-146.595,0.));
#2940 = DIRECTION('',(-0.,0.,-1.));
#2941 = DIRECTION('',(-0.,-1.,0.));
#2942 = FACE_BOUND('',#2943,.F.);
#2943 = EDGE_LOOP('',(#2944));
#2944 = ORIENTED_EDGE('',*,*,#2945,.T.);
#2945 = EDGE_CURVE('',#2946,#2946,#2948,.T.);
#2946 = VERTEX_POINT('',#2947);
#2947 = CARTESIAN_POINT('',(221.000852,-140.082013,0.));
#2948 = CIRCLE('',#2949,0.4953);
#2949 = AXIS2_PLACEMENT_3D('',#2950,#2951,#2952);
#2950 = CARTESIAN_POINT('',(221.000852,-139.586713,0.));
#2951 = DIRECTION('',(-0.,0.,-1.));
#2952 = DIRECTION('',(-0.,-1.,0.));
#2953 = FACE_BOUND('',#2954,.F.);
#2954 = EDGE_LOOP('',(#2955));
#2955 = ORIENTED_EDGE('',*,*,#2956,.T.);
#2956 = EDGE_CURVE('',#2957,#2957,#2959,.T.);
#2957 = VERTEX_POINT('',#2958);
#2958 = CARTESIAN_POINT('',(221.280852,-136.237613,0.));
#2959 = CIRCLE('',#2960,0.8509);
#2960 = AXIS2_PLACEMENT_3D('',#2961,#2962,#2963);
#2961 = CARTESIAN_POINT('',(221.280852,-135.386713,0.));
#2962 = DIRECTION('',(-0.,0.,-1.));
#2963 = DIRECTION('',(3.340193845388E-14,-1.,-0.));
#2964 = FACE_BOUND('',#2965,.F.);
#2965 = EDGE_LOOP('',(#2966));
#2966 = ORIENTED_EDGE('',*,*,#2967,.T.);
#2967 = EDGE_CURVE('',#2968,#2968,#2970,.T.);
#2968 = VERTEX_POINT('',#2969);
#2969 = CARTESIAN_POINT('',(220.780852,-133.136713,0.));
#2970 = CIRCLE('',#2971,1.5);
#2971 = AXIS2_PLACEMENT_3D('',#2972,#2973,#2974);
#2972 = CARTESIAN_POINT('',(220.780852,-131.636713,0.));
#2973 = DIRECTION('',(-0.,0.,-1.));
#2974 = DIRECTION('',(-0.,-1.,0.));
#2975 = FACE_BOUND('',#2976,.F.);
#2976 = EDGE_LOOP('',(#2977));
#2977 = ORIENTED_EDGE('',*,*,#2978,.T.);
#2978 = EDGE_CURVE('',#2979,#2979,#2981,.T.);
#2979 = VERTEX_POINT('',#2980);
#2980 = CARTESIAN_POINT('',(183.280852,-129.237613,0.));
#2981 = CIRCLE('',#2982,0.8509);
#2982 = AXIS2_PLACEMENT_3D('',#2983,#2984,#2985);
#2983 = CARTESIAN_POINT('',(183.280852,-128.386713,0.));
#2984 = DIRECTION('',(-0.,0.,-1.));
#2985 = DIRECTION('',(3.340193845388E-14,-1.,-0.));
#2986 = FACE_BOUND('',#2987,.F.);
#2987 = EDGE_LOOP('',(#2988));
#2988 = ORIENTED_EDGE('',*,*,#2989,.T.);
#2989 = EDGE_CURVE('',#2990,#2990,#2992,.T.);
#2990 = VERTEX_POINT('',#2991);
#2991 = CARTESIAN_POINT('',(196.780852,-130.936713,0.));
#2992 = CIRCLE('',#2993,1.5);
#2993 = AXIS2_PLACEMENT_3D('',#2994,#2995,#2996);
#2994 = CARTESIAN_POINT('',(196.780852,-129.436713,0.));
#2995 = DIRECTION('',(-0.,0.,-1.));
#2996 = DIRECTION('',(-0.,-1.,0.));
#2997 = FACE_BOUND('',#2998,.F.);
#2998 = EDGE_LOOP('',(#2999));
#2999 = ORIENTED_EDGE('',*,*,#3000,.T.);
#3000 = EDGE_CURVE('',#3001,#3001,#3003,.T.);
#3001 = VERTEX_POINT('',#3002);
#3002 = CARTESIAN_POINT('',(191.280852,-117.237613,0.));
#3003 = CIRCLE('',#3004,0.8509);
#3004 = AXIS2_PLACEMENT_3D('',#3005,#3006,#3007);
#3005 = CARTESIAN_POINT('',(191.280852,-116.386713,0.));
#3006 = DIRECTION('',(-0.,0.,-1.));
#3007 = DIRECTION('',(3.340193845388E-14,-1.,-0.));
#3008 = FACE_BOUND('',#3009,.F.);
#3009 = EDGE_LOOP('',(#3010));
#3010 = ORIENTED_EDGE('',*,*,#3011,.T.);
#3011 = EDGE_CURVE('',#3012,#3012,#3014,.T.);
#3012 = VERTEX_POINT('',#3013);
#3013 = CARTESIAN_POINT('',(191.560852,-121.082013,0.));
#3014 = CIRCLE('',#3015,0.4953);
#3015 = AXIS2_PLACEMENT_3D('',#3016,#3017,#3018);
#3016 = CARTESIAN_POINT('',(191.560852,-120.586713,0.));
#3017 = DIRECTION('',(-0.,0.,-1.));
#3018 = DIRECTION('',(-0.,-1.,0.));
#3019 = FACE_BOUND('',#3020,.F.);
#3020 = EDGE_LOOP('',(#3021));
#3021 = ORIENTED_EDGE('',*,*,#3022,.T.);
#3022 = EDGE_CURVE('',#3023,#3023,#3025,.T.);
#3023 = VERTEX_POINT('',#3024);
#3024 = CARTESIAN_POINT('',(196.780852,-118.101213,0.));
#3025 = CIRCLE('',#3026,1.7145);
#3026 = AXIS2_PLACEMENT_3D('',#3027,#3028,#3029);
#3027 = CARTESIAN_POINT('',(196.780852,-116.386713,0.));
#3028 = DIRECTION('',(-0.,0.,-1.));
#3029 = DIRECTION('',(1.657725834378E-14,-1.,-0.));
#3030 = FACE_BOUND('',#3031,.F.);
#3031 = EDGE_LOOP('',(#3032));
#3032 = ORIENTED_EDGE('',*,*,#3033,.T.);
#3033 = EDGE_CURVE('',#3034,#3034,#3036,.T.);
#3034 = VERTEX_POINT('',#3035);
#3035 = CARTESIAN_POINT('',(215.780852,-130.936713,0.));
#3036 = CIRCLE('',#3037,1.5);
#3037 = AXIS2_PLACEMENT_3D('',#3038,#3039,#3040);
#3038 = CARTESIAN_POINT('',(215.780852,-129.436713,0.));
#3039 = DIRECTION('',(-0.,0.,-1.));
#3040 = DIRECTION('',(-0.,-1.,0.));
#3041 = FACE_BOUND('',#3042,.F.);
#3042 = EDGE_LOOP('',(#3043));
#3043 = ORIENTED_EDGE('',*,*,#3044,.T.);
#3044 = EDGE_CURVE('',#3045,#3045,#3047,.T.);
#3045 = VERTEX_POINT('',#3046);
#3046 = CARTESIAN_POINT('',(202.000852,-121.082013,0.));
#3047 = CIRCLE('',#3048,0.4953);
#3048 = AXIS2_PLACEMENT_3D('',#3049,#3050,#3051);
#3049 = CARTESIAN_POINT('',(202.000852,-120.586713,0.));
#3050 = DIRECTION('',(-0.,0.,-1.));
#3051 = DIRECTION('',(-0.,-1.,0.));
#3052 = FACE_BOUND('',#3053,.F.);
#3053 = EDGE_LOOP('',(#3054));
#3054 = ORIENTED_EDGE('',*,*,#3055,.T.);
#3055 = EDGE_CURVE('',#3056,#3056,#3058,.T.);
#3056 = VERTEX_POINT('',#3057);
#3057 = CARTESIAN_POINT('',(202.280852,-117.237613,0.));
#3058 = CIRCLE('',#3059,0.8509);
#3059 = AXIS2_PLACEMENT_3D('',#3060,#3061,#3062);
#3060 = CARTESIAN_POINT('',(202.280852,-116.386713,0.));
#3061 = DIRECTION('',(-0.,0.,-1.));
#3062 = DIRECTION('',(3.340193845388E-14,-1.,-0.));
#3063 = FACE_BOUND('',#3064,.F.);
#3064 = EDGE_LOOP('',(#3065));
#3065 = ORIENTED_EDGE('',*,*,#3066,.T.);
#3066 = EDGE_CURVE('',#3067,#3067,#3069,.T.);
#3067 = VERTEX_POINT('',#3068);
#3068 = CARTESIAN_POINT('',(210.560852,-121.082013,0.));
#3069 = CIRCLE('',#3070,0.4953);
#3070 = AXIS2_PLACEMENT_3D('',#3071,#3072,#3073);
#3071 = CARTESIAN_POINT('',(210.560852,-120.586713,0.));
#3072 = DIRECTION('',(-0.,0.,-1.));
#3073 = DIRECTION('',(-0.,-1.,0.));
#3074 = FACE_BOUND('',#3075,.F.);
#3075 = EDGE_LOOP('',(#3076));
#3076 = ORIENTED_EDGE('',*,*,#3077,.T.);
#3077 = EDGE_CURVE('',#3078,#3078,#3080,.T.);
#3078 = VERTEX_POINT('',#3079);
#3079 = CARTESIAN_POINT('',(210.280852,-117.237613,0.));
#3080 = CIRCLE('',#3081,0.8509);
#3081 = AXIS2_PLACEMENT_3D('',#3082,#3083,#3084);
#3082 = CARTESIAN_POINT('',(210.280852,-116.386713,0.));
#3083 = DIRECTION('',(-0.,0.,-1.));
#3084 = DIRECTION('',(3.340193845388E-14,-1.,-0.));
#3085 = FACE_BOUND('',#3086,.F.);
#3086 = EDGE_LOOP('',(#3087));
#3087 = ORIENTED_EDGE('',*,*,#3088,.T.);
#3088 = EDGE_CURVE('',#3089,#3089,#3091,.T.);
#3089 = VERTEX_POINT('',#3090);
#3090 = CARTESIAN_POINT('',(215.780852,-118.101213,0.));
#3091 = CIRCLE('',#3092,1.7145);
#3092 = AXIS2_PLACEMENT_3D('',#3093,#3094,#3095);
#3093 = CARTESIAN_POINT('',(215.780852,-116.386713,0.));
#3094 = DIRECTION('',(-0.,0.,-1.));
#3095 = DIRECTION('',(1.657725834378E-14,-1.,-0.));
#3096 = FACE_BOUND('',#3097,.F.);
#3097 = EDGE_LOOP('',(#3098));
#3098 = ORIENTED_EDGE('',*,*,#3099,.T.);
#3099 = EDGE_CURVE('',#3100,#3100,#3102,.T.);
#3100 = VERTEX_POINT('',#3101);
#3101 = CARTESIAN_POINT('',(183.000852,-114.082013,0.));
#3102 = CIRCLE('',#3103,0.4953);
#3103 = AXIS2_PLACEMENT_3D('',#3104,#3105,#3106);
#3104 = CARTESIAN_POINT('',(183.000852,-113.586713,0.));
#3105 = DIRECTION('',(-0.,0.,-1.));
#3106 = DIRECTION('',(-0.,-1.,0.));
#3107 = FACE_BOUND('',#3108,.F.);
#3108 = EDGE_LOOP('',(#3109));
#3109 = ORIENTED_EDGE('',*,*,#3110,.T.);
#3110 = EDGE_CURVE('',#3111,#3111,#3113,.T.);
#3111 = VERTEX_POINT('',#3112);
#3112 = CARTESIAN_POINT('',(183.280852,-110.237613,0.));
#3113 = CIRCLE('',#3114,0.8509);
#3114 = AXIS2_PLACEMENT_3D('',#3115,#3116,#3117);
#3115 = CARTESIAN_POINT('',(183.280852,-109.386713,0.));
#3116 = DIRECTION('',(-0.,0.,-1.));
#3117 = DIRECTION('',(3.340193845388E-14,-1.,-0.));
#3118 = FACE_BOUND('',#3119,.F.);
#3119 = EDGE_LOOP('',(#3120));
#3120 = ORIENTED_EDGE('',*,*,#3121,.T.);
#3121 = EDGE_CURVE('',#3122,#3122,#3124,.T.);
#3122 = VERTEX_POINT('',#3123);
#3123 = CARTESIAN_POINT('',(191.780852,-114.136713,0.));
#3124 = CIRCLE('',#3125,1.5);
#3125 = AXIS2_PLACEMENT_3D('',#3126,#3127,#3128);
#3126 = CARTESIAN_POINT('',(191.780852,-112.636713,0.));
#3127 = DIRECTION('',(-0.,0.,-1.));
#3128 = DIRECTION('',(-0.,-1.,0.));
#3129 = FACE_BOUND('',#3130,.F.);
#3130 = EDGE_LOOP('',(#3131));
#3131 = ORIENTED_EDGE('',*,*,#3132,.T.);
#3132 = EDGE_CURVE('',#3133,#3133,#3135,.T.);
#3133 = VERTEX_POINT('',#3134);
#3134 = CARTESIAN_POINT('',(196.780852,-111.936713,0.));
#3135 = CIRCLE('',#3136,1.5);
#3136 = AXIS2_PLACEMENT_3D('',#3137,#3138,#3139);
#3137 = CARTESIAN_POINT('',(196.780852,-110.436713,0.));
#3138 = DIRECTION('',(-0.,0.,-1.));
#3139 = DIRECTION('',(-0.,-1.,0.));
#3140 = FACE_BOUND('',#3141,.F.);
#3141 = EDGE_LOOP('',(#3142));
#3142 = ORIENTED_EDGE('',*,*,#3143,.T.);
#3143 = EDGE_CURVE('',#3144,#3144,#3146,.T.);
#3144 = VERTEX_POINT('',#3145);
#3145 = CARTESIAN_POINT('',(201.780852,-114.136713,0.));
#3146 = CIRCLE('',#3147,1.5);
#3147 = AXIS2_PLACEMENT_3D('',#3148,#3149,#3150);
#3148 = CARTESIAN_POINT('',(201.780852,-112.636713,0.));
#3149 = DIRECTION('',(-0.,0.,-1.));
#3150 = DIRECTION('',(-0.,-1.,0.));
#3151 = FACE_BOUND('',#3152,.F.);
#3152 = EDGE_LOOP('',(#3153));
#3153 = ORIENTED_EDGE('',*,*,#3154,.T.);
#3154 = EDGE_CURVE('',#3155,#3155,#3157,.T.);
#3155 = VERTEX_POINT('',#3156);
#3156 = CARTESIAN_POINT('',(210.780852,-114.136713,0.));
#3157 = CIRCLE('',#3158,1.5);
#3158 = AXIS2_PLACEMENT_3D('',#3159,#3160,#3161);
#3159 = CARTESIAN_POINT('',(210.780852,-112.636713,0.));
#3160 = DIRECTION('',(-0.,0.,-1.));
#3161 = DIRECTION('',(-0.,-1.,0.));
#3162 = FACE_BOUND('',#3163,.F.);
#3163 = EDGE_LOOP('',(#3164));
#3164 = ORIENTED_EDGE('',*,*,#3165,.T.);
#3165 = EDGE_CURVE('',#3166,#3166,#3168,.T.);
#3166 = VERTEX_POINT('',#3167);
#3167 = CARTESIAN_POINT('',(215.780852,-111.936713,0.));
#3168 = CIRCLE('',#3169,1.5);
#3169 = AXIS2_PLACEMENT_3D('',#3170,#3171,#3172);
#3170 = CARTESIAN_POINT('',(215.780852,-110.436713,0.));
#3171 = DIRECTION('',(-0.,0.,-1.));
#3172 = DIRECTION('',(-0.,-1.,0.));
#3173 = FACE_BOUND('',#3174,.F.);
#3174 = EDGE_LOOP('',(#3175));
#3175 = ORIENTED_EDGE('',*,*,#3176,.T.);
#3176 = EDGE_CURVE('',#3177,#3177,#3179,.T.);
#3177 = VERTEX_POINT('',#3178);
#3178 = CARTESIAN_POINT('',(231.8425,-125.86,0.));
#3179 = CIRCLE('',#3180,0.5);
#3180 = AXIS2_PLACEMENT_3D('',#3181,#3182,#3183);
#3181 = CARTESIAN_POINT('',(231.8425,-125.36,0.));
#3182 = DIRECTION('',(-0.,0.,-1.));
#3183 = DIRECTION('',(-0.,-1.,0.));
#3184 = FACE_BOUND('',#3185,.F.);
#3185 = EDGE_LOOP('',(#3186));
#3186 = ORIENTED_EDGE('',*,*,#3187,.T.);
#3187 = EDGE_CURVE('',#3188,#3188,#3190,.T.);
#3188 = VERTEX_POINT('',#3189);
#3189 = CARTESIAN_POINT('',(221.000852,-121.082013,0.));
#3190 = CIRCLE('',#3191,0.4953);
#3191 = AXIS2_PLACEMENT_3D('',#3192,#3193,#3194);
#3192 = CARTESIAN_POINT('',(221.000852,-120.586713,0.));
#3193 = DIRECTION('',(-0.,0.,-1.));
#3194 = DIRECTION('',(-0.,-1.,0.));
#3195 = FACE_BOUND('',#3196,.F.);
#3196 = EDGE_LOOP('',(#3197));
#3197 = ORIENTED_EDGE('',*,*,#3198,.T.);
#3198 = EDGE_CURVE('',#3199,#3199,#3201,.T.);
#3199 = VERTEX_POINT('',#3200);
#3200 = CARTESIAN_POINT('',(221.280852,-117.237613,0.));
#3201 = CIRCLE('',#3202,0.8509);
#3202 = AXIS2_PLACEMENT_3D('',#3203,#3204,#3205);
#3203 = CARTESIAN_POINT('',(221.280852,-116.386713,0.));
#3204 = DIRECTION('',(-0.,0.,-1.));
#3205 = DIRECTION('',(3.340193845388E-14,-1.,-0.));
#3206 = FACE_BOUND('',#3207,.F.);
#3207 = EDGE_LOOP('',(#3208));
#3208 = ORIENTED_EDGE('',*,*,#3209,.T.);
#3209 = EDGE_CURVE('',#3210,#3210,#3212,.T.);
#3210 = VERTEX_POINT('',#3211);
#3211 = CARTESIAN_POINT('',(231.8425,-123.32,0.));
#3212 = CIRCLE('',#3213,0.5);
#3213 = AXIS2_PLACEMENT_3D('',#3214,#3215,#3216);
#3214 = CARTESIAN_POINT('',(231.8425,-122.82,0.));
#3215 = DIRECTION('',(-0.,0.,-1.));
#3216 = DIRECTION('',(-0.,-1.,0.));
#3217 = FACE_BOUND('',#3218,.F.);
#3218 = EDGE_LOOP('',(#3219));
#3219 = ORIENTED_EDGE('',*,*,#3220,.T.);
#3220 = EDGE_CURVE('',#3221,#3221,#3223,.T.);
#3221 = VERTEX_POINT('',#3222);
#3222 = CARTESIAN_POINT('',(231.8425,-120.78,0.));
#3223 = CIRCLE('',#3224,0.5);
#3224 = AXIS2_PLACEMENT_3D('',#3225,#3226,#3227);
#3225 = CARTESIAN_POINT('',(231.8425,-120.28,0.));
#3226 = DIRECTION('',(-0.,0.,-1.));
#3227 = DIRECTION('',(-0.,-1.,0.));
#3228 = FACE_BOUND('',#3229,.F.);
#3229 = EDGE_LOOP('',(#3230));
#3230 = ORIENTED_EDGE('',*,*,#3231,.T.);
#3231 = EDGE_CURVE('',#3232,#3232,#3234,.T.);
#3232 = VERTEX_POINT('',#3233);
#3233 = CARTESIAN_POINT('',(231.8425,-118.24,0.));
#3234 = CIRCLE('',#3235,0.5);
#3235 = AXIS2_PLACEMENT_3D('',#3236,#3237,#3238);
#3236 = CARTESIAN_POINT('',(231.8425,-117.74,0.));
#3237 = DIRECTION('',(-0.,0.,-1.));
#3238 = DIRECTION('',(-0.,-1.,0.));
#3239 = FACE_BOUND('',#3240,.F.);
#3240 = EDGE_LOOP('',(#3241));
#3241 = ORIENTED_EDGE('',*,*,#3242,.T.);
#3242 = EDGE_CURVE('',#3243,#3243,#3245,.T.);
#3243 = VERTEX_POINT('',#3244);
#3244 = CARTESIAN_POINT('',(234.3825,-125.86,0.));
#3245 = CIRCLE('',#3246,0.5);
#3246 = AXIS2_PLACEMENT_3D('',#3247,#3248,#3249);
#3247 = CARTESIAN_POINT('',(234.3825,-125.36,0.));
#3248 = DIRECTION('',(-0.,0.,-1.));
#3249 = DIRECTION('',(-0.,-1.,0.));
#3250 = FACE_BOUND('',#3251,.F.);
#3251 = EDGE_LOOP('',(#3252));
#3252 = ORIENTED_EDGE('',*,*,#3253,.T.);
#3253 = EDGE_CURVE('',#3254,#3254,#3256,.T.);
#3254 = VERTEX_POINT('',#3255);
#3255 = CARTESIAN_POINT('',(236.9225,-125.86,0.));
#3256 = CIRCLE('',#3257,0.5);
#3257 = AXIS2_PLACEMENT_3D('',#3258,#3259,#3260);
#3258 = CARTESIAN_POINT('',(236.9225,-125.36,0.));
#3259 = DIRECTION('',(-0.,0.,-1.));
#3260 = DIRECTION('',(-0.,-1.,0.));
#3261 = FACE_BOUND('',#3262,.F.);
#3262 = EDGE_LOOP('',(#3263));
#3263 = ORIENTED_EDGE('',*,*,#3264,.T.);
#3264 = EDGE_CURVE('',#3265,#3265,#3267,.T.);
#3265 = VERTEX_POINT('',#3266);
#3266 = CARTESIAN_POINT('',(239.4625,-125.86,0.));
#3267 = CIRCLE('',#3268,0.5);
#3268 = AXIS2_PLACEMENT_3D('',#3269,#3270,#3271);
#3269 = CARTESIAN_POINT('',(239.4625,-125.36,0.));
#3270 = DIRECTION('',(-0.,0.,-1.));
#3271 = DIRECTION('',(-0.,-1.,0.));
#3272 = FACE_BOUND('',#3273,.F.);
#3273 = EDGE_LOOP('',(#3274));
#3274 = ORIENTED_EDGE('',*,*,#3275,.T.);
#3275 = EDGE_CURVE('',#3276,#3276,#3278,.T.);
#3276 = VERTEX_POINT('',#3277);
#3277 = CARTESIAN_POINT('',(242.0025,-125.86,0.));
#3278 = CIRCLE('',#3279,0.5);
#3279 = AXIS2_PLACEMENT_3D('',#3280,#3281,#3282);
#3280 = CARTESIAN_POINT('',(242.0025,-125.36,0.));
#3281 = DIRECTION('',(-0.,0.,-1.));
#3282 = DIRECTION('',(-0.,-1.,0.));
#3283 = FACE_BOUND('',#3284,.F.);
#3284 = EDGE_LOOP('',(#3285));
#3285 = ORIENTED_EDGE('',*,*,#3286,.T.);
#3286 = EDGE_CURVE('',#3287,#3287,#3289,.T.);
#3287 = VERTEX_POINT('',#3288);
#3288 = CARTESIAN_POINT('',(244.5425,-125.86,0.));
#3289 = CIRCLE('',#3290,0.5);
#3290 = AXIS2_PLACEMENT_3D('',#3291,#3292,#3293);
#3291 = CARTESIAN_POINT('',(244.5425,-125.36,0.));
#3292 = DIRECTION('',(-0.,0.,-1.));
#3293 = DIRECTION('',(-0.,-1.,0.));
#3294 = FACE_BOUND('',#3295,.F.);
#3295 = EDGE_LOOP('',(#3296));
#3296 = ORIENTED_EDGE('',*,*,#3297,.T.);
#3297 = EDGE_CURVE('',#3298,#3298,#3300,.T.);
#3298 = VERTEX_POINT('',#3299);
#3299 = CARTESIAN_POINT('',(247.0825,-125.86,0.));
#3300 = CIRCLE('',#3301,0.5);
#3301 = AXIS2_PLACEMENT_3D('',#3302,#3303,#3304);
#3302 = CARTESIAN_POINT('',(247.0825,-125.36,0.));
#3303 = DIRECTION('',(-0.,0.,-1.));
#3304 = DIRECTION('',(-0.,-1.,0.));
#3305 = FACE_BOUND('',#3306,.F.);
#3306 = EDGE_LOOP('',(#3307));
#3307 = ORIENTED_EDGE('',*,*,#3308,.T.);
#3308 = EDGE_CURVE('',#3309,#3309,#3311,.T.);
#3309 = VERTEX_POINT('',#3310);
#3310 = CARTESIAN_POINT('',(247.0825,-123.32,0.));
#3311 = CIRCLE('',#3312,0.5);
#3312 = AXIS2_PLACEMENT_3D('',#3313,#3314,#3315);
#3313 = CARTESIAN_POINT('',(247.0825,-122.82,0.));
#3314 = DIRECTION('',(-0.,0.,-1.));
#3315 = DIRECTION('',(-0.,-1.,0.));
#3316 = FACE_BOUND('',#3317,.F.);
#3317 = EDGE_LOOP('',(#3318));
#3318 = ORIENTED_EDGE('',*,*,#3319,.T.);
#3319 = EDGE_CURVE('',#3320,#3320,#3322,.T.);
#3320 = VERTEX_POINT('',#3321);
#3321 = CARTESIAN_POINT('',(247.0825,-120.78,0.));
#3322 = CIRCLE('',#3323,0.5);
#3323 = AXIS2_PLACEMENT_3D('',#3324,#3325,#3326);
#3324 = CARTESIAN_POINT('',(247.0825,-120.28,0.));
#3325 = DIRECTION('',(-0.,0.,-1.));
#3326 = DIRECTION('',(-0.,-1.,0.));
#3327 = FACE_BOUND('',#3328,.F.);
#3328 = EDGE_LOOP('',(#3329));
#3329 = ORIENTED_EDGE('',*,*,#3330,.T.);
#3330 = EDGE_CURVE('',#3331,#3331,#3333,.T.);
#3331 = VERTEX_POINT('',#3332);
#3332 = CARTESIAN_POINT('',(247.0825,-118.24,0.));
#3333 = CIRCLE('',#3334,0.5);
#3334 = AXIS2_PLACEMENT_3D('',#3335,#3336,#3337);
#3335 = CARTESIAN_POINT('',(247.0825,-117.74,0.));
#3336 = DIRECTION('',(-0.,0.,-1.));
#3337 = DIRECTION('',(-0.,-1.,0.));
#3338 = FACE_BOUND('',#3339,.F.);
#3339 = EDGE_LOOP('',(#3340));
#3340 = ORIENTED_EDGE('',*,*,#3341,.T.);
#3341 = EDGE_CURVE('',#3342,#3342,#3344,.T.);
#3342 = VERTEX_POINT('',#3343);
#3343 = CARTESIAN_POINT('',(220.780852,-114.136713,0.));
#3344 = CIRCLE('',#3345,1.5);
#3345 = AXIS2_PLACEMENT_3D('',#3346,#3347,#3348);
#3346 = CARTESIAN_POINT('',(220.780852,-112.636713,0.));
#3347 = DIRECTION('',(-0.,0.,-1.));
#3348 = DIRECTION('',(-0.,-1.,0.));
#3349 = FACE_BOUND('',#3350,.F.);
#3350 = EDGE_LOOP('',(#3351));
#3351 = ORIENTED_EDGE('',*,*,#3352,.T.);
#3352 = EDGE_CURVE('',#3353,#3353,#3355,.T.);
#3353 = VERTEX_POINT('',#3354);
#3354 = CARTESIAN_POINT('',(231.8425,-115.7,0.));
#3355 = CIRCLE('',#3356,0.5);
#3356 = AXIS2_PLACEMENT_3D('',#3357,#3358,#3359);
#3357 = CARTESIAN_POINT('',(231.8425,-115.2,0.));
#3358 = DIRECTION('',(-0.,0.,-1.));
#3359 = DIRECTION('',(-0.,-1.,0.));
#3360 = FACE_BOUND('',#3361,.F.);
#3361 = EDGE_LOOP('',(#3362));
#3362 = ORIENTED_EDGE('',*,*,#3363,.T.);
#3363 = EDGE_CURVE('',#3364,#3364,#3366,.T.);
#3364 = VERTEX_POINT('',#3365);
#3365 = CARTESIAN_POINT('',(231.8425,-113.16,0.));
#3366 = CIRCLE('',#3367,0.5);
#3367 = AXIS2_PLACEMENT_3D('',#3368,#3369,#3370);
#3368 = CARTESIAN_POINT('',(231.8425,-112.66,0.));
#3369 = DIRECTION('',(-0.,0.,-1.));
#3370 = DIRECTION('',(-0.,-1.,0.));
#3371 = FACE_BOUND('',#3372,.F.);
#3372 = EDGE_LOOP('',(#3373));
#3373 = ORIENTED_EDGE('',*,*,#3374,.T.);
#3374 = EDGE_CURVE('',#3375,#3375,#3377,.T.);
#3375 = VERTEX_POINT('',#3376);
#3376 = CARTESIAN_POINT('',(231.8425,-110.62,0.));
#3377 = CIRCLE('',#3378,0.5);
#3378 = AXIS2_PLACEMENT_3D('',#3379,#3380,#3381);
#3379 = CARTESIAN_POINT('',(231.8425,-110.12,0.));
#3380 = DIRECTION('',(-0.,0.,-1.));
#3381 = DIRECTION('',(-0.,-1.,0.));
#3382 = FACE_BOUND('',#3383,.F.);
#3383 = EDGE_LOOP('',(#3384));
#3384 = ORIENTED_EDGE('',*,*,#3385,.T.);
#3385 = EDGE_CURVE('',#3386,#3386,#3388,.T.);
#3386 = VERTEX_POINT('',#3387);
#3387 = CARTESIAN_POINT('',(231.8425,-108.08,0.));
#3388 = CIRCLE('',#3389,0.5);
#3389 = AXIS2_PLACEMENT_3D('',#3390,#3391,#3392);
#3390 = CARTESIAN_POINT('',(231.8425,-107.58,0.));
#3391 = DIRECTION('',(-0.,0.,-1.));
#3392 = DIRECTION('',(-0.,-1.,0.));
#3393 = FACE_BOUND('',#3394,.F.);
#3394 = EDGE_LOOP('',(#3395));
#3395 = ORIENTED_EDGE('',*,*,#3396,.T.);
#3396 = EDGE_CURVE('',#3397,#3397,#3399,.T.);
#3397 = VERTEX_POINT('',#3398);
#3398 = CARTESIAN_POINT('',(231.8425,-105.54,0.));
#3399 = CIRCLE('',#3400,0.5);
#3400 = AXIS2_PLACEMENT_3D('',#3401,#3402,#3403);
#3401 = CARTESIAN_POINT('',(231.8425,-105.04,0.));
#3402 = DIRECTION('',(-0.,0.,-1.));
#3403 = DIRECTION('',(-0.,-1.,0.));
#3404 = FACE_BOUND('',#3405,.F.);
#3405 = EDGE_LOOP('',(#3406));
#3406 = ORIENTED_EDGE('',*,*,#3407,.T.);
#3407 = EDGE_CURVE('',#3408,#3408,#3410,.T.);
#3408 = VERTEX_POINT('',#3409);
#3409 = CARTESIAN_POINT('',(247.0825,-115.7,0.));
#3410 = CIRCLE('',#3411,0.5);
#3411 = AXIS2_PLACEMENT_3D('',#3412,#3413,#3414);
#3412 = CARTESIAN_POINT('',(247.0825,-115.2,0.));
#3413 = DIRECTION('',(-0.,0.,-1.));
#3414 = DIRECTION('',(-0.,-1.,0.));
#3415 = FACE_BOUND('',#3416,.F.);
#3416 = EDGE_LOOP('',(#3417));
#3417 = ORIENTED_EDGE('',*,*,#3418,.T.);
#3418 = EDGE_CURVE('',#3419,#3419,#3421,.T.);
#3419 = VERTEX_POINT('',#3420);
#3420 = CARTESIAN_POINT('',(247.0825,-113.16,0.));
#3421 = CIRCLE('',#3422,0.5);
#3422 = AXIS2_PLACEMENT_3D('',#3423,#3424,#3425);
#3423 = CARTESIAN_POINT('',(247.0825,-112.66,0.));
#3424 = DIRECTION('',(-0.,0.,-1.));
#3425 = DIRECTION('',(-0.,-1.,0.));
#3426 = FACE_BOUND('',#3427,.F.);
#3427 = EDGE_LOOP('',(#3428));
#3428 = ORIENTED_EDGE('',*,*,#3429,.T.);
#3429 = EDGE_CURVE('',#3430,#3430,#3432,.T.);
#3430 = VERTEX_POINT('',#3431);
#3431 = CARTESIAN_POINT('',(247.0825,-110.62,0.));
#3432 = CIRCLE('',#3433,0.5);
#3433 = AXIS2_PLACEMENT_3D('',#3434,#3435,#3436);
#3434 = CARTESIAN_POINT('',(247.0825,-110.12,0.));
#3435 = DIRECTION('',(-0.,0.,-1.));
#3436 = DIRECTION('',(-0.,-1.,0.));
#3437 = FACE_BOUND('',#3438,.F.);
#3438 = EDGE_LOOP('',(#3439));
#3439 = ORIENTED_EDGE('',*,*,#3440,.T.);
#3440 = EDGE_CURVE('',#3441,#3441,#3443,.T.);
#3441 = VERTEX_POINT('',#3442);
#3442 = CARTESIAN_POINT('',(247.0825,-108.08,0.));
#3443 = CIRCLE('',#3444,0.5);
#3444 = AXIS2_PLACEMENT_3D('',#3445,#3446,#3447);
#3445 = CARTESIAN_POINT('',(247.0825,-107.58,0.));
#3446 = DIRECTION('',(-0.,0.,-1.));
#3447 = DIRECTION('',(-0.,-1.,0.));
#3448 = FACE_BOUND('',#3449,.F.);
#3449 = EDGE_LOOP('',(#3450));
#3450 = ORIENTED_EDGE('',*,*,#3451,.T.);
#3451 = EDGE_CURVE('',#3452,#3452,#3454,.T.);
#3452 = VERTEX_POINT('',#3453);
#3453 = CARTESIAN_POINT('',(247.0825,-105.54,0.));
#3454 = CIRCLE('',#3455,0.5);
#3455 = AXIS2_PLACEMENT_3D('',#3456,#3457,#3458);
#3456 = CARTESIAN_POINT('',(247.0825,-105.04,0.));
#3457 = DIRECTION('',(-0.,0.,-1.));
#3458 = DIRECTION('',(-0.,-1.,0.));
#3459 = PLANE('',#3460);
#3460 = AXIS2_PLACEMENT_3D('',#3461,#3462,#3463);
#3461 = CARTESIAN_POINT('',(0.,0.,0.));
#3462 = DIRECTION('',(0.,0.,1.));
#3463 = DIRECTION('',(1.,0.,-0.));
#3464 = ADVANCED_FACE('',(#3465,#3642,#3653,#3664,#3675,#3686,#3697,
    #3708,#3719,#3730,#3741,#3752,#3763,#3774,#3785,#3796,#3807,#3818,
    #3829,#3840,#3851,#3862,#3873,#3884,#3895,#3906,#3917,#3928,#3939,
    #3950,#3961,#3972,#3983,#3994,#4005,#4016,#4027,#4038,#4049,#4060,
    #4071,#4082,#4093,#4104,#4115,#4126,#4137,#4148,#4159,#4170,#4181,
    #4192,#4203,#4214,#4225,#4236,#4247,#4258,#4269,#4280,#4291,#4302,
    #4313,#4324,#4335,#4346,#4357,#4368,#4379,#4390,#4401,#4412,#4423,
    #4434,#4445,#4456,#4467,#4478,#4489,#4500,#4511,#4522,#4533,#4544,
    #4555,#4566,#4577,#4588,#4599,#4610,#4621,#4632,#4643,#4654,#4665,
    #4676,#4687,#4698,#4709,#4720,#4731,#4742,#4778,#4789,#4825,#4836,
    #4872,#4908,#4919,#4930,#4941,#4952,#4988,#4999,#5035,#5046,#5057,
    #5068,#5079,#5090,#5101,#5112,#5123,#5134,#5145,#5156,#5167,#5178,
    #5189,#5200,#5211,#5222,#5233,#5244,#5255,#5266,#5277,#5288,#5299,
    #5310,#5321,#5332,#5343,#5354,#5365,#5376,#5387,#5398,#5409,#5420,
    #5431,#5442,#5453,#5464,#5475,#5486,#5497,#5508,#5519,#5530,#5541,
    #5552,#5563,#5574,#5585,#5596,#5607,#5618,#5629,#5640,#5651,#5662,
    #5673,#5684,#5695,#5706,#5717,#5728,#5739,#5750,#5761,#5772,#5783,
    #5794,#5805,#5816,#5827,#5838,#5849,#5860,#5871,#5882,#5893,#5904,
    #5915,#5926,#5937,#5948,#5959,#5970,#5981,#5992,#6003,#6014,#6025,
    #6036,#6047,#6058,#6069,#6080,#6091,#6102,#6113,#6124,#6135,#6146,
    #6157,#6168,#6179,#6190,#6201,#6212,#6223,#6234,#6245,#6256,#6267,
    #6278,#6289,#6300,#6311,#6322,#6333,#6344,#6355,#6366,#6377,#6388,
    #6399,#6410,#6421,#6432,#6443,#6454,#6465,#6476,#6487,#6498,#6509,
    #6520,#6531,#6542,#6553,#6564,#6575,#6586,#6597,#6608,#6619,#6630,
    #6641,#6652,#6663,#6674,#6685,#6696,#6707,#6718,#6729,#6740,#6751,
    #6762,#6773),#6784,.T.);
#3465 = FACE_BOUND('',#3466,.T.);
#3466 = EDGE_LOOP('',(#3467,#3468,#3469,#3477,#3485,#3493,#3501,#3509,
    #3518,#3526,#3535,#3543,#3552,#3560,#3569,#3577,#3585,#3593,#3601,
    #3610,#3618,#3627,#3635,#3641));
#3467 = ORIENTED_EDGE('',*,*,#49,.F.);
#3468 = ORIENTED_EDGE('',*,*,#89,.F.);
#3469 = ORIENTED_EDGE('',*,*,#3470,.F.);
#3470 = EDGE_CURVE('',#3471,#82,#3473,.T.);
#3471 = VERTEX_POINT('',#3472);
#3472 = CARTESIAN_POINT('',(168.75,-98.25,1.51));
#3473 = LINE('',#3474,#3475);
#3474 = CARTESIAN_POINT('',(168.75,-98.25,1.51));
#3475 = VECTOR('',#3476,1.);
#3476 = DIRECTION('',(1.,0.,0.));
#3477 = ORIENTED_EDGE('',*,*,#3478,.F.);
#3478 = EDGE_CURVE('',#3479,#3471,#3481,.T.);
#3479 = VERTEX_POINT('',#3480);
#3480 = CARTESIAN_POINT('',(163.25,-103.75,1.51));
#3481 = LINE('',#3482,#3483);
#3482 = CARTESIAN_POINT('',(163.25,-103.75,1.51));
#3483 = VECTOR('',#3484,1.);
#3484 = DIRECTION('',(0.707106781187,0.707106781187,0.));
#3485 = ORIENTED_EDGE('',*,*,#3486,.F.);
#3486 = EDGE_CURVE('',#3487,#3479,#3489,.T.);
#3487 = VERTEX_POINT('',#3488);
#3488 = CARTESIAN_POINT('',(150.,-103.75,1.51));
#3489 = LINE('',#3490,#3491);
#3490 = CARTESIAN_POINT('',(150.,-103.75,1.51));
#3491 = VECTOR('',#3492,1.);
#3492 = DIRECTION('',(1.,0.,0.));
#3493 = ORIENTED_EDGE('',*,*,#3494,.F.);
#3494 = EDGE_CURVE('',#3495,#3487,#3497,.T.);
#3495 = VERTEX_POINT('',#3496);
#3496 = CARTESIAN_POINT('',(137.99,-116.25,1.51));
#3497 = LINE('',#3498,#3499);
#3498 = CARTESIAN_POINT('',(137.99,-116.25,1.51));
#3499 = VECTOR('',#3500,1.);
#3500 = DIRECTION('',(0.69283197599,0.721099059107,0.));
#3501 = ORIENTED_EDGE('',*,*,#3502,.F.);
#3502 = EDGE_CURVE('',#3503,#3495,#3505,.T.);
#3503 = VERTEX_POINT('',#3504);
#3504 = CARTESIAN_POINT('',(110.5,-116.25,1.51));
#3505 = LINE('',#3506,#3507);
#3506 = CARTESIAN_POINT('',(110.5,-116.25,1.51));
#3507 = VECTOR('',#3508,1.);
#3508 = DIRECTION('',(1.,0.,0.));
#3509 = ORIENTED_EDGE('',*,*,#3510,.F.);
#3510 = EDGE_CURVE('',#3511,#3503,#3513,.T.);
#3511 = VERTEX_POINT('',#3512);
#3512 = CARTESIAN_POINT('',(108.992787,-117.730946,1.51));
#3513 = CIRCLE('',#3514,1.494705805552);
#3514 = AXIS2_PLACEMENT_3D('',#3515,#3516,#3517);
#3515 = CARTESIAN_POINT('',(110.48742995558,-117.7446529493,1.51));
#3516 = DIRECTION('',(0.,0.,-1.));
#3517 = DIRECTION('',(-0.999957951616,9.170332612414E-03,0.));
#3518 = ORIENTED_EDGE('',*,*,#3519,.F.);
#3519 = EDGE_CURVE('',#3520,#3511,#3522,.T.);
#3520 = VERTEX_POINT('',#3521);
#3521 = CARTESIAN_POINT('',(108.992787,-192.480946,1.51));
#3522 = LINE('',#3523,#3524);
#3523 = CARTESIAN_POINT('',(108.992787,-192.480946,1.51));
#3524 = VECTOR('',#3525,1.);
#3525 = DIRECTION('',(0.,1.,0.));
#3526 = ORIENTED_EDGE('',*,*,#3527,.F.);
#3527 = EDGE_CURVE('',#3528,#3520,#3530,.T.);
#3528 = VERTEX_POINT('',#3529);
#3529 = CARTESIAN_POINT('',(111.,-194.5,1.51));
#3530 = CIRCLE('',#3531,1.995038235587);
#3531 = AXIS2_PLACEMENT_3D('',#3532,#3533,#3534);
#3532 = CARTESIAN_POINT('',(110.9876802242,-192.5049998033,1.51));
#3533 = DIRECTION('',(0.,0.,-1.));
#3534 = DIRECTION('',(6.175207858621E-03,-0.999980933222,0.));
#3535 = ORIENTED_EDGE('',*,*,#3536,.F.);
#3536 = EDGE_CURVE('',#3537,#3528,#3539,.T.);
#3537 = VERTEX_POINT('',#3538);
#3538 = CARTESIAN_POINT('',(149.5,-194.5,1.51));
#3539 = LINE('',#3540,#3541);
#3540 = CARTESIAN_POINT('',(149.5,-194.5,1.51));
#3541 = VECTOR('',#3542,1.);
#3542 = DIRECTION('',(-1.,0.,0.));
#3543 = ORIENTED_EDGE('',*,*,#3544,.F.);
#3544 = EDGE_CURVE('',#3545,#3537,#3547,.T.);
#3545 = VERTEX_POINT('',#3546);
#3546 = CARTESIAN_POINT('',(151.,-196.,1.51));
#3547 = CIRCLE('',#3548,1.500000586493);
#3548 = AXIS2_PLACEMENT_3D('',#3549,#3550,#3551);
#3549 = CARTESIAN_POINT('',(149.4999994135,-196.0000005864,1.51));
#3550 = DIRECTION('',(0.,0.,1.));
#3551 = DIRECTION('',(1.,3.909953331848E-07,-0.));
#3552 = ORIENTED_EDGE('',*,*,#3553,.F.);
#3553 = EDGE_CURVE('',#3554,#3545,#3556,.T.);
#3554 = VERTEX_POINT('',#3555);
#3555 = CARTESIAN_POINT('',(150.997537,-201.740908,1.51));
#3556 = LINE('',#3557,#3558);
#3557 = CARTESIAN_POINT('',(150.997537,-201.740908,1.51));
#3558 = VECTOR('',#3559,1.);
#3559 = DIRECTION('',(4.290261703082E-04,0.999999907968,0.));
#3560 = ORIENTED_EDGE('',*,*,#3561,.F.);
#3561 = EDGE_CURVE('',#3562,#3554,#3564,.T.);
#3562 = VERTEX_POINT('',#3563);
#3563 = CARTESIAN_POINT('',(152.497537,-203.240908,1.51));
#3564 = CIRCLE('',#3565,1.500000586493);
#3565 = AXIS2_PLACEMENT_3D('',#3566,#3567,#3568);
#3566 = CARTESIAN_POINT('',(152.49753758649,-201.7409074135,1.51));
#3567 = DIRECTION('',(0.,0.,-1.));
#3568 = DIRECTION('',(-3.909953710804E-07,-1.,-0.));
#3569 = ORIENTED_EDGE('',*,*,#3570,.F.);
#3570 = EDGE_CURVE('',#3571,#3562,#3573,.T.);
#3571 = VERTEX_POINT('',#3572);
#3572 = CARTESIAN_POINT('',(191.5,-203.25,1.51));
#3573 = LINE('',#3574,#3575);
#3574 = CARTESIAN_POINT('',(191.5,-203.25,1.51));
#3575 = VECTOR('',#3576,1.);
#3576 = DIRECTION('',(-0.999999972829,2.331134767815E-04,0.));
#3577 = ORIENTED_EDGE('',*,*,#3578,.F.);
#3578 = EDGE_CURVE('',#3579,#3571,#3581,.T.);
#3579 = VERTEX_POINT('',#3580);
#3580 = CARTESIAN_POINT('',(211.25,-206.5,1.51));
#3581 = LINE('',#3582,#3583);
#3582 = CARTESIAN_POINT('',(211.25,-206.5,1.51));
#3583 = VECTOR('',#3584,1.);
#3584 = DIRECTION('',(-0.986729418533,0.162373195455,0.));
#3585 = ORIENTED_EDGE('',*,*,#3586,.F.);
#3586 = EDGE_CURVE('',#3587,#3579,#3589,.T.);
#3587 = VERTEX_POINT('',#3588);
#3588 = CARTESIAN_POINT('',(231.75,-214.,1.51));
#3589 = LINE('',#3590,#3591);
#3590 = CARTESIAN_POINT('',(231.75,-214.,1.51));
#3591 = VECTOR('',#3592,1.);
#3592 = DIRECTION('',(-0.93912285212,0.343581531264,0.));
#3593 = ORIENTED_EDGE('',*,*,#3594,.F.);
#3594 = EDGE_CURVE('',#3595,#3587,#3597,.T.);
#3595 = VERTEX_POINT('',#3596);
#3596 = CARTESIAN_POINT('',(247.5,-223.5,1.51));
#3597 = LINE('',#3598,#3599);
#3598 = CARTESIAN_POINT('',(247.5,-223.5,1.51));
#3599 = VECTOR('',#3600,1.);
#3600 = DIRECTION('',(-0.85629130855,0.516493170237,0.));
#3601 = ORIENTED_EDGE('',*,*,#3602,.F.);
#3602 = EDGE_CURVE('',#3603,#3595,#3605,.T.);
#3603 = VERTEX_POINT('',#3604);
#3604 = CARTESIAN_POINT('',(250.573689,-222.889806,1.51));
#3605 = CIRCLE('',#3606,2.150581060352);
#3606 = AXIS2_PLACEMENT_3D('',#3607,#3608,#3609);
#3607 = CARTESIAN_POINT('',(248.74999993762,-221.7500002705,1.51));
#3608 = DIRECTION('',(-0.,0.,-1.));
#3609 = DIRECTION('',(0.847998290323,-0.529998961894,-0.));
#3610 = ORIENTED_EDGE('',*,*,#3611,.F.);
#3611 = EDGE_CURVE('',#3612,#3603,#3614,.T.);
#3612 = VERTEX_POINT('',#3613);
#3613 = CARTESIAN_POINT('',(258.412789,-208.446517,1.51));
#3614 = LINE('',#3615,#3616);
#3615 = CARTESIAN_POINT('',(258.412789,-208.446517,1.51));
#3616 = VECTOR('',#3617,1.);
#3617 = DIRECTION('',(-0.477019358272,-0.878892787451,0.));
#3618 = ORIENTED_EDGE('',*,*,#3619,.F.);
#3619 = EDGE_CURVE('',#3620,#3612,#3622,.T.);
#3620 = VERTEX_POINT('',#3621);
#3621 = CARTESIAN_POINT('',(257.75,-206.25,1.51));
#3622 = CIRCLE('',#3623,1.802776969149);
#3623 = AXIS2_PLACEMENT_3D('',#3624,#3625,#3626);
#3624 = CARTESIAN_POINT('',(256.74999909743,-207.7500009984,1.51));
#3625 = DIRECTION('',(0.,0.,-1.));
#3626 = DIRECTION('',(0.554700287213,0.832050233679,0.));
#3627 = ORIENTED_EDGE('',*,*,#3628,.F.);
#3628 = EDGE_CURVE('',#3629,#3620,#3631,.T.);
#3629 = VERTEX_POINT('',#3630);
#3630 = CARTESIAN_POINT('',(253.25,-203.5,1.51));
#3631 = LINE('',#3632,#3633);
#3632 = CARTESIAN_POINT('',(253.25,-203.5,1.51));
#3633 = VECTOR('',#3634,1.);
#3634 = DIRECTION('',(0.853281833652,-0.521450009454,0.));
#3635 = ORIENTED_EDGE('',*,*,#3636,.F.);
#3636 = EDGE_CURVE('',#112,#3629,#3637,.T.);
#3637 = LINE('',#3638,#3639);
#3638 = CARTESIAN_POINT('',(253.25,-103.25,1.51));
#3639 = VECTOR('',#3640,1.);
#3640 = DIRECTION('',(0.,-1.,0.));
#3641 = ORIENTED_EDGE('',*,*,#111,.F.);
#3642 = FACE_BOUND('',#3643,.T.);
#3643 = EDGE_LOOP('',(#3644));
#3644 = ORIENTED_EDGE('',*,*,#3645,.T.);
#3645 = EDGE_CURVE('',#3646,#3646,#3648,.T.);
#3646 = VERTEX_POINT('',#3647);
#3647 = CARTESIAN_POINT('',(157.360852,-197.982013,1.51));
#3648 = CIRCLE('',#3649,0.4953);
#3649 = AXIS2_PLACEMENT_3D('',#3650,#3651,#3652);
#3650 = CARTESIAN_POINT('',(157.360852,-197.486713,1.51));
#3651 = DIRECTION('',(-0.,0.,-1.));
#3652 = DIRECTION('',(-5.738281734385E-14,-1.,0.));
#3653 = FACE_BOUND('',#3654,.T.);
#3654 = EDGE_LOOP('',(#3655));
#3655 = ORIENTED_EDGE('',*,*,#3656,.T.);
#3656 = EDGE_CURVE('',#3657,#3657,#3659,.T.);
#3657 = VERTEX_POINT('',#3658);
#3658 = CARTESIAN_POINT('',(157.080852,-194.137613,1.51));
#3659 = CIRCLE('',#3660,0.8509);
#3660 = AXIS2_PLACEMENT_3D('',#3661,#3662,#3663);
#3661 = CARTESIAN_POINT('',(157.080852,-193.286713,1.51));
#3662 = DIRECTION('',(-0.,0.,-1.));
#3663 = DIRECTION('',(-0.,-1.,0.));
#3664 = FACE_BOUND('',#3665,.T.);
#3665 = EDGE_LOOP('',(#3666));
#3666 = ORIENTED_EDGE('',*,*,#3667,.T.);
#3667 = EDGE_CURVE('',#3668,#3668,#3670,.T.);
#3668 = VERTEX_POINT('',#3669);
#3669 = CARTESIAN_POINT('',(162.580852,-195.001213,1.51));
#3670 = CIRCLE('',#3671,1.7145);
#3671 = AXIS2_PLACEMENT_3D('',#3672,#3673,#3674);
#3672 = CARTESIAN_POINT('',(162.580852,-193.286713,1.51));
#3673 = DIRECTION('',(-0.,0.,-1.));
#3674 = DIRECTION('',(-0.,-1.,0.));
#3675 = FACE_BOUND('',#3676,.T.);
#3676 = EDGE_LOOP('',(#3677));
#3677 = ORIENTED_EDGE('',*,*,#3678,.T.);
#3678 = EDGE_CURVE('',#3679,#3679,#3681,.T.);
#3679 = VERTEX_POINT('',#3680);
#3680 = CARTESIAN_POINT('',(157.580852,-191.036713,1.51));
#3681 = CIRCLE('',#3682,1.5);
#3682 = AXIS2_PLACEMENT_3D('',#3683,#3684,#3685);
#3683 = CARTESIAN_POINT('',(157.580852,-189.536713,1.51));
#3684 = DIRECTION('',(-0.,0.,-1.));
#3685 = DIRECTION('',(-0.,-1.,0.));
#3686 = FACE_BOUND('',#3687,.T.);
#3687 = EDGE_LOOP('',(#3688));
#3688 = ORIENTED_EDGE('',*,*,#3689,.T.);
#3689 = EDGE_CURVE('',#3690,#3690,#3692,.T.);
#3690 = VERTEX_POINT('',#3691);
#3691 = CARTESIAN_POINT('',(167.800852,-197.982013,1.51));
#3692 = CIRCLE('',#3693,0.4953);
#3693 = AXIS2_PLACEMENT_3D('',#3694,#3695,#3696);
#3694 = CARTESIAN_POINT('',(167.800852,-197.486713,1.51));
#3695 = DIRECTION('',(-0.,0.,-1.));
#3696 = DIRECTION('',(-5.738281734385E-14,-1.,0.));
#3697 = FACE_BOUND('',#3698,.T.);
#3698 = EDGE_LOOP('',(#3699));
#3699 = ORIENTED_EDGE('',*,*,#3700,.T.);
#3700 = EDGE_CURVE('',#3701,#3701,#3703,.T.);
#3701 = VERTEX_POINT('',#3702);
#3702 = CARTESIAN_POINT('',(178.260852,-197.982013,1.51));
#3703 = CIRCLE('',#3704,0.4953);
#3704 = AXIS2_PLACEMENT_3D('',#3705,#3706,#3707);
#3705 = CARTESIAN_POINT('',(178.260852,-197.486713,1.51));
#3706 = DIRECTION('',(-0.,0.,-1.));
#3707 = DIRECTION('',(-0.,-1.,0.));
#3708 = FACE_BOUND('',#3709,.T.);
#3709 = EDGE_LOOP('',(#3710));
#3710 = ORIENTED_EDGE('',*,*,#3711,.T.);
#3711 = EDGE_CURVE('',#3712,#3712,#3714,.T.);
#3712 = VERTEX_POINT('',#3713);
#3713 = CARTESIAN_POINT('',(168.080852,-194.137613,1.51));
#3714 = CIRCLE('',#3715,0.8509);
#3715 = AXIS2_PLACEMENT_3D('',#3716,#3717,#3718);
#3716 = CARTESIAN_POINT('',(168.080852,-193.286713,1.51));
#3717 = DIRECTION('',(-0.,0.,-1.));
#3718 = DIRECTION('',(-0.,-1.,0.));
#3719 = FACE_BOUND('',#3720,.T.);
#3720 = EDGE_LOOP('',(#3721));
#3721 = ORIENTED_EDGE('',*,*,#3722,.T.);
#3722 = EDGE_CURVE('',#3723,#3723,#3725,.T.);
#3723 = VERTEX_POINT('',#3724);
#3724 = CARTESIAN_POINT('',(167.580852,-191.036713,1.51));
#3725 = CIRCLE('',#3726,1.5);
#3726 = AXIS2_PLACEMENT_3D('',#3727,#3728,#3729);
#3727 = CARTESIAN_POINT('',(167.580852,-189.536713,1.51));
#3728 = DIRECTION('',(-0.,0.,-1.));
#3729 = DIRECTION('',(-0.,-1.,0.));
#3730 = FACE_BOUND('',#3731,.T.);
#3731 = EDGE_LOOP('',(#3732));
#3732 = ORIENTED_EDGE('',*,*,#3733,.T.);
#3733 = EDGE_CURVE('',#3734,#3734,#3736,.T.);
#3734 = VERTEX_POINT('',#3735);
#3735 = CARTESIAN_POINT('',(177.980852,-194.137613,1.51));
#3736 = CIRCLE('',#3737,0.8509);
#3737 = AXIS2_PLACEMENT_3D('',#3738,#3739,#3740);
#3738 = CARTESIAN_POINT('',(177.980852,-193.286713,1.51));
#3739 = DIRECTION('',(-0.,0.,-1.));
#3740 = DIRECTION('',(-0.,-1.,0.));
#3741 = FACE_BOUND('',#3742,.T.);
#3742 = EDGE_LOOP('',(#3743));
#3743 = ORIENTED_EDGE('',*,*,#3744,.T.);
#3744 = EDGE_CURVE('',#3745,#3745,#3747,.T.);
#3745 = VERTEX_POINT('',#3746);
#3746 = CARTESIAN_POINT('',(178.480852,-191.036713,1.51));
#3747 = CIRCLE('',#3748,1.5);
#3748 = AXIS2_PLACEMENT_3D('',#3749,#3750,#3751);
#3749 = CARTESIAN_POINT('',(178.480852,-189.536713,1.51));
#3750 = DIRECTION('',(-0.,0.,-1.));
#3751 = DIRECTION('',(-0.,-1.,0.));
#3752 = FACE_BOUND('',#3753,.T.);
#3753 = EDGE_LOOP('',(#3754));
#3754 = ORIENTED_EDGE('',*,*,#3755,.T.);
#3755 = EDGE_CURVE('',#3756,#3756,#3758,.T.);
#3756 = VERTEX_POINT('',#3757);
#3757 = CARTESIAN_POINT('',(115.560852,-188.082013,1.51));
#3758 = CIRCLE('',#3759,0.4953);
#3759 = AXIS2_PLACEMENT_3D('',#3760,#3761,#3762);
#3760 = CARTESIAN_POINT('',(115.560852,-187.586713,1.51));
#3761 = DIRECTION('',(-0.,0.,-1.));
#3762 = DIRECTION('',(-0.,-1.,0.));
#3763 = FACE_BOUND('',#3764,.T.);
#3764 = EDGE_LOOP('',(#3765));
#3765 = ORIENTED_EDGE('',*,*,#3766,.T.);
#3766 = EDGE_CURVE('',#3767,#3767,#3769,.T.);
#3767 = VERTEX_POINT('',#3768);
#3768 = CARTESIAN_POINT('',(115.280852,-184.237613,1.51));
#3769 = CIRCLE('',#3770,0.8509);
#3770 = AXIS2_PLACEMENT_3D('',#3771,#3772,#3773);
#3771 = CARTESIAN_POINT('',(115.280852,-183.386713,1.51));
#3772 = DIRECTION('',(-0.,0.,-1.));
#3773 = DIRECTION('',(-1.670096922694E-14,-1.,0.));
#3774 = FACE_BOUND('',#3775,.T.);
#3775 = EDGE_LOOP('',(#3776));
#3776 = ORIENTED_EDGE('',*,*,#3777,.T.);
#3777 = EDGE_CURVE('',#3778,#3778,#3780,.T.);
#3778 = VERTEX_POINT('',#3779);
#3779 = CARTESIAN_POINT('',(120.780852,-185.101213,1.51));
#3780 = CIRCLE('',#3781,1.7145);
#3781 = AXIS2_PLACEMENT_3D('',#3782,#3783,#3784);
#3782 = CARTESIAN_POINT('',(120.780852,-183.386713,1.51));
#3783 = DIRECTION('',(-0.,0.,-1.));
#3784 = DIRECTION('',(-0.,-1.,0.));
#3785 = FACE_BOUND('',#3786,.T.);
#3786 = EDGE_LOOP('',(#3787));
#3787 = ORIENTED_EDGE('',*,*,#3788,.T.);
#3788 = EDGE_CURVE('',#3789,#3789,#3791,.T.);
#3789 = VERTEX_POINT('',#3790);
#3790 = CARTESIAN_POINT('',(126.000852,-188.082013,1.51));
#3791 = CIRCLE('',#3792,0.4953);
#3792 = AXIS2_PLACEMENT_3D('',#3793,#3794,#3795);
#3793 = CARTESIAN_POINT('',(126.000852,-187.586713,1.51));
#3794 = DIRECTION('',(-0.,0.,-1.));
#3795 = DIRECTION('',(-0.,-1.,0.));
#3796 = FACE_BOUND('',#3797,.T.);
#3797 = EDGE_LOOP('',(#3798));
#3798 = ORIENTED_EDGE('',*,*,#3799,.T.);
#3799 = EDGE_CURVE('',#3800,#3800,#3802,.T.);
#3800 = VERTEX_POINT('',#3801);
#3801 = CARTESIAN_POINT('',(126.280852,-184.237613,1.51));
#3802 = CIRCLE('',#3803,0.8509);
#3803 = AXIS2_PLACEMENT_3D('',#3804,#3805,#3806);
#3804 = CARTESIAN_POINT('',(126.280852,-183.386713,1.51));
#3805 = DIRECTION('',(-0.,0.,-1.));
#3806 = DIRECTION('',(-1.670096922694E-14,-1.,0.));
#3807 = FACE_BOUND('',#3808,.T.);
#3808 = EDGE_LOOP('',(#3809));
#3809 = ORIENTED_EDGE('',*,*,#3810,.T.);
#3810 = EDGE_CURVE('',#3811,#3811,#3813,.T.);
#3811 = VERTEX_POINT('',#3812);
#3812 = CARTESIAN_POINT('',(115.780852,-181.136713,1.51));
#3813 = CIRCLE('',#3814,1.5);
#3814 = AXIS2_PLACEMENT_3D('',#3815,#3816,#3817);
#3815 = CARTESIAN_POINT('',(115.780852,-179.636713,1.51));
#3816 = DIRECTION('',(-0.,0.,-1.));
#3817 = DIRECTION('',(-0.,-1.,0.));
#3818 = FACE_BOUND('',#3819,.T.);
#3819 = EDGE_LOOP('',(#3820));
#3820 = ORIENTED_EDGE('',*,*,#3821,.T.);
#3821 = EDGE_CURVE('',#3822,#3822,#3824,.T.);
#3822 = VERTEX_POINT('',#3823);
#3823 = CARTESIAN_POINT('',(120.780852,-178.936713,1.51));
#3824 = CIRCLE('',#3825,1.5);
#3825 = AXIS2_PLACEMENT_3D('',#3826,#3827,#3828);
#3826 = CARTESIAN_POINT('',(120.780852,-177.436713,1.51));
#3827 = DIRECTION('',(-0.,0.,-1.));
#3828 = DIRECTION('',(-0.,-1.,0.));
#3829 = FACE_BOUND('',#3830,.T.);
#3830 = EDGE_LOOP('',(#3831));
#3831 = ORIENTED_EDGE('',*,*,#3832,.T.);
#3832 = EDGE_CURVE('',#3833,#3833,#3835,.T.);
#3833 = VERTEX_POINT('',#3834);
#3834 = CARTESIAN_POINT('',(125.780852,-181.136713,1.51));
#3835 = CIRCLE('',#3836,1.5);
#3836 = AXIS2_PLACEMENT_3D('',#3837,#3838,#3839);
#3837 = CARTESIAN_POINT('',(125.780852,-179.636713,1.51));
#3838 = DIRECTION('',(-0.,0.,-1.));
#3839 = DIRECTION('',(-0.,-1.,0.));
#3840 = FACE_BOUND('',#3841,.T.);
#3841 = EDGE_LOOP('',(#3842));
#3842 = ORIENTED_EDGE('',*,*,#3843,.T.);
#3843 = EDGE_CURVE('',#3844,#3844,#3846,.T.);
#3844 = VERTEX_POINT('',#3845);
#3845 = CARTESIAN_POINT('',(134.560852,-188.082013,1.51));
#3846 = CIRCLE('',#3847,0.4953);
#3847 = AXIS2_PLACEMENT_3D('',#3848,#3849,#3850);
#3848 = CARTESIAN_POINT('',(134.560852,-187.586713,1.51));
#3849 = DIRECTION('',(-0.,0.,-1.));
#3850 = DIRECTION('',(-0.,-1.,0.));
#3851 = FACE_BOUND('',#3852,.T.);
#3852 = EDGE_LOOP('',(#3853));
#3853 = ORIENTED_EDGE('',*,*,#3854,.T.);
#3854 = EDGE_CURVE('',#3855,#3855,#3857,.T.);
#3855 = VERTEX_POINT('',#3856);
#3856 = CARTESIAN_POINT('',(134.280852,-184.237613,1.51));
#3857 = CIRCLE('',#3858,0.8509);
#3858 = AXIS2_PLACEMENT_3D('',#3859,#3860,#3861);
#3859 = CARTESIAN_POINT('',(134.280852,-183.386713,1.51));
#3860 = DIRECTION('',(-0.,0.,-1.));
#3861 = DIRECTION('',(3.340193845388E-14,-1.,-0.));
#3862 = FACE_BOUND('',#3863,.T.);
#3863 = EDGE_LOOP('',(#3864));
#3864 = ORIENTED_EDGE('',*,*,#3865,.T.);
#3865 = EDGE_CURVE('',#3866,#3866,#3868,.T.);
#3866 = VERTEX_POINT('',#3867);
#3867 = CARTESIAN_POINT('',(139.780852,-185.101213,1.51));
#3868 = CIRCLE('',#3869,1.7145);
#3869 = AXIS2_PLACEMENT_3D('',#3870,#3871,#3872);
#3870 = CARTESIAN_POINT('',(139.780852,-183.386713,1.51));
#3871 = DIRECTION('',(-0.,0.,-1.));
#3872 = DIRECTION('',(1.657725834378E-14,-1.,-0.));
#3873 = FACE_BOUND('',#3874,.T.);
#3874 = EDGE_LOOP('',(#3875));
#3875 = ORIENTED_EDGE('',*,*,#3876,.T.);
#3876 = EDGE_CURVE('',#3877,#3877,#3879,.T.);
#3877 = VERTEX_POINT('',#3878);
#3878 = CARTESIAN_POINT('',(145.000852,-188.082013,1.51));
#3879 = CIRCLE('',#3880,0.4953);
#3880 = AXIS2_PLACEMENT_3D('',#3881,#3882,#3883);
#3881 = CARTESIAN_POINT('',(145.000852,-187.586713,1.51));
#3882 = DIRECTION('',(-0.,0.,-1.));
#3883 = DIRECTION('',(-0.,-1.,0.));
#3884 = FACE_BOUND('',#3885,.T.);
#3885 = EDGE_LOOP('',(#3886));
#3886 = ORIENTED_EDGE('',*,*,#3887,.T.);
#3887 = EDGE_CURVE('',#3888,#3888,#3890,.T.);
#3888 = VERTEX_POINT('',#3889);
#3889 = CARTESIAN_POINT('',(145.280852,-184.237613,1.51));
#3890 = CIRCLE('',#3891,0.8509);
#3891 = AXIS2_PLACEMENT_3D('',#3892,#3893,#3894);
#3892 = CARTESIAN_POINT('',(145.280852,-183.386713,1.51));
#3893 = DIRECTION('',(-0.,0.,-1.));
#3894 = DIRECTION('',(3.340193845388E-14,-1.,-0.));
#3895 = FACE_BOUND('',#3896,.T.);
#3896 = EDGE_LOOP('',(#3897));
#3897 = ORIENTED_EDGE('',*,*,#3898,.T.);
#3898 = EDGE_CURVE('',#3899,#3899,#3901,.T.);
#3899 = VERTEX_POINT('',#3900);
#3900 = CARTESIAN_POINT('',(134.780852,-181.136713,1.51));
#3901 = CIRCLE('',#3902,1.5);
#3902 = AXIS2_PLACEMENT_3D('',#3903,#3904,#3905);
#3903 = CARTESIAN_POINT('',(134.780852,-179.636713,1.51));
#3904 = DIRECTION('',(-0.,0.,-1.));
#3905 = DIRECTION('',(-0.,-1.,0.));
#3906 = FACE_BOUND('',#3907,.T.);
#3907 = EDGE_LOOP('',(#3908));
#3908 = ORIENTED_EDGE('',*,*,#3909,.T.);
#3909 = EDGE_CURVE('',#3910,#3910,#3912,.T.);
#3910 = VERTEX_POINT('',#3911);
#3911 = CARTESIAN_POINT('',(139.780852,-178.936713,1.51));
#3912 = CIRCLE('',#3913,1.5);
#3913 = AXIS2_PLACEMENT_3D('',#3914,#3915,#3916);
#3914 = CARTESIAN_POINT('',(139.780852,-177.436713,1.51));
#3915 = DIRECTION('',(-0.,0.,-1.));
#3916 = DIRECTION('',(-0.,-1.,0.));
#3917 = FACE_BOUND('',#3918,.T.);
#3918 = EDGE_LOOP('',(#3919));
#3919 = ORIENTED_EDGE('',*,*,#3920,.T.);
#3920 = EDGE_CURVE('',#3921,#3921,#3923,.T.);
#3921 = VERTEX_POINT('',#3922);
#3922 = CARTESIAN_POINT('',(144.780852,-181.136713,1.51));
#3923 = CIRCLE('',#3924,1.5);
#3924 = AXIS2_PLACEMENT_3D('',#3925,#3926,#3927);
#3925 = CARTESIAN_POINT('',(144.780852,-179.636713,1.51));
#3926 = DIRECTION('',(-0.,0.,-1.));
#3927 = DIRECTION('',(-0.,-1.,0.));
#3928 = FACE_BOUND('',#3929,.T.);
#3929 = EDGE_LOOP('',(#3930));
#3930 = ORIENTED_EDGE('',*,*,#3931,.T.);
#3931 = EDGE_CURVE('',#3932,#3932,#3934,.T.);
#3932 = VERTEX_POINT('',#3933);
#3933 = CARTESIAN_POINT('',(115.560852,-169.082013,1.51));
#3934 = CIRCLE('',#3935,0.4953);
#3935 = AXIS2_PLACEMENT_3D('',#3936,#3937,#3938);
#3936 = CARTESIAN_POINT('',(115.560852,-168.586713,1.51));
#3937 = DIRECTION('',(-0.,0.,-1.));
#3938 = DIRECTION('',(-0.,-1.,0.));
#3939 = FACE_BOUND('',#3940,.T.);
#3940 = EDGE_LOOP('',(#3941));
#3941 = ORIENTED_EDGE('',*,*,#3942,.T.);
#3942 = EDGE_CURVE('',#3943,#3943,#3945,.T.);
#3943 = VERTEX_POINT('',#3944);
#3944 = CARTESIAN_POINT('',(126.000852,-169.082013,1.51));
#3945 = CIRCLE('',#3946,0.4953);
#3946 = AXIS2_PLACEMENT_3D('',#3947,#3948,#3949);
#3947 = CARTESIAN_POINT('',(126.000852,-168.586713,1.51));
#3948 = DIRECTION('',(-0.,0.,-1.));
#3949 = DIRECTION('',(-0.,-1.,0.));
#3950 = FACE_BOUND('',#3951,.T.);
#3951 = EDGE_LOOP('',(#3952));
#3952 = ORIENTED_EDGE('',*,*,#3953,.T.);
#3953 = EDGE_CURVE('',#3954,#3954,#3956,.T.);
#3954 = VERTEX_POINT('',#3955);
#3955 = CARTESIAN_POINT('',(115.280852,-165.237613,1.51));
#3956 = CIRCLE('',#3957,0.8509);
#3957 = AXIS2_PLACEMENT_3D('',#3958,#3959,#3960);
#3958 = CARTESIAN_POINT('',(115.280852,-164.386713,1.51));
#3959 = DIRECTION('',(-0.,0.,-1.));
#3960 = DIRECTION('',(-1.670096922694E-14,-1.,0.));
#3961 = FACE_BOUND('',#3962,.T.);
#3962 = EDGE_LOOP('',(#3963));
#3963 = ORIENTED_EDGE('',*,*,#3964,.T.);
#3964 = EDGE_CURVE('',#3965,#3965,#3967,.T.);
#3965 = VERTEX_POINT('',#3966);
#3966 = CARTESIAN_POINT('',(120.780852,-166.101213,1.51));
#3967 = CIRCLE('',#3968,1.7145);
#3968 = AXIS2_PLACEMENT_3D('',#3969,#3970,#3971);
#3969 = CARTESIAN_POINT('',(120.780852,-164.386713,1.51));
#3970 = DIRECTION('',(-0.,0.,-1.));
#3971 = DIRECTION('',(-0.,-1.,0.));
#3972 = FACE_BOUND('',#3973,.T.);
#3973 = EDGE_LOOP('',(#3974));
#3974 = ORIENTED_EDGE('',*,*,#3975,.T.);
#3975 = EDGE_CURVE('',#3976,#3976,#3978,.T.);
#3976 = VERTEX_POINT('',#3977);
#3977 = CARTESIAN_POINT('',(115.780852,-162.136713,1.51));
#3978 = CIRCLE('',#3979,1.5);
#3979 = AXIS2_PLACEMENT_3D('',#3980,#3981,#3982);
#3980 = CARTESIAN_POINT('',(115.780852,-160.636713,1.51));
#3981 = DIRECTION('',(-0.,0.,-1.));
#3982 = DIRECTION('',(-0.,-1.,0.));
#3983 = FACE_BOUND('',#3984,.T.);
#3984 = EDGE_LOOP('',(#3985));
#3985 = ORIENTED_EDGE('',*,*,#3986,.T.);
#3986 = EDGE_CURVE('',#3987,#3987,#3989,.T.);
#3987 = VERTEX_POINT('',#3988);
#3988 = CARTESIAN_POINT('',(126.280852,-165.237613,1.51));
#3989 = CIRCLE('',#3990,0.8509);
#3990 = AXIS2_PLACEMENT_3D('',#3991,#3992,#3993);
#3991 = CARTESIAN_POINT('',(126.280852,-164.386713,1.51));
#3992 = DIRECTION('',(-0.,0.,-1.));
#3993 = DIRECTION('',(-1.670096922694E-14,-1.,0.));
#3994 = FACE_BOUND('',#3995,.T.);
#3995 = EDGE_LOOP('',(#3996));
#3996 = ORIENTED_EDGE('',*,*,#3997,.T.);
#3997 = EDGE_CURVE('',#3998,#3998,#4000,.T.);
#3998 = VERTEX_POINT('',#3999);
#3999 = CARTESIAN_POINT('',(125.780852,-162.136713,1.51));
#4000 = CIRCLE('',#4001,1.5);
#4001 = AXIS2_PLACEMENT_3D('',#4002,#4003,#4004);
#4002 = CARTESIAN_POINT('',(125.780852,-160.636713,1.51));
#4003 = DIRECTION('',(-0.,0.,-1.));
#4004 = DIRECTION('',(-0.,-1.,0.));
#4005 = FACE_BOUND('',#4006,.T.);
#4006 = EDGE_LOOP('',(#4007));
#4007 = ORIENTED_EDGE('',*,*,#4008,.T.);
#4008 = EDGE_CURVE('',#4009,#4009,#4011,.T.);
#4009 = VERTEX_POINT('',#4010);
#4010 = CARTESIAN_POINT('',(134.560852,-169.082013,1.51));
#4011 = CIRCLE('',#4012,0.4953);
#4012 = AXIS2_PLACEMENT_3D('',#4013,#4014,#4015);
#4013 = CARTESIAN_POINT('',(134.560852,-168.586713,1.51));
#4014 = DIRECTION('',(-0.,0.,-1.));
#4015 = DIRECTION('',(-0.,-1.,0.));
#4016 = FACE_BOUND('',#4017,.T.);
#4017 = EDGE_LOOP('',(#4018));
#4018 = ORIENTED_EDGE('',*,*,#4019,.T.);
#4019 = EDGE_CURVE('',#4020,#4020,#4022,.T.);
#4020 = VERTEX_POINT('',#4021);
#4021 = CARTESIAN_POINT('',(145.000852,-169.082013,1.51));
#4022 = CIRCLE('',#4023,0.4953);
#4023 = AXIS2_PLACEMENT_3D('',#4024,#4025,#4026);
#4024 = CARTESIAN_POINT('',(145.000852,-168.586713,1.51));
#4025 = DIRECTION('',(-0.,0.,-1.));
#4026 = DIRECTION('',(-0.,-1.,0.));
#4027 = FACE_BOUND('',#4028,.T.);
#4028 = EDGE_LOOP('',(#4029));
#4029 = ORIENTED_EDGE('',*,*,#4030,.T.);
#4030 = EDGE_CURVE('',#4031,#4031,#4033,.T.);
#4031 = VERTEX_POINT('',#4032);
#4032 = CARTESIAN_POINT('',(134.280852,-165.237613,1.51));
#4033 = CIRCLE('',#4034,0.8509);
#4034 = AXIS2_PLACEMENT_3D('',#4035,#4036,#4037);
#4035 = CARTESIAN_POINT('',(134.280852,-164.386713,1.51));
#4036 = DIRECTION('',(-0.,0.,-1.));
#4037 = DIRECTION('',(3.340193845388E-14,-1.,-0.));
#4038 = FACE_BOUND('',#4039,.T.);
#4039 = EDGE_LOOP('',(#4040));
#4040 = ORIENTED_EDGE('',*,*,#4041,.T.);
#4041 = EDGE_CURVE('',#4042,#4042,#4044,.T.);
#4042 = VERTEX_POINT('',#4043);
#4043 = CARTESIAN_POINT('',(139.780852,-166.101213,1.51));
#4044 = CIRCLE('',#4045,1.7145);
#4045 = AXIS2_PLACEMENT_3D('',#4046,#4047,#4048);
#4046 = CARTESIAN_POINT('',(139.780852,-164.386713,1.51));
#4047 = DIRECTION('',(-0.,0.,-1.));
#4048 = DIRECTION('',(1.657725834378E-14,-1.,-0.));
#4049 = FACE_BOUND('',#4050,.T.);
#4050 = EDGE_LOOP('',(#4051));
#4051 = ORIENTED_EDGE('',*,*,#4052,.T.);
#4052 = EDGE_CURVE('',#4053,#4053,#4055,.T.);
#4053 = VERTEX_POINT('',#4054);
#4054 = CARTESIAN_POINT('',(134.780852,-162.136713,1.51));
#4055 = CIRCLE('',#4056,1.5);
#4056 = AXIS2_PLACEMENT_3D('',#4057,#4058,#4059);
#4057 = CARTESIAN_POINT('',(134.780852,-160.636713,1.51));
#4058 = DIRECTION('',(-0.,0.,-1.));
#4059 = DIRECTION('',(-0.,-1.,0.));
#4060 = FACE_BOUND('',#4061,.T.);
#4061 = EDGE_LOOP('',(#4062));
#4062 = ORIENTED_EDGE('',*,*,#4063,.T.);
#4063 = EDGE_CURVE('',#4064,#4064,#4066,.T.);
#4064 = VERTEX_POINT('',#4065);
#4065 = CARTESIAN_POINT('',(145.280852,-165.237613,1.51));
#4066 = CIRCLE('',#4067,0.8509);
#4067 = AXIS2_PLACEMENT_3D('',#4068,#4069,#4070);
#4068 = CARTESIAN_POINT('',(145.280852,-164.386713,1.51));
#4069 = DIRECTION('',(-0.,0.,-1.));
#4070 = DIRECTION('',(3.340193845388E-14,-1.,-0.));
#4071 = FACE_BOUND('',#4072,.T.);
#4072 = EDGE_LOOP('',(#4073));
#4073 = ORIENTED_EDGE('',*,*,#4074,.T.);
#4074 = EDGE_CURVE('',#4075,#4075,#4077,.T.);
#4075 = VERTEX_POINT('',#4076);
#4076 = CARTESIAN_POINT('',(144.780852,-162.136713,1.51));
#4077 = CIRCLE('',#4078,1.5);
#4078 = AXIS2_PLACEMENT_3D('',#4079,#4080,#4081);
#4079 = CARTESIAN_POINT('',(144.780852,-160.636713,1.51));
#4080 = DIRECTION('',(-0.,0.,-1.));
#4081 = DIRECTION('',(-0.,-1.,0.));
#4082 = FACE_BOUND('',#4083,.T.);
#4083 = EDGE_LOOP('',(#4084));
#4084 = ORIENTED_EDGE('',*,*,#4085,.T.);
#4085 = EDGE_CURVE('',#4086,#4086,#4088,.T.);
#4086 = VERTEX_POINT('',#4087);
#4087 = CARTESIAN_POINT('',(162.580852,-188.836713,1.51));
#4088 = CIRCLE('',#4089,1.5);
#4089 = AXIS2_PLACEMENT_3D('',#4090,#4091,#4092);
#4090 = CARTESIAN_POINT('',(162.580852,-187.336713,1.51));
#4091 = DIRECTION('',(-0.,0.,-1.));
#4092 = DIRECTION('',(-0.,-1.,0.));
#4093 = FACE_BOUND('',#4094,.T.);
#4094 = EDGE_LOOP('',(#4095));
#4095 = ORIENTED_EDGE('',*,*,#4096,.T.);
#4096 = EDGE_CURVE('',#4097,#4097,#4099,.T.);
#4097 = VERTEX_POINT('',#4098);
#4098 = CARTESIAN_POINT('',(153.560852,-176.082013,1.51));
#4099 = CIRCLE('',#4100,0.4953);
#4100 = AXIS2_PLACEMENT_3D('',#4101,#4102,#4103);
#4101 = CARTESIAN_POINT('',(153.560852,-175.586713,1.51));
#4102 = DIRECTION('',(-0.,0.,-1.));
#4103 = DIRECTION('',(-0.,-1.,0.));
#4104 = FACE_BOUND('',#4105,.T.);
#4105 = EDGE_LOOP('',(#4106));
#4106 = ORIENTED_EDGE('',*,*,#4107,.T.);
#4107 = EDGE_CURVE('',#4108,#4108,#4110,.T.);
#4108 = VERTEX_POINT('',#4109);
#4109 = CARTESIAN_POINT('',(164.000852,-176.082013,1.51));
#4110 = CIRCLE('',#4111,0.4953);
#4111 = AXIS2_PLACEMENT_3D('',#4112,#4113,#4114);
#4112 = CARTESIAN_POINT('',(164.000852,-175.586713,1.51));
#4113 = DIRECTION('',(-0.,0.,-1.));
#4114 = DIRECTION('',(-0.,-1.,0.));
#4115 = FACE_BOUND('',#4116,.T.);
#4116 = EDGE_LOOP('',(#4117));
#4117 = ORIENTED_EDGE('',*,*,#4118,.T.);
#4118 = EDGE_CURVE('',#4119,#4119,#4121,.T.);
#4119 = VERTEX_POINT('',#4120);
#4120 = CARTESIAN_POINT('',(153.280852,-172.237613,1.51));
#4121 = CIRCLE('',#4122,0.8509);
#4122 = AXIS2_PLACEMENT_3D('',#4123,#4124,#4125);
#4123 = CARTESIAN_POINT('',(153.280852,-171.386713,1.51));
#4124 = DIRECTION('',(-0.,0.,-1.));
#4125 = DIRECTION('',(3.340193845388E-14,-1.,-0.));
#4126 = FACE_BOUND('',#4127,.T.);
#4127 = EDGE_LOOP('',(#4128));
#4128 = ORIENTED_EDGE('',*,*,#4129,.T.);
#4129 = EDGE_CURVE('',#4130,#4130,#4132,.T.);
#4130 = VERTEX_POINT('',#4131);
#4131 = CARTESIAN_POINT('',(153.780852,-169.136713,1.51));
#4132 = CIRCLE('',#4133,1.5);
#4133 = AXIS2_PLACEMENT_3D('',#4134,#4135,#4136);
#4134 = CARTESIAN_POINT('',(153.780852,-167.636713,1.51));
#4135 = DIRECTION('',(-0.,0.,-1.));
#4136 = DIRECTION('',(-0.,-1.,0.));
#4137 = FACE_BOUND('',#4138,.T.);
#4138 = EDGE_LOOP('',(#4139));
#4139 = ORIENTED_EDGE('',*,*,#4140,.T.);
#4140 = EDGE_CURVE('',#4141,#4141,#4143,.T.);
#4141 = VERTEX_POINT('',#4142);
#4142 = CARTESIAN_POINT('',(158.780852,-173.101213,1.51));
#4143 = CIRCLE('',#4144,1.7145);
#4144 = AXIS2_PLACEMENT_3D('',#4145,#4146,#4147);
#4145 = CARTESIAN_POINT('',(158.780852,-171.386713,1.51));
#4146 = DIRECTION('',(-0.,0.,-1.));
#4147 = DIRECTION('',(1.657725834378E-14,-1.,-0.));
#4148 = FACE_BOUND('',#4149,.T.);
#4149 = EDGE_LOOP('',(#4150));
#4150 = ORIENTED_EDGE('',*,*,#4151,.T.);
#4151 = EDGE_CURVE('',#4152,#4152,#4154,.T.);
#4152 = VERTEX_POINT('',#4153);
#4153 = CARTESIAN_POINT('',(164.280852,-172.237613,1.51));
#4154 = CIRCLE('',#4155,0.8509);
#4155 = AXIS2_PLACEMENT_3D('',#4156,#4157,#4158);
#4156 = CARTESIAN_POINT('',(164.280852,-171.386713,1.51));
#4157 = DIRECTION('',(-0.,0.,-1.));
#4158 = DIRECTION('',(3.340193845388E-14,-1.,-0.));
#4159 = FACE_BOUND('',#4160,.T.);
#4160 = EDGE_LOOP('',(#4161));
#4161 = ORIENTED_EDGE('',*,*,#4162,.T.);
#4162 = EDGE_CURVE('',#4163,#4163,#4165,.T.);
#4163 = VERTEX_POINT('',#4164);
#4164 = CARTESIAN_POINT('',(163.780852,-169.136713,1.51));
#4165 = CIRCLE('',#4166,1.5);
#4166 = AXIS2_PLACEMENT_3D('',#4167,#4168,#4169);
#4167 = CARTESIAN_POINT('',(163.780852,-167.636713,1.51));
#4168 = DIRECTION('',(-0.,0.,-1.));
#4169 = DIRECTION('',(-0.,-1.,0.));
#4170 = FACE_BOUND('',#4171,.T.);
#4171 = EDGE_LOOP('',(#4172));
#4172 = ORIENTED_EDGE('',*,*,#4173,.T.);
#4173 = EDGE_CURVE('',#4174,#4174,#4176,.T.);
#4174 = VERTEX_POINT('',#4175);
#4175 = CARTESIAN_POINT('',(158.780852,-166.936713,1.51));
#4176 = CIRCLE('',#4177,1.5);
#4177 = AXIS2_PLACEMENT_3D('',#4178,#4179,#4180);
#4178 = CARTESIAN_POINT('',(158.780852,-165.436713,1.51));
#4179 = DIRECTION('',(-0.,0.,-1.));
#4180 = DIRECTION('',(-0.,-1.,0.));
#4181 = FACE_BOUND('',#4182,.T.);
#4182 = EDGE_LOOP('',(#4183));
#4183 = ORIENTED_EDGE('',*,*,#4184,.T.);
#4184 = EDGE_CURVE('',#4185,#4185,#4187,.T.);
#4185 = VERTEX_POINT('',#4186);
#4186 = CARTESIAN_POINT('',(172.560852,-171.082013,1.51));
#4187 = CIRCLE('',#4188,0.4953);
#4188 = AXIS2_PLACEMENT_3D('',#4189,#4190,#4191);
#4189 = CARTESIAN_POINT('',(172.560852,-170.586713,1.51));
#4190 = DIRECTION('',(-0.,0.,-1.));
#4191 = DIRECTION('',(-0.,-1.,0.));
#4192 = FACE_BOUND('',#4193,.T.);
#4193 = EDGE_LOOP('',(#4194));
#4194 = ORIENTED_EDGE('',*,*,#4195,.T.);
#4195 = EDGE_CURVE('',#4196,#4196,#4198,.T.);
#4196 = VERTEX_POINT('',#4197);
#4197 = CARTESIAN_POINT('',(172.280852,-167.237613,1.51));
#4198 = CIRCLE('',#4199,0.8509);
#4199 = AXIS2_PLACEMENT_3D('',#4200,#4201,#4202);
#4200 = CARTESIAN_POINT('',(172.280852,-166.386713,1.51));
#4201 = DIRECTION('',(-0.,0.,-1.));
#4202 = DIRECTION('',(3.340193845388E-14,-1.,-0.));
#4203 = FACE_BOUND('',#4204,.T.);
#4204 = EDGE_LOOP('',(#4205));
#4205 = ORIENTED_EDGE('',*,*,#4206,.T.);
#4206 = EDGE_CURVE('',#4207,#4207,#4209,.T.);
#4207 = VERTEX_POINT('',#4208);
#4208 = CARTESIAN_POINT('',(177.780852,-168.101213,1.51));
#4209 = CIRCLE('',#4210,1.7145);
#4210 = AXIS2_PLACEMENT_3D('',#4211,#4212,#4213);
#4211 = CARTESIAN_POINT('',(177.780852,-166.386713,1.51));
#4212 = DIRECTION('',(-0.,0.,-1.));
#4213 = DIRECTION('',(1.657725834378E-14,-1.,-0.));
#4214 = FACE_BOUND('',#4215,.T.);
#4215 = EDGE_LOOP('',(#4216));
#4216 = ORIENTED_EDGE('',*,*,#4217,.T.);
#4217 = EDGE_CURVE('',#4218,#4218,#4220,.T.);
#4218 = VERTEX_POINT('',#4219);
#4219 = CARTESIAN_POINT('',(172.780852,-164.136713,1.51));
#4220 = CIRCLE('',#4221,1.5);
#4221 = AXIS2_PLACEMENT_3D('',#4222,#4223,#4224);
#4222 = CARTESIAN_POINT('',(172.780852,-162.636713,1.51));
#4223 = DIRECTION('',(-0.,0.,-1.));
#4224 = DIRECTION('',(-0.,-1.,0.));
#4225 = FACE_BOUND('',#4226,.T.);
#4226 = EDGE_LOOP('',(#4227));
#4227 = ORIENTED_EDGE('',*,*,#4228,.T.);
#4228 = EDGE_CURVE('',#4229,#4229,#4231,.T.);
#4229 = VERTEX_POINT('',#4230);
#4230 = CARTESIAN_POINT('',(177.780852,-161.936713,1.51));
#4231 = CIRCLE('',#4232,1.5);
#4232 = AXIS2_PLACEMENT_3D('',#4233,#4234,#4235);
#4233 = CARTESIAN_POINT('',(177.780852,-160.436713,1.51));
#4234 = DIRECTION('',(-0.,0.,-1.));
#4235 = DIRECTION('',(-0.,-1.,0.));
#4236 = FACE_BOUND('',#4237,.T.);
#4237 = EDGE_LOOP('',(#4238));
#4238 = ORIENTED_EDGE('',*,*,#4239,.T.);
#4239 = EDGE_CURVE('',#4240,#4240,#4242,.T.);
#4240 = VERTEX_POINT('',#4241);
#4241 = CARTESIAN_POINT('',(182.780852,-164.136713,1.51));
#4242 = CIRCLE('',#4243,1.5);
#4243 = AXIS2_PLACEMENT_3D('',#4244,#4245,#4246);
#4244 = CARTESIAN_POINT('',(182.780852,-162.636713,1.51));
#4245 = DIRECTION('',(-0.,0.,-1.));
#4246 = DIRECTION('',(-0.,-1.,0.));
#4247 = FACE_BOUND('',#4248,.T.);
#4248 = EDGE_LOOP('',(#4249));
#4249 = ORIENTED_EDGE('',*,*,#4250,.T.);
#4250 = EDGE_CURVE('',#4251,#4251,#4253,.T.);
#4251 = VERTEX_POINT('',#4252);
#4252 = CARTESIAN_POINT('',(188.700852,-197.982013,1.51));
#4253 = CIRCLE('',#4254,0.4953);
#4254 = AXIS2_PLACEMENT_3D('',#4255,#4256,#4257);
#4255 = CARTESIAN_POINT('',(188.700852,-197.486713,1.51));
#4256 = DIRECTION('',(-0.,0.,-1.));
#4257 = DIRECTION('',(-0.,-1.,0.));
#4258 = FACE_BOUND('',#4259,.T.);
#4259 = EDGE_LOOP('',(#4260));
#4260 = ORIENTED_EDGE('',*,*,#4261,.T.);
#4261 = EDGE_CURVE('',#4262,#4262,#4264,.T.);
#4262 = VERTEX_POINT('',#4263);
#4263 = CARTESIAN_POINT('',(198.450347,-198.90312,1.51));
#4264 = CIRCLE('',#4265,0.4953);
#4265 = AXIS2_PLACEMENT_3D('',#4266,#4267,#4268);
#4266 = CARTESIAN_POINT('',(198.450347,-198.40782,1.51));
#4267 = DIRECTION('',(-0.,0.,-1.));
#4268 = DIRECTION('',(-5.738281734384E-14,-1.,0.));
#4269 = FACE_BOUND('',#4270,.T.);
#4270 = EDGE_LOOP('',(#4271));
#4271 = ORIENTED_EDGE('',*,*,#4272,.T.);
#4272 = EDGE_CURVE('',#4273,#4273,#4275,.T.);
#4273 = VERTEX_POINT('',#4274);
#4274 = CARTESIAN_POINT('',(183.480852,-195.001213,1.51));
#4275 = CIRCLE('',#4276,1.7145);
#4276 = AXIS2_PLACEMENT_3D('',#4277,#4278,#4279);
#4277 = CARTESIAN_POINT('',(183.480852,-193.286713,1.51));
#4278 = DIRECTION('',(-0.,0.,-1.));
#4279 = DIRECTION('',(-1.657725834378E-14,-1.,0.));
#4280 = FACE_BOUND('',#4281,.T.);
#4281 = EDGE_LOOP('',(#4282));
#4282 = ORIENTED_EDGE('',*,*,#4283,.T.);
#4283 = EDGE_CURVE('',#4284,#4284,#4286,.T.);
#4284 = VERTEX_POINT('',#4285);
#4285 = CARTESIAN_POINT('',(188.980852,-194.137613,1.51));
#4286 = CIRCLE('',#4287,0.8509);
#4287 = AXIS2_PLACEMENT_3D('',#4288,#4289,#4290);
#4288 = CARTESIAN_POINT('',(188.980852,-193.286713,1.51));
#4289 = DIRECTION('',(-0.,0.,-1.));
#4290 = DIRECTION('',(-0.,-1.,0.));
#4291 = FACE_BOUND('',#4292,.T.);
#4292 = EDGE_LOOP('',(#4293));
#4293 = ORIENTED_EDGE('',*,*,#4294,.T.);
#4294 = EDGE_CURVE('',#4295,#4295,#4297,.T.);
#4295 = VERTEX_POINT('',#4296);
#4296 = CARTESIAN_POINT('',(188.480852,-191.036713,1.51));
#4297 = CIRCLE('',#4298,1.5);
#4298 = AXIS2_PLACEMENT_3D('',#4299,#4300,#4301);
#4299 = CARTESIAN_POINT('',(188.480852,-189.536713,1.51));
#4300 = DIRECTION('',(-0.,0.,-1.));
#4301 = DIRECTION('',(-0.,-1.,0.));
#4302 = FACE_BOUND('',#4303,.T.);
#4303 = EDGE_LOOP('',(#4304));
#4304 = ORIENTED_EDGE('',*,*,#4305,.T.);
#4305 = EDGE_CURVE('',#4306,#4306,#4308,.T.);
#4306 = VERTEX_POINT('',#4307);
#4307 = CARTESIAN_POINT('',(198.903923,-195.073906,1.51));
#4308 = CIRCLE('',#4309,0.8509);
#4309 = AXIS2_PLACEMENT_3D('',#4310,#4311,#4312);
#4310 = CARTESIAN_POINT('',(198.903923,-194.223006,1.51));
#4311 = DIRECTION('',(-0.,0.,-1.));
#4312 = DIRECTION('',(-0.,-1.,0.));
#4313 = FACE_BOUND('',#4314,.T.);
#4314 = EDGE_LOOP('',(#4315));
#4315 = ORIENTED_EDGE('',*,*,#4316,.T.);
#4316 = EDGE_CURVE('',#4317,#4317,#4319,.T.);
#4317 = VERTEX_POINT('',#4318);
#4318 = CARTESIAN_POINT('',(204.320366,-196.892571,1.51));
#4319 = CIRCLE('',#4320,1.7145);
#4320 = AXIS2_PLACEMENT_3D('',#4321,#4322,#4323);
#4321 = CARTESIAN_POINT('',(204.320366,-195.178071,1.51));
#4322 = DIRECTION('',(-0.,0.,-1.));
#4323 = DIRECTION('',(1.657725834378E-14,-1.,-0.));
#4324 = FACE_BOUND('',#4325,.T.);
#4325 = EDGE_LOOP('',(#4326));
#4326 = ORIENTED_EDGE('',*,*,#4327,.T.);
#4327 = EDGE_CURVE('',#4328,#4328,#4330,.T.);
#4328 = VERTEX_POINT('',#4329);
#4329 = CARTESIAN_POINT('',(208.73174,-200.716007,1.51));
#4330 = CIRCLE('',#4331,0.4953);
#4331 = AXIS2_PLACEMENT_3D('',#4332,#4333,#4334);
#4332 = CARTESIAN_POINT('',(208.73174,-200.220707,1.51));
#4333 = DIRECTION('',(-0.,0.,-1.));
#4334 = DIRECTION('',(-0.,-1.,0.));
#4335 = FACE_BOUND('',#4336,.T.);
#4336 = EDGE_LOOP('',(#4337));
#4337 = ORIENTED_EDGE('',*,*,#4338,.T.);
#4338 = EDGE_CURVE('',#4339,#4339,#4341,.T.);
#4339 = VERTEX_POINT('',#4340);
#4340 = CARTESIAN_POINT('',(209.736809,-196.984036,1.51));
#4341 = CIRCLE('',#4342,0.8509);
#4342 = AXIS2_PLACEMENT_3D('',#4343,#4344,#4345);
#4343 = CARTESIAN_POINT('',(209.736809,-196.133136,1.51));
#4344 = DIRECTION('',(-0.,0.,-1.));
#4345 = DIRECTION('',(-0.,-1.,0.));
#4346 = FACE_BOUND('',#4347,.T.);
#4347 = EDGE_LOOP('',(#4348));
#4348 = ORIENTED_EDGE('',*,*,#4349,.T.);
#4349 = EDGE_CURVE('',#4350,#4350,#4352,.T.);
#4350 = VERTEX_POINT('',#4351);
#4351 = CARTESIAN_POINT('',(200.047508,-192.116801,1.51));
#4352 = CIRCLE('',#4353,1.5);
#4353 = AXIS2_PLACEMENT_3D('',#4354,#4355,#4356);
#4354 = CARTESIAN_POINT('',(200.047508,-190.616801,1.51));
#4355 = DIRECTION('',(-0.,0.,-1.));
#4356 = DIRECTION('',(-0.,-1.,0.));
#4357 = FACE_BOUND('',#4358,.T.);
#4358 = EDGE_LOOP('',(#4359));
#4359 = ORIENTED_EDGE('',*,*,#4360,.T.);
#4360 = EDGE_CURVE('',#4361,#4361,#4363,.T.);
#4361 = VERTEX_POINT('',#4362);
#4362 = CARTESIAN_POINT('',(205.353573,-190.818465,1.51));
#4363 = CIRCLE('',#4364,1.5);
#4364 = AXIS2_PLACEMENT_3D('',#4365,#4366,#4367);
#4365 = CARTESIAN_POINT('',(205.353573,-189.318465,1.51));
#4366 = DIRECTION('',(-0.,0.,-1.));
#4367 = DIRECTION('',(-0.,-1.,0.));
#4368 = FACE_BOUND('',#4369,.T.);
#4369 = EDGE_LOOP('',(#4370));
#4370 = ORIENTED_EDGE('',*,*,#4371,.T.);
#4371 = EDGE_CURVE('',#4372,#4372,#4374,.T.);
#4372 = VERTEX_POINT('',#4373);
#4373 = CARTESIAN_POINT('',(209.895585,-193.853283,1.51));
#4374 = CIRCLE('',#4375,1.5);
#4375 = AXIS2_PLACEMENT_3D('',#4376,#4377,#4378);
#4376 = CARTESIAN_POINT('',(209.895585,-192.353283,1.51));
#4377 = DIRECTION('',(-0.,0.,-1.));
#4378 = DIRECTION('',(-0.,-1.,0.));
#4379 = FACE_BOUND('',#4380,.T.);
#4380 = EDGE_LOOP('',(#4381));
#4381 = ORIENTED_EDGE('',*,*,#4382,.T.);
#4382 = EDGE_CURVE('',#4383,#4383,#4385,.T.);
#4383 = VERTEX_POINT('',#4384);
#4384 = CARTESIAN_POINT('',(227.104752,-206.02365,1.51));
#4385 = CIRCLE('',#4386,0.4953);
#4386 = AXIS2_PLACEMENT_3D('',#4387,#4388,#4389);
#4387 = CARTESIAN_POINT('',(227.104752,-205.52835,1.51));
#4388 = DIRECTION('',(-0.,0.,-1.));
#4389 = DIRECTION('',(-5.738281734385E-14,-1.,0.));
#4390 = FACE_BOUND('',#4391,.T.);
#4391 = EDGE_LOOP('',(#4392));
#4392 = ORIENTED_EDGE('',*,*,#4393,.T.);
#4393 = EDGE_CURVE('',#4394,#4394,#4396,.T.);
#4394 = VERTEX_POINT('',#4395);
#4395 = CARTESIAN_POINT('',(236.887829,-211.252613,1.51));
#4396 = CIRCLE('',#4397,0.4953);
#4397 = AXIS2_PLACEMENT_3D('',#4398,#4399,#4400);
#4398 = CARTESIAN_POINT('',(236.887829,-210.757313,1.51));
#4399 = DIRECTION('',(-0.,0.,-1.));
#4400 = DIRECTION('',(-0.,-1.,0.));
#4401 = FACE_BOUND('',#4402,.T.);
#4402 = EDGE_LOOP('',(#4403));
#4403 = ORIENTED_EDGE('',*,*,#4404,.T.);
#4404 = EDGE_CURVE('',#4405,#4405,#4407,.T.);
#4405 = VERTEX_POINT('',#4406);
#4406 = CARTESIAN_POINT('',(245.929135,-216.472614,1.51));
#4407 = CIRCLE('',#4408,0.4953);
#4408 = AXIS2_PLACEMENT_3D('',#4409,#4410,#4411);
#4409 = CARTESIAN_POINT('',(245.929135,-215.977314,1.51));
#4410 = DIRECTION('',(-0.,0.,-1.));
#4411 = DIRECTION('',(5.738281734384E-14,-1.,-0.));
#4412 = FACE_BOUND('',#4413,.T.);
#4413 = EDGE_LOOP('',(#4414));
#4414 = ORIENTED_EDGE('',*,*,#4415,.T.);
#4415 = EDGE_CURVE('',#4416,#4416,#4418,.T.);
#4416 = VERTEX_POINT('',#4417);
#4417 = CARTESIAN_POINT('',(243.508482,-211.444507,1.51));
#4418 = CIRCLE('',#4419,1.7145);
#4419 = AXIS2_PLACEMENT_3D('',#4420,#4421,#4422);
#4420 = CARTESIAN_POINT('',(243.508482,-209.730007,1.51));
#4421 = DIRECTION('',(-0.,0.,-1.));
#4422 = DIRECTION('',(-1.657725834378E-14,-1.,0.));
#4423 = FACE_BOUND('',#4424,.T.);
#4424 = EDGE_LOOP('',(#4425));
#4425 = ORIENTED_EDGE('',*,*,#4426,.T.);
#4426 = EDGE_CURVE('',#4427,#4427,#4429,.T.);
#4427 = VERTEX_POINT('',#4428);
#4428 = CARTESIAN_POINT('',(248.271622,-213.330907,1.51));
#4429 = CIRCLE('',#4430,0.8509);
#4430 = AXIS2_PLACEMENT_3D('',#4431,#4432,#4433);
#4431 = CARTESIAN_POINT('',(248.271622,-212.480007,1.51));
#4432 = DIRECTION('',(-0.,0.,-1.));
#4433 = DIRECTION('',(-0.,-1.,0.));
#4434 = FACE_BOUND('',#4435,.T.);
#4435 = EDGE_LOOP('',(#4436));
#4436 = ORIENTED_EDGE('',*,*,#4437,.T.);
#4437 = EDGE_CURVE('',#4438,#4438,#4440,.T.);
#4438 = VERTEX_POINT('',#4439);
#4439 = CARTESIAN_POINT('',(238.745342,-207.830907,1.51));
#4440 = CIRCLE('',#4441,0.8509);
#4441 = AXIS2_PLACEMENT_3D('',#4442,#4443,#4444);
#4442 = CARTESIAN_POINT('',(238.745342,-206.980007,1.51));
#4443 = DIRECTION('',(-0.,0.,-1.));
#4444 = DIRECTION('',(-0.,-1.,0.));
#4445 = FACE_BOUND('',#4446,.T.);
#4446 = EDGE_LOOP('',(#4447));
#4447 = ORIENTED_EDGE('',*,*,#4448,.T.);
#4448 = EDGE_CURVE('',#4449,#4449,#4451,.T.);
#4449 = VERTEX_POINT('',#4450);
#4450 = CARTESIAN_POINT('',(241.053355,-205.482412,1.51));
#4451 = CIRCLE('',#4452,1.5);
#4452 = AXIS2_PLACEMENT_3D('',#4453,#4454,#4455);
#4453 = CARTESIAN_POINT('',(241.053355,-203.982412,1.51));
#4454 = DIRECTION('',(-0.,0.,-1.));
#4455 = DIRECTION('',(-0.,-1.,0.));
#4456 = FACE_BOUND('',#4457,.T.);
#4457 = EDGE_LOOP('',(#4458));
#4458 = ORIENTED_EDGE('',*,*,#4459,.T.);
#4459 = EDGE_CURVE('',#4460,#4460,#4462,.T.);
#4460 = VERTEX_POINT('',#4461);
#4461 = CARTESIAN_POINT('',(249.713608,-210.482411,1.51));
#4462 = CIRCLE('',#4463,1.5);
#4463 = AXIS2_PLACEMENT_3D('',#4464,#4465,#4466);
#4464 = CARTESIAN_POINT('',(249.713608,-208.982411,1.51));
#4465 = DIRECTION('',(-0.,0.,-1.));
#4466 = DIRECTION('',(-0.,-1.,0.));
#4467 = FACE_BOUND('',#4468,.T.);
#4468 = EDGE_LOOP('',(#4469));
#4469 = ORIENTED_EDGE('',*,*,#4470,.T.);
#4470 = EDGE_CURVE('',#4471,#4471,#4473,.T.);
#4471 = VERTEX_POINT('',#4472);
#4472 = CARTESIAN_POINT('',(246.483482,-206.077156,1.51));
#4473 = CIRCLE('',#4474,1.5);
#4474 = AXIS2_PLACEMENT_3D('',#4475,#4476,#4477);
#4475 = CARTESIAN_POINT('',(246.483482,-204.577156,1.51));
#4476 = DIRECTION('',(-0.,0.,-1.));
#4477 = DIRECTION('',(-0.,-1.,0.));
#4478 = FACE_BOUND('',#4479,.T.);
#4479 = EDGE_LOOP('',(#4480));
#4480 = ORIENTED_EDGE('',*,*,#4481,.T.);
#4481 = EDGE_CURVE('',#4482,#4482,#4484,.T.);
#4482 = VERTEX_POINT('',#4483);
#4483 = CARTESIAN_POINT('',(217.294361,-202.45296,1.51));
#4484 = CIRCLE('',#4485,0.4953);
#4485 = AXIS2_PLACEMENT_3D('',#4486,#4487,#4488);
#4486 = CARTESIAN_POINT('',(217.294361,-201.95766,1.51));
#4487 = DIRECTION('',(-0.,0.,-1.));
#4488 = DIRECTION('',(5.738281734384E-14,-1.,-0.));
#4489 = FACE_BOUND('',#4490,.T.);
#4490 = EDGE_LOOP('',(#4491));
#4491 = ORIENTED_EDGE('',*,*,#4492,.T.);
#4492 = EDGE_CURVE('',#4493,#4493,#4495,.T.);
#4493 = VERTEX_POINT('',#4494);
#4494 = CARTESIAN_POINT('',(223.636041,-201.510796,1.51));
#4495 = CIRCLE('',#4496,1.7145);
#4496 = AXIS2_PLACEMENT_3D('',#4497,#4498,#4499);
#4497 = CARTESIAN_POINT('',(223.636041,-199.796296,1.51));
#4498 = DIRECTION('',(-0.,0.,-1.));
#4499 = DIRECTION('',(1.657725834378E-14,-1.,-0.));
#4500 = FACE_BOUND('',#4501,.T.);
#4501 = EDGE_LOOP('',(#4502));
#4502 = ORIENTED_EDGE('',*,*,#4503,.T.);
#4503 = EDGE_CURVE('',#4504,#4504,#4506,.T.);
#4504 = VERTEX_POINT('',#4505);
#4505 = CARTESIAN_POINT('',(218.467732,-198.766085,1.51));
#4506 = CIRCLE('',#4507,0.8509);
#4507 = AXIS2_PLACEMENT_3D('',#4508,#4509,#4510);
#4508 = CARTESIAN_POINT('',(218.467732,-197.915185,1.51));
#4509 = DIRECTION('',(-0.,0.,-1.));
#4510 = DIRECTION('',(-0.,-1.,0.));
#4511 = FACE_BOUND('',#4512,.T.);
#4512 = EDGE_LOOP('',(#4513));
#4513 = ORIENTED_EDGE('',*,*,#4514,.T.);
#4514 = EDGE_CURVE('',#4515,#4515,#4517,.T.);
#4515 = VERTEX_POINT('',#4516);
#4516 = CARTESIAN_POINT('',(228.80435,-202.528307,1.51));
#4517 = CIRCLE('',#4518,0.8509);
#4518 = AXIS2_PLACEMENT_3D('',#4519,#4520,#4521);
#4519 = CARTESIAN_POINT('',(228.80435,-201.677407,1.51));
#4520 = DIRECTION('',(-0.,0.,-1.));
#4521 = DIRECTION('',(-0.,-1.,0.));
#4522 = FACE_BOUND('',#4523,.T.);
#4523 = EDGE_LOOP('',(#4524));
#4524 = ORIENTED_EDGE('',*,*,#4525,.T.);
#4525 = EDGE_CURVE('',#4526,#4526,#4528,.T.);
#4526 = VERTEX_POINT('',#4527);
#4527 = CARTESIAN_POINT('',(229.61708,-199.482549,1.51));
#4528 = CIRCLE('',#4529,1.5);
#4529 = AXIS2_PLACEMENT_3D('',#4530,#4531,#4532);
#4530 = CARTESIAN_POINT('',(229.61708,-197.982549,1.51));
#4531 = DIRECTION('',(-0.,0.,-1.));
#4532 = DIRECTION('',(-0.,-1.,0.));
#4533 = FACE_BOUND('',#4534,.T.);
#4534 = EDGE_LOOP('',(#4535));
#4535 = ORIENTED_EDGE('',*,*,#4536,.T.);
#4536 = EDGE_CURVE('',#4537,#4537,#4539,.T.);
#4537 = VERTEX_POINT('',#4538);
#4538 = CARTESIAN_POINT('',(220.220153,-196.062348,1.51));
#4539 = CIRCLE('',#4540,1.5);
#4540 = AXIS2_PLACEMENT_3D('',#4541,#4542,#4543);
#4541 = CARTESIAN_POINT('',(220.220153,-194.562348,1.51));
#4542 = DIRECTION('',(-0.,0.,-1.));
#4543 = DIRECTION('',(-0.,-1.,0.));
#4544 = FACE_BOUND('',#4545,.T.);
#4545 = EDGE_LOOP('',(#4546));
#4546 = ORIENTED_EDGE('',*,*,#4547,.T.);
#4547 = EDGE_CURVE('',#4548,#4548,#4550,.T.);
#4548 = VERTEX_POINT('',#4549);
#4549 = CARTESIAN_POINT('',(225.671061,-195.705125,1.51));
#4550 = CIRCLE('',#4551,1.5);
#4551 = AXIS2_PLACEMENT_3D('',#4552,#4553,#4554);
#4552 = CARTESIAN_POINT('',(225.671061,-194.205125,1.51));
#4553 = DIRECTION('',(-0.,0.,-1.));
#4554 = DIRECTION('',(-0.,-1.,0.));
#4555 = FACE_BOUND('',#4556,.T.);
#4556 = EDGE_LOOP('',(#4557));
#4557 = ORIENTED_EDGE('',*,*,#4558,.T.);
#4558 = EDGE_CURVE('',#4559,#4559,#4561,.T.);
#4559 = VERTEX_POINT('',#4560);
#4560 = CARTESIAN_POINT('',(183.480852,-188.836713,1.51));
#4561 = CIRCLE('',#4562,1.5);
#4562 = AXIS2_PLACEMENT_3D('',#4563,#4564,#4565);
#4563 = CARTESIAN_POINT('',(183.480852,-187.336713,1.51));
#4564 = DIRECTION('',(-0.,0.,-1.));
#4565 = DIRECTION('',(-0.,-1.,0.));
#4566 = FACE_BOUND('',#4567,.T.);
#4567 = EDGE_LOOP('',(#4568));
#4568 = ORIENTED_EDGE('',*,*,#4569,.T.);
#4569 = EDGE_CURVE('',#4570,#4570,#4572,.T.);
#4570 = VERTEX_POINT('',#4571);
#4571 = CARTESIAN_POINT('',(191.560852,-178.082013,1.51));
#4572 = CIRCLE('',#4573,0.4953);
#4573 = AXIS2_PLACEMENT_3D('',#4574,#4575,#4576);
#4574 = CARTESIAN_POINT('',(191.560852,-177.586713,1.51));
#4575 = DIRECTION('',(-0.,0.,-1.));
#4576 = DIRECTION('',(-0.,-1.,0.));
#4577 = FACE_BOUND('',#4578,.T.);
#4578 = EDGE_LOOP('',(#4579));
#4579 = ORIENTED_EDGE('',*,*,#4580,.T.);
#4580 = EDGE_CURVE('',#4581,#4581,#4583,.T.);
#4581 = VERTEX_POINT('',#4582);
#4582 = CARTESIAN_POINT('',(202.000852,-178.082013,1.51));
#4583 = CIRCLE('',#4584,0.4953);
#4584 = AXIS2_PLACEMENT_3D('',#4585,#4586,#4587);
#4585 = CARTESIAN_POINT('',(202.000852,-177.586713,1.51));
#4586 = DIRECTION('',(-0.,0.,-1.));
#4587 = DIRECTION('',(-0.,-1.,0.));
#4588 = FACE_BOUND('',#4589,.T.);
#4589 = EDGE_LOOP('',(#4590));
#4590 = ORIENTED_EDGE('',*,*,#4591,.T.);
#4591 = EDGE_CURVE('',#4592,#4592,#4594,.T.);
#4592 = VERTEX_POINT('',#4593);
#4593 = CARTESIAN_POINT('',(210.560852,-178.082013,1.51));
#4594 = CIRCLE('',#4595,0.4953);
#4595 = AXIS2_PLACEMENT_3D('',#4596,#4597,#4598);
#4596 = CARTESIAN_POINT('',(210.560852,-177.586713,1.51));
#4597 = DIRECTION('',(-0.,0.,-1.));
#4598 = DIRECTION('',(-0.,-1.,0.));
#4599 = FACE_BOUND('',#4600,.T.);
#4600 = EDGE_LOOP('',(#4601));
#4601 = ORIENTED_EDGE('',*,*,#4602,.T.);
#4602 = EDGE_CURVE('',#4603,#4603,#4605,.T.);
#4603 = VERTEX_POINT('',#4604);
#4604 = CARTESIAN_POINT('',(183.000852,-171.082013,1.51));
#4605 = CIRCLE('',#4606,0.4953);
#4606 = AXIS2_PLACEMENT_3D('',#4607,#4608,#4609);
#4607 = CARTESIAN_POINT('',(183.000852,-170.586713,1.51));
#4608 = DIRECTION('',(-0.,0.,-1.));
#4609 = DIRECTION('',(-0.,-1.,0.));
#4610 = FACE_BOUND('',#4611,.T.);
#4611 = EDGE_LOOP('',(#4612));
#4612 = ORIENTED_EDGE('',*,*,#4613,.T.);
#4613 = EDGE_CURVE('',#4614,#4614,#4616,.T.);
#4614 = VERTEX_POINT('',#4615);
#4615 = CARTESIAN_POINT('',(191.280852,-174.237613,1.51));
#4616 = CIRCLE('',#4617,0.8509);
#4617 = AXIS2_PLACEMENT_3D('',#4618,#4619,#4620);
#4618 = CARTESIAN_POINT('',(191.280852,-173.386713,1.51));
#4619 = DIRECTION('',(-0.,0.,-1.));
#4620 = DIRECTION('',(3.340193845388E-14,-1.,-0.));
#4621 = FACE_BOUND('',#4622,.T.);
#4622 = EDGE_LOOP('',(#4623));
#4623 = ORIENTED_EDGE('',*,*,#4624,.T.);
#4624 = EDGE_CURVE('',#4625,#4625,#4627,.T.);
#4625 = VERTEX_POINT('',#4626);
#4626 = CARTESIAN_POINT('',(183.280852,-167.237613,1.51));
#4627 = CIRCLE('',#4628,0.8509);
#4628 = AXIS2_PLACEMENT_3D('',#4629,#4630,#4631);
#4629 = CARTESIAN_POINT('',(183.280852,-166.386713,1.51));
#4630 = DIRECTION('',(-0.,0.,-1.));
#4631 = DIRECTION('',(3.340193845388E-14,-1.,-0.));
#4632 = FACE_BOUND('',#4633,.T.);
#4633 = EDGE_LOOP('',(#4634));
#4634 = ORIENTED_EDGE('',*,*,#4635,.T.);
#4635 = EDGE_CURVE('',#4636,#4636,#4638,.T.);
#4636 = VERTEX_POINT('',#4637);
#4637 = CARTESIAN_POINT('',(196.780852,-175.101213,1.51));
#4638 = CIRCLE('',#4639,1.7145);
#4639 = AXIS2_PLACEMENT_3D('',#4640,#4641,#4642);
#4640 = CARTESIAN_POINT('',(196.780852,-173.386713,1.51));
#4641 = DIRECTION('',(-0.,0.,-1.));
#4642 = DIRECTION('',(1.657725834378E-14,-1.,-0.));
#4643 = FACE_BOUND('',#4644,.T.);
#4644 = EDGE_LOOP('',(#4645));
#4645 = ORIENTED_EDGE('',*,*,#4646,.T.);
#4646 = EDGE_CURVE('',#4647,#4647,#4649,.T.);
#4647 = VERTEX_POINT('',#4648);
#4648 = CARTESIAN_POINT('',(191.780852,-171.136713,1.51));
#4649 = CIRCLE('',#4650,1.5);
#4650 = AXIS2_PLACEMENT_3D('',#4651,#4652,#4653);
#4651 = CARTESIAN_POINT('',(191.780852,-169.636713,1.51));
#4652 = DIRECTION('',(-0.,0.,-1.));
#4653 = DIRECTION('',(-0.,-1.,0.));
#4654 = FACE_BOUND('',#4655,.T.);
#4655 = EDGE_LOOP('',(#4656));
#4656 = ORIENTED_EDGE('',*,*,#4657,.T.);
#4657 = EDGE_CURVE('',#4658,#4658,#4660,.T.);
#4658 = VERTEX_POINT('',#4659);
#4659 = CARTESIAN_POINT('',(196.780852,-168.936713,1.51));
#4660 = CIRCLE('',#4661,1.5);
#4661 = AXIS2_PLACEMENT_3D('',#4662,#4663,#4664);
#4662 = CARTESIAN_POINT('',(196.780852,-167.436713,1.51));
#4663 = DIRECTION('',(-0.,0.,-1.));
#4664 = DIRECTION('',(-0.,-1.,0.));
#4665 = FACE_BOUND('',#4666,.T.);
#4666 = EDGE_LOOP('',(#4667));
#4667 = ORIENTED_EDGE('',*,*,#4668,.T.);
#4668 = EDGE_CURVE('',#4669,#4669,#4671,.T.);
#4669 = VERTEX_POINT('',#4670);
#4670 = CARTESIAN_POINT('',(202.280852,-174.237613,1.51));
#4671 = CIRCLE('',#4672,0.8509);
#4672 = AXIS2_PLACEMENT_3D('',#4673,#4674,#4675);
#4673 = CARTESIAN_POINT('',(202.280852,-173.386713,1.51));
#4674 = DIRECTION('',(-0.,0.,-1.));
#4675 = DIRECTION('',(3.340193845388E-14,-1.,-0.));
#4676 = FACE_BOUND('',#4677,.T.);
#4677 = EDGE_LOOP('',(#4678));
#4678 = ORIENTED_EDGE('',*,*,#4679,.T.);
#4679 = EDGE_CURVE('',#4680,#4680,#4682,.T.);
#4680 = VERTEX_POINT('',#4681);
#4681 = CARTESIAN_POINT('',(201.780852,-171.136713,1.51));
#4682 = CIRCLE('',#4683,1.5);
#4683 = AXIS2_PLACEMENT_3D('',#4684,#4685,#4686);
#4684 = CARTESIAN_POINT('',(201.780852,-169.636713,1.51));
#4685 = DIRECTION('',(-0.,0.,-1.));
#4686 = DIRECTION('',(-0.,-1.,0.));
#4687 = FACE_BOUND('',#4688,.T.);
#4688 = EDGE_LOOP('',(#4689));
#4689 = ORIENTED_EDGE('',*,*,#4690,.T.);
#4690 = EDGE_CURVE('',#4691,#4691,#4693,.T.);
#4691 = VERTEX_POINT('',#4692);
#4692 = CARTESIAN_POINT('',(210.280852,-174.237613,1.51));
#4693 = CIRCLE('',#4694,0.8509);
#4694 = AXIS2_PLACEMENT_3D('',#4695,#4696,#4697);
#4695 = CARTESIAN_POINT('',(210.280852,-173.386713,1.51));
#4696 = DIRECTION('',(-0.,0.,-1.));
#4697 = DIRECTION('',(3.340193845388E-14,-1.,-0.));
#4698 = FACE_BOUND('',#4699,.T.);
#4699 = EDGE_LOOP('',(#4700));
#4700 = ORIENTED_EDGE('',*,*,#4701,.T.);
#4701 = EDGE_CURVE('',#4702,#4702,#4704,.T.);
#4702 = VERTEX_POINT('',#4703);
#4703 = CARTESIAN_POINT('',(215.780852,-175.101213,1.51));
#4704 = CIRCLE('',#4705,1.7145);
#4705 = AXIS2_PLACEMENT_3D('',#4706,#4707,#4708);
#4706 = CARTESIAN_POINT('',(215.780852,-173.386713,1.51));
#4707 = DIRECTION('',(-0.,0.,-1.));
#4708 = DIRECTION('',(1.657725834378E-14,-1.,-0.));
#4709 = FACE_BOUND('',#4710,.T.);
#4710 = EDGE_LOOP('',(#4711));
#4711 = ORIENTED_EDGE('',*,*,#4712,.T.);
#4712 = EDGE_CURVE('',#4713,#4713,#4715,.T.);
#4713 = VERTEX_POINT('',#4714);
#4714 = CARTESIAN_POINT('',(210.780852,-171.136713,1.51));
#4715 = CIRCLE('',#4716,1.5);
#4716 = AXIS2_PLACEMENT_3D('',#4717,#4718,#4719);
#4717 = CARTESIAN_POINT('',(210.780852,-169.636713,1.51));
#4718 = DIRECTION('',(-0.,0.,-1.));
#4719 = DIRECTION('',(-0.,-1.,0.));
#4720 = FACE_BOUND('',#4721,.T.);
#4721 = EDGE_LOOP('',(#4722));
#4722 = ORIENTED_EDGE('',*,*,#4723,.T.);
#4723 = EDGE_CURVE('',#4724,#4724,#4726,.T.);
#4724 = VERTEX_POINT('',#4725);
#4725 = CARTESIAN_POINT('',(215.780852,-168.936713,1.51));
#4726 = CIRCLE('',#4727,1.5);
#4727 = AXIS2_PLACEMENT_3D('',#4728,#4729,#4730);
#4728 = CARTESIAN_POINT('',(215.780852,-167.436713,1.51));
#4729 = DIRECTION('',(-0.,0.,-1.));
#4730 = DIRECTION('',(-0.,-1.,0.));
#4731 = FACE_BOUND('',#4732,.T.);
#4732 = EDGE_LOOP('',(#4733));
#4733 = ORIENTED_EDGE('',*,*,#4734,.T.);
#4734 = EDGE_CURVE('',#4735,#4735,#4737,.T.);
#4735 = VERTEX_POINT('',#4736);
#4736 = CARTESIAN_POINT('',(221.000852,-178.082013,1.51));
#4737 = CIRCLE('',#4738,0.4953);
#4738 = AXIS2_PLACEMENT_3D('',#4739,#4740,#4741);
#4739 = CARTESIAN_POINT('',(221.000852,-177.586713,1.51));
#4740 = DIRECTION('',(-0.,0.,-1.));
#4741 = DIRECTION('',(-0.,-1.,0.));
#4742 = FACE_BOUND('',#4743,.T.);
#4743 = EDGE_LOOP('',(#4744,#4755,#4763,#4772));
#4744 = ORIENTED_EDGE('',*,*,#4745,.T.);
#4745 = EDGE_CURVE('',#4746,#4748,#4750,.T.);
#4746 = VERTEX_POINT('',#4747);
#4747 = CARTESIAN_POINT('',(247.15,-185.435,1.51));
#4748 = VERTEX_POINT('',#4749);
#4749 = CARTESIAN_POINT('',(247.15,-186.035,1.51));
#4750 = CIRCLE('',#4751,0.3);
#4751 = AXIS2_PLACEMENT_3D('',#4752,#4753,#4754);
#4752 = CARTESIAN_POINT('',(247.15,-185.735,1.51));
#4753 = DIRECTION('',(-0.,0.,-1.));
#4754 = DIRECTION('',(-0.,-1.,0.));
#4755 = ORIENTED_EDGE('',*,*,#4756,.T.);
#4756 = EDGE_CURVE('',#4748,#4757,#4759,.T.);
#4757 = VERTEX_POINT('',#4758);
#4758 = CARTESIAN_POINT('',(246.05,-186.035,1.51));
#4759 = LINE('',#4760,#4761);
#4760 = CARTESIAN_POINT('',(123.025,-186.035,1.51));
#4761 = VECTOR('',#4762,1.);
#4762 = DIRECTION('',(-1.,0.,0.));
#4763 = ORIENTED_EDGE('',*,*,#4764,.T.);
#4764 = EDGE_CURVE('',#4757,#4765,#4767,.T.);
#4765 = VERTEX_POINT('',#4766);
#4766 = CARTESIAN_POINT('',(246.05,-185.435,1.51));
#4767 = CIRCLE('',#4768,0.3);
#4768 = AXIS2_PLACEMENT_3D('',#4769,#4770,#4771);
#4769 = CARTESIAN_POINT('',(246.05,-185.735,1.51));
#4770 = DIRECTION('',(0.,-0.,-1.));
#4771 = DIRECTION('',(9.473903143469E-14,1.,-0.));
#4772 = ORIENTED_EDGE('',*,*,#4773,.T.);
#4773 = EDGE_CURVE('',#4765,#4746,#4774,.T.);
#4774 = LINE('',#4775,#4776);
#4775 = CARTESIAN_POINT('',(123.575,-185.435,1.51));
#4776 = VECTOR('',#4777,1.);
#4777 = DIRECTION('',(1.,0.,-0.));
#4778 = FACE_BOUND('',#4779,.T.);
#4779 = EDGE_LOOP('',(#4780));
#4780 = ORIENTED_EDGE('',*,*,#4781,.T.);
#4781 = EDGE_CURVE('',#4782,#4782,#4784,.T.);
#4782 = VERTEX_POINT('',#4783);
#4783 = CARTESIAN_POINT('',(247.12,-184.63,1.51));
#4784 = CIRCLE('',#4785,0.325);
#4785 = AXIS2_PLACEMENT_3D('',#4786,#4787,#4788);
#4786 = CARTESIAN_POINT('',(247.12,-184.305,1.51));
#4787 = DIRECTION('',(-0.,0.,-1.));
#4788 = DIRECTION('',(-0.,-1.,0.));
#4789 = FACE_BOUND('',#4790,.T.);
#4790 = EDGE_LOOP('',(#4791,#4802,#4810,#4819));
#4791 = ORIENTED_EDGE('',*,*,#4792,.T.);
#4792 = EDGE_CURVE('',#4793,#4795,#4797,.T.);
#4793 = VERTEX_POINT('',#4794);
#4794 = CARTESIAN_POINT('',(251.2,-185.435,1.51));
#4795 = VERTEX_POINT('',#4796);
#4796 = CARTESIAN_POINT('',(251.2,-186.035,1.51));
#4797 = CIRCLE('',#4798,0.3);
#4798 = AXIS2_PLACEMENT_3D('',#4799,#4800,#4801);
#4799 = CARTESIAN_POINT('',(251.2,-185.735,1.51));
#4800 = DIRECTION('',(-0.,0.,-1.));
#4801 = DIRECTION('',(-9.473903143468E-14,-1.,0.));
#4802 = ORIENTED_EDGE('',*,*,#4803,.T.);
#4803 = EDGE_CURVE('',#4795,#4804,#4806,.T.);
#4804 = VERTEX_POINT('',#4805);
#4805 = CARTESIAN_POINT('',(250.4,-186.035,1.51));
#4806 = LINE('',#4807,#4808);
#4807 = CARTESIAN_POINT('',(125.2,-186.035,1.51));
#4808 = VECTOR('',#4809,1.);
#4809 = DIRECTION('',(-1.,0.,0.));
#4810 = ORIENTED_EDGE('',*,*,#4811,.T.);
#4811 = EDGE_CURVE('',#4804,#4812,#4814,.T.);
#4812 = VERTEX_POINT('',#4813);
#4813 = CARTESIAN_POINT('',(250.4,-185.435,1.51));
#4814 = CIRCLE('',#4815,0.3);
#4815 = AXIS2_PLACEMENT_3D('',#4816,#4817,#4818);
#4816 = CARTESIAN_POINT('',(250.4,-185.735,1.51));
#4817 = DIRECTION('',(0.,-0.,-1.));
#4818 = DIRECTION('',(9.473903143469E-14,1.,-0.));
#4819 = ORIENTED_EDGE('',*,*,#4820,.T.);
#4820 = EDGE_CURVE('',#4812,#4793,#4821,.T.);
#4821 = LINE('',#4822,#4823);
#4822 = CARTESIAN_POINT('',(125.6,-185.435,1.51));
#4823 = VECTOR('',#4824,1.);
#4824 = DIRECTION('',(1.,0.,-0.));
#4825 = FACE_BOUND('',#4826,.T.);
#4826 = EDGE_LOOP('',(#4827));
#4827 = ORIENTED_EDGE('',*,*,#4828,.T.);
#4828 = EDGE_CURVE('',#4829,#4829,#4831,.T.);
#4829 = VERTEX_POINT('',#4830);
#4830 = CARTESIAN_POINT('',(247.12,-178.85,1.51));
#4831 = CIRCLE('',#4832,0.325);
#4832 = AXIS2_PLACEMENT_3D('',#4833,#4834,#4835);
#4833 = CARTESIAN_POINT('',(247.12,-178.525,1.51));
#4834 = DIRECTION('',(-0.,0.,-1.));
#4835 = DIRECTION('',(-0.,-1.,0.));
#4836 = FACE_BOUND('',#4837,.T.);
#4837 = EDGE_LOOP('',(#4838,#4849,#4857,#4866));
#4838 = ORIENTED_EDGE('',*,*,#4839,.T.);
#4839 = EDGE_CURVE('',#4840,#4842,#4844,.T.);
#4840 = VERTEX_POINT('',#4841);
#4841 = CARTESIAN_POINT('',(247.15,-176.795,1.51));
#4842 = VERTEX_POINT('',#4843);
#4843 = CARTESIAN_POINT('',(247.15,-177.395,1.51));
#4844 = CIRCLE('',#4845,0.3);
#4845 = AXIS2_PLACEMENT_3D('',#4846,#4847,#4848);
#4846 = CARTESIAN_POINT('',(247.15,-177.095,1.51));
#4847 = DIRECTION('',(-0.,0.,-1.));
#4848 = DIRECTION('',(-0.,-1.,0.));
#4849 = ORIENTED_EDGE('',*,*,#4850,.T.);
#4850 = EDGE_CURVE('',#4842,#4851,#4853,.T.);
#4851 = VERTEX_POINT('',#4852);
#4852 = CARTESIAN_POINT('',(246.05,-177.395,1.51));
#4853 = LINE('',#4854,#4855);
#4854 = CARTESIAN_POINT('',(123.025,-177.395,1.51));
#4855 = VECTOR('',#4856,1.);
#4856 = DIRECTION('',(-1.,0.,0.));
#4857 = ORIENTED_EDGE('',*,*,#4858,.T.);
#4858 = EDGE_CURVE('',#4851,#4859,#4861,.T.);
#4859 = VERTEX_POINT('',#4860);
#4860 = CARTESIAN_POINT('',(246.05,-176.795,1.51));
#4861 = CIRCLE('',#4862,0.3);
#4862 = AXIS2_PLACEMENT_3D('',#4863,#4864,#4865);
#4863 = CARTESIAN_POINT('',(246.05,-177.095,1.51));
#4864 = DIRECTION('',(-0.,0.,-1.));
#4865 = DIRECTION('',(0.,1.,0.));
#4866 = ORIENTED_EDGE('',*,*,#4867,.T.);
#4867 = EDGE_CURVE('',#4859,#4840,#4868,.T.);
#4868 = LINE('',#4869,#4870);
#4869 = CARTESIAN_POINT('',(123.575,-176.795,1.51));
#4870 = VECTOR('',#4871,1.);
#4871 = DIRECTION('',(1.,0.,-0.));
#4872 = FACE_BOUND('',#4873,.T.);
#4873 = EDGE_LOOP('',(#4874,#4885,#4893,#4902));
#4874 = ORIENTED_EDGE('',*,*,#4875,.T.);
#4875 = EDGE_CURVE('',#4876,#4878,#4880,.T.);
#4876 = VERTEX_POINT('',#4877);
#4877 = CARTESIAN_POINT('',(251.2,-176.795,1.51));
#4878 = VERTEX_POINT('',#4879);
#4879 = CARTESIAN_POINT('',(251.2,-177.395,1.51));
#4880 = CIRCLE('',#4881,0.3);
#4881 = AXIS2_PLACEMENT_3D('',#4882,#4883,#4884);
#4882 = CARTESIAN_POINT('',(251.2,-177.095,1.51));
#4883 = DIRECTION('',(-0.,0.,-1.));
#4884 = DIRECTION('',(-0.,-1.,0.));
#4885 = ORIENTED_EDGE('',*,*,#4886,.T.);
#4886 = EDGE_CURVE('',#4878,#4887,#4889,.T.);
#4887 = VERTEX_POINT('',#4888);
#4888 = CARTESIAN_POINT('',(250.4,-177.395,1.51));
#4889 = LINE('',#4890,#4891);
#4890 = CARTESIAN_POINT('',(125.2,-177.395,1.51));
#4891 = VECTOR('',#4892,1.);
#4892 = DIRECTION('',(-1.,0.,0.));
#4893 = ORIENTED_EDGE('',*,*,#4894,.T.);
#4894 = EDGE_CURVE('',#4887,#4895,#4897,.T.);
#4895 = VERTEX_POINT('',#4896);
#4896 = CARTESIAN_POINT('',(250.4,-176.795,1.51));
#4897 = CIRCLE('',#4898,0.3);
#4898 = AXIS2_PLACEMENT_3D('',#4899,#4900,#4901);
#4899 = CARTESIAN_POINT('',(250.4,-177.095,1.51));
#4900 = DIRECTION('',(-0.,0.,-1.));
#4901 = DIRECTION('',(0.,1.,0.));
#4902 = ORIENTED_EDGE('',*,*,#4903,.T.);
#4903 = EDGE_CURVE('',#4895,#4876,#4904,.T.);
#4904 = LINE('',#4905,#4906);
#4905 = CARTESIAN_POINT('',(125.6,-176.795,1.51));
#4906 = VECTOR('',#4907,1.);
#4907 = DIRECTION('',(1.,0.,-0.));
#4908 = FACE_BOUND('',#4909,.T.);
#4909 = EDGE_LOOP('',(#4910));
#4910 = ORIENTED_EDGE('',*,*,#4911,.T.);
#4911 = EDGE_CURVE('',#4912,#4912,#4914,.T.);
#4912 = VERTEX_POINT('',#4913);
#4913 = CARTESIAN_POINT('',(221.280852,-174.237613,1.51));
#4914 = CIRCLE('',#4915,0.8509);
#4915 = AXIS2_PLACEMENT_3D('',#4916,#4917,#4918);
#4916 = CARTESIAN_POINT('',(221.280852,-173.386713,1.51));
#4917 = DIRECTION('',(-0.,0.,-1.));
#4918 = DIRECTION('',(3.340193845388E-14,-1.,-0.));
#4919 = FACE_BOUND('',#4920,.T.);
#4920 = EDGE_LOOP('',(#4921));
#4921 = ORIENTED_EDGE('',*,*,#4922,.T.);
#4922 = EDGE_CURVE('',#4923,#4923,#4925,.T.);
#4923 = VERTEX_POINT('',#4924);
#4924 = CARTESIAN_POINT('',(220.780852,-171.136713,1.51));
#4925 = CIRCLE('',#4926,1.5);
#4926 = AXIS2_PLACEMENT_3D('',#4927,#4928,#4929);
#4927 = CARTESIAN_POINT('',(220.780852,-169.636713,1.51));
#4928 = DIRECTION('',(-0.,0.,-1.));
#4929 = DIRECTION('',(-0.,-1.,0.));
#4930 = FACE_BOUND('',#4931,.T.);
#4931 = EDGE_LOOP('',(#4932));
#4932 = ORIENTED_EDGE('',*,*,#4933,.T.);
#4933 = EDGE_CURVE('',#4934,#4934,#4936,.T.);
#4934 = VERTEX_POINT('',#4935);
#4935 = CARTESIAN_POINT('',(232.91,-167.96,1.51));
#4936 = CIRCLE('',#4937,0.5);
#4937 = AXIS2_PLACEMENT_3D('',#4938,#4939,#4940);
#4938 = CARTESIAN_POINT('',(232.91,-167.46,1.51));
#4939 = DIRECTION('',(-0.,0.,-1.));
#4940 = DIRECTION('',(-0.,-1.,0.));
#4941 = FACE_BOUND('',#4942,.T.);
#4942 = EDGE_LOOP('',(#4943));
#4943 = ORIENTED_EDGE('',*,*,#4944,.T.);
#4944 = EDGE_CURVE('',#4945,#4945,#4947,.T.);
#4945 = VERTEX_POINT('',#4946);
#4946 = CARTESIAN_POINT('',(232.91,-162.96,1.51));
#4947 = CIRCLE('',#4948,0.5);
#4948 = AXIS2_PLACEMENT_3D('',#4949,#4950,#4951);
#4949 = CARTESIAN_POINT('',(232.91,-162.46,1.51));
#4950 = DIRECTION('',(-0.,0.,-1.));
#4951 = DIRECTION('',(-0.,-1.,0.));
#4952 = FACE_BOUND('',#4953,.T.);
#4953 = EDGE_LOOP('',(#4954,#4965,#4973,#4982));
#4954 = ORIENTED_EDGE('',*,*,#4955,.T.);
#4955 = EDGE_CURVE('',#4956,#4958,#4960,.T.);
#4956 = VERTEX_POINT('',#4957);
#4957 = CARTESIAN_POINT('',(239.26,-171.31,1.51));
#4958 = VERTEX_POINT('',#4959);
#4959 = CARTESIAN_POINT('',(239.26,-169.81,1.51));
#4960 = CIRCLE('',#4961,0.75);
#4961 = AXIS2_PLACEMENT_3D('',#4962,#4963,#4964);
#4962 = CARTESIAN_POINT('',(239.26,-170.56,1.51));
#4963 = DIRECTION('',(-0.,0.,-1.));
#4964 = DIRECTION('',(0.,1.,0.));
#4965 = ORIENTED_EDGE('',*,*,#4966,.T.);
#4966 = EDGE_CURVE('',#4958,#4967,#4969,.T.);
#4967 = VERTEX_POINT('',#4968);
#4968 = CARTESIAN_POINT('',(240.56,-169.81,1.51));
#4969 = LINE('',#4970,#4971);
#4970 = CARTESIAN_POINT('',(120.28,-169.81,1.51));
#4971 = VECTOR('',#4972,1.);
#4972 = DIRECTION('',(1.,0.,-0.));
#4973 = ORIENTED_EDGE('',*,*,#4974,.T.);
#4974 = EDGE_CURVE('',#4967,#4975,#4977,.T.);
#4975 = VERTEX_POINT('',#4976);
#4976 = CARTESIAN_POINT('',(240.56,-171.31,1.51));
#4977 = CIRCLE('',#4978,0.75);
#4978 = AXIS2_PLACEMENT_3D('',#4979,#4980,#4981);
#4979 = CARTESIAN_POINT('',(240.56,-170.56,1.51));
#4980 = DIRECTION('',(-0.,0.,-1.));
#4981 = DIRECTION('',(-0.,-1.,0.));
#4982 = ORIENTED_EDGE('',*,*,#4983,.T.);
#4983 = EDGE_CURVE('',#4975,#4956,#4984,.T.);
#4984 = LINE('',#4985,#4986);
#4985 = CARTESIAN_POINT('',(119.63,-171.31,1.51));
#4986 = VECTOR('',#4987,1.);
#4987 = DIRECTION('',(-1.,0.,0.));
#4988 = FACE_BOUND('',#4989,.T.);
#4989 = EDGE_LOOP('',(#4990));
#4990 = ORIENTED_EDGE('',*,*,#4991,.T.);
#4991 = EDGE_CURVE('',#4992,#4992,#4994,.T.);
#4992 = VERTEX_POINT('',#4993);
#4993 = CARTESIAN_POINT('',(247.41,-167.96,1.51));
#4994 = CIRCLE('',#4995,0.5);
#4995 = AXIS2_PLACEMENT_3D('',#4996,#4997,#4998);
#4996 = CARTESIAN_POINT('',(247.41,-167.46,1.51));
#4997 = DIRECTION('',(-0.,0.,-1.));
#4998 = DIRECTION('',(-0.,-1.,0.));
#4999 = FACE_BOUND('',#5000,.T.);
#5000 = EDGE_LOOP('',(#5001,#5012,#5020,#5029));
#5001 = ORIENTED_EDGE('',*,*,#5002,.T.);
#5002 = EDGE_CURVE('',#5003,#5005,#5007,.T.);
#5003 = VERTEX_POINT('',#5004);
#5004 = CARTESIAN_POINT('',(239.26,-160.11,1.51));
#5005 = VERTEX_POINT('',#5006);
#5006 = CARTESIAN_POINT('',(239.26,-158.61,1.51));
#5007 = CIRCLE('',#5008,0.75);
#5008 = AXIS2_PLACEMENT_3D('',#5009,#5010,#5011);
#5009 = CARTESIAN_POINT('',(239.26,-159.36,1.51));
#5010 = DIRECTION('',(-0.,0.,-1.));
#5011 = DIRECTION('',(0.,1.,0.));
#5012 = ORIENTED_EDGE('',*,*,#5013,.T.);
#5013 = EDGE_CURVE('',#5005,#5014,#5016,.T.);
#5014 = VERTEX_POINT('',#5015);
#5015 = CARTESIAN_POINT('',(240.56,-158.61,1.51));
#5016 = LINE('',#5017,#5018);
#5017 = CARTESIAN_POINT('',(120.28,-158.61,1.51));
#5018 = VECTOR('',#5019,1.);
#5019 = DIRECTION('',(1.,0.,-0.));
#5020 = ORIENTED_EDGE('',*,*,#5021,.T.);
#5021 = EDGE_CURVE('',#5014,#5022,#5024,.T.);
#5022 = VERTEX_POINT('',#5023);
#5023 = CARTESIAN_POINT('',(240.56,-160.11,1.51));
#5024 = CIRCLE('',#5025,0.75);
#5025 = AXIS2_PLACEMENT_3D('',#5026,#5027,#5028);
#5026 = CARTESIAN_POINT('',(240.56,-159.36,1.51));
#5027 = DIRECTION('',(-0.,0.,-1.));
#5028 = DIRECTION('',(-0.,-1.,0.));
#5029 = ORIENTED_EDGE('',*,*,#5030,.T.);
#5030 = EDGE_CURVE('',#5022,#5003,#5031,.T.);
#5031 = LINE('',#5032,#5033);
#5032 = CARTESIAN_POINT('',(119.63,-160.11,1.51));
#5033 = VECTOR('',#5034,1.);
#5034 = DIRECTION('',(-1.,0.,0.));
#5035 = FACE_BOUND('',#5036,.T.);
#5036 = EDGE_LOOP('',(#5037));
#5037 = ORIENTED_EDGE('',*,*,#5038,.T.);
#5038 = EDGE_CURVE('',#5039,#5039,#5041,.T.);
#5039 = VERTEX_POINT('',#5040);
#5040 = CARTESIAN_POINT('',(247.41,-165.46,1.51));
#5041 = CIRCLE('',#5042,0.5);
#5042 = AXIS2_PLACEMENT_3D('',#5043,#5044,#5045);
#5043 = CARTESIAN_POINT('',(247.41,-164.96,1.51));
#5044 = DIRECTION('',(-0.,0.,-1.));
#5045 = DIRECTION('',(-0.,-1.,0.));
#5046 = FACE_BOUND('',#5047,.T.);
#5047 = EDGE_LOOP('',(#5048));
#5048 = ORIENTED_EDGE('',*,*,#5049,.T.);
#5049 = EDGE_CURVE('',#5050,#5050,#5052,.T.);
#5050 = VERTEX_POINT('',#5051);
#5051 = CARTESIAN_POINT('',(247.41,-162.96,1.51));
#5052 = CIRCLE('',#5053,0.5);
#5053 = AXIS2_PLACEMENT_3D('',#5054,#5055,#5056);
#5054 = CARTESIAN_POINT('',(247.41,-162.46,1.51));
#5055 = DIRECTION('',(-0.,0.,-1.));
#5056 = DIRECTION('',(-0.,-1.,0.));
#5057 = FACE_BOUND('',#5058,.T.);
#5058 = EDGE_LOOP('',(#5059));
#5059 = ORIENTED_EDGE('',*,*,#5060,.T.);
#5060 = EDGE_CURVE('',#5061,#5061,#5063,.T.);
#5061 = VERTEX_POINT('',#5062);
#5062 = CARTESIAN_POINT('',(120.780852,-159.936713,1.51));
#5063 = CIRCLE('',#5064,1.5);
#5064 = AXIS2_PLACEMENT_3D('',#5065,#5066,#5067);
#5065 = CARTESIAN_POINT('',(120.780852,-158.436713,1.51));
#5066 = DIRECTION('',(-0.,0.,-1.));
#5067 = DIRECTION('',(-0.,-1.,0.));
#5068 = FACE_BOUND('',#5069,.T.);
#5069 = EDGE_LOOP('',(#5070));
#5070 = ORIENTED_EDGE('',*,*,#5071,.T.);
#5071 = EDGE_CURVE('',#5072,#5072,#5074,.T.);
#5072 = VERTEX_POINT('',#5073);
#5073 = CARTESIAN_POINT('',(115.560852,-150.082013,1.51));
#5074 = CIRCLE('',#5075,0.4953);
#5075 = AXIS2_PLACEMENT_3D('',#5076,#5077,#5078);
#5076 = CARTESIAN_POINT('',(115.560852,-149.586713,1.51));
#5077 = DIRECTION('',(-0.,0.,-1.));
#5078 = DIRECTION('',(-0.,-1.,0.));
#5079 = FACE_BOUND('',#5080,.T.);
#5080 = EDGE_LOOP('',(#5081));
#5081 = ORIENTED_EDGE('',*,*,#5082,.T.);
#5082 = EDGE_CURVE('',#5083,#5083,#5085,.T.);
#5083 = VERTEX_POINT('',#5084);
#5084 = CARTESIAN_POINT('',(115.280852,-146.237613,1.51));
#5085 = CIRCLE('',#5086,0.8509);
#5086 = AXIS2_PLACEMENT_3D('',#5087,#5088,#5089);
#5087 = CARTESIAN_POINT('',(115.280852,-145.386713,1.51));
#5088 = DIRECTION('',(-0.,0.,-1.));
#5089 = DIRECTION('',(-1.670096922694E-14,-1.,0.));
#5090 = FACE_BOUND('',#5091,.T.);
#5091 = EDGE_LOOP('',(#5092));
#5092 = ORIENTED_EDGE('',*,*,#5093,.T.);
#5093 = EDGE_CURVE('',#5094,#5094,#5096,.T.);
#5094 = VERTEX_POINT('',#5095);
#5095 = CARTESIAN_POINT('',(120.780852,-147.101213,1.51));
#5096 = CIRCLE('',#5097,1.7145);
#5097 = AXIS2_PLACEMENT_3D('',#5098,#5099,#5100);
#5098 = CARTESIAN_POINT('',(120.780852,-145.386713,1.51));
#5099 = DIRECTION('',(-0.,0.,-1.));
#5100 = DIRECTION('',(-0.,-1.,0.));
#5101 = FACE_BOUND('',#5102,.T.);
#5102 = EDGE_LOOP('',(#5103));
#5103 = ORIENTED_EDGE('',*,*,#5104,.T.);
#5104 = EDGE_CURVE('',#5105,#5105,#5107,.T.);
#5105 = VERTEX_POINT('',#5106);
#5106 = CARTESIAN_POINT('',(126.000852,-150.082013,1.51));
#5107 = CIRCLE('',#5108,0.4953);
#5108 = AXIS2_PLACEMENT_3D('',#5109,#5110,#5111);
#5109 = CARTESIAN_POINT('',(126.000852,-149.586713,1.51));
#5110 = DIRECTION('',(-0.,0.,-1.));
#5111 = DIRECTION('',(-0.,-1.,0.));
#5112 = FACE_BOUND('',#5113,.T.);
#5113 = EDGE_LOOP('',(#5114));
#5114 = ORIENTED_EDGE('',*,*,#5115,.T.);
#5115 = EDGE_CURVE('',#5116,#5116,#5118,.T.);
#5116 = VERTEX_POINT('',#5117);
#5117 = CARTESIAN_POINT('',(126.280852,-146.237613,1.51));
#5118 = CIRCLE('',#5119,0.8509);
#5119 = AXIS2_PLACEMENT_3D('',#5120,#5121,#5122);
#5120 = CARTESIAN_POINT('',(126.280852,-145.386713,1.51));
#5121 = DIRECTION('',(-0.,0.,-1.));
#5122 = DIRECTION('',(-1.670096922694E-14,-1.,0.));
#5123 = FACE_BOUND('',#5124,.T.);
#5124 = EDGE_LOOP('',(#5125));
#5125 = ORIENTED_EDGE('',*,*,#5126,.T.);
#5126 = EDGE_CURVE('',#5127,#5127,#5129,.T.);
#5127 = VERTEX_POINT('',#5128);
#5128 = CARTESIAN_POINT('',(139.780852,-159.936713,1.51));
#5129 = CIRCLE('',#5130,1.5);
#5130 = AXIS2_PLACEMENT_3D('',#5131,#5132,#5133);
#5131 = CARTESIAN_POINT('',(139.780852,-158.436713,1.51));
#5132 = DIRECTION('',(-0.,0.,-1.));
#5133 = DIRECTION('',(-0.,-1.,0.));
#5134 = FACE_BOUND('',#5135,.T.);
#5135 = EDGE_LOOP('',(#5136));
#5136 = ORIENTED_EDGE('',*,*,#5137,.T.);
#5137 = EDGE_CURVE('',#5138,#5138,#5140,.T.);
#5138 = VERTEX_POINT('',#5139);
#5139 = CARTESIAN_POINT('',(134.560852,-150.082013,1.51));
#5140 = CIRCLE('',#5141,0.4953);
#5141 = AXIS2_PLACEMENT_3D('',#5142,#5143,#5144);
#5142 = CARTESIAN_POINT('',(134.560852,-149.586713,1.51));
#5143 = DIRECTION('',(-0.,0.,-1.));
#5144 = DIRECTION('',(-0.,-1.,0.));
#5145 = FACE_BOUND('',#5146,.T.);
#5146 = EDGE_LOOP('',(#5147));
#5147 = ORIENTED_EDGE('',*,*,#5148,.T.);
#5148 = EDGE_CURVE('',#5149,#5149,#5151,.T.);
#5149 = VERTEX_POINT('',#5150);
#5150 = CARTESIAN_POINT('',(134.280852,-146.237613,1.51));
#5151 = CIRCLE('',#5152,0.8509);
#5152 = AXIS2_PLACEMENT_3D('',#5153,#5154,#5155);
#5153 = CARTESIAN_POINT('',(134.280852,-145.386713,1.51));
#5154 = DIRECTION('',(-0.,0.,-1.));
#5155 = DIRECTION('',(3.340193845388E-14,-1.,-0.));
#5156 = FACE_BOUND('',#5157,.T.);
#5157 = EDGE_LOOP('',(#5158));
#5158 = ORIENTED_EDGE('',*,*,#5159,.T.);
#5159 = EDGE_CURVE('',#5160,#5160,#5162,.T.);
#5160 = VERTEX_POINT('',#5161);
#5161 = CARTESIAN_POINT('',(139.780852,-147.101213,1.51));
#5162 = CIRCLE('',#5163,1.7145);
#5163 = AXIS2_PLACEMENT_3D('',#5164,#5165,#5166);
#5164 = CARTESIAN_POINT('',(139.780852,-145.386713,1.51));
#5165 = DIRECTION('',(-0.,0.,-1.));
#5166 = DIRECTION('',(1.657725834378E-14,-1.,-0.));
#5167 = FACE_BOUND('',#5168,.T.);
#5168 = EDGE_LOOP('',(#5169));
#5169 = ORIENTED_EDGE('',*,*,#5170,.T.);
#5170 = EDGE_CURVE('',#5171,#5171,#5173,.T.);
#5171 = VERTEX_POINT('',#5172);
#5172 = CARTESIAN_POINT('',(145.000852,-150.082013,1.51));
#5173 = CIRCLE('',#5174,0.4953);
#5174 = AXIS2_PLACEMENT_3D('',#5175,#5176,#5177);
#5175 = CARTESIAN_POINT('',(145.000852,-149.586713,1.51));
#5176 = DIRECTION('',(-0.,0.,-1.));
#5177 = DIRECTION('',(-0.,-1.,0.));
#5178 = FACE_BOUND('',#5179,.T.);
#5179 = EDGE_LOOP('',(#5180));
#5180 = ORIENTED_EDGE('',*,*,#5181,.T.);
#5181 = EDGE_CURVE('',#5182,#5182,#5184,.T.);
#5182 = VERTEX_POINT('',#5183);
#5183 = CARTESIAN_POINT('',(145.280852,-146.237613,1.51));
#5184 = CIRCLE('',#5185,0.8509);
#5185 = AXIS2_PLACEMENT_3D('',#5186,#5187,#5188);
#5186 = CARTESIAN_POINT('',(145.280852,-145.386713,1.51));
#5187 = DIRECTION('',(-0.,0.,-1.));
#5188 = DIRECTION('',(3.340193845388E-14,-1.,-0.));
#5189 = FACE_BOUND('',#5190,.T.);
#5190 = EDGE_LOOP('',(#5191));
#5191 = ORIENTED_EDGE('',*,*,#5192,.T.);
#5192 = EDGE_CURVE('',#5193,#5193,#5195,.T.);
#5193 = VERTEX_POINT('',#5194);
#5194 = CARTESIAN_POINT('',(115.780852,-143.136713,1.51));
#5195 = CIRCLE('',#5196,1.5);
#5196 = AXIS2_PLACEMENT_3D('',#5197,#5198,#5199);
#5197 = CARTESIAN_POINT('',(115.780852,-141.636713,1.51));
#5198 = DIRECTION('',(-0.,0.,-1.));
#5199 = DIRECTION('',(-0.,-1.,0.));
#5200 = FACE_BOUND('',#5201,.T.);
#5201 = EDGE_LOOP('',(#5202));
#5202 = ORIENTED_EDGE('',*,*,#5203,.T.);
#5203 = EDGE_CURVE('',#5204,#5204,#5206,.T.);
#5204 = VERTEX_POINT('',#5205);
#5205 = CARTESIAN_POINT('',(120.780852,-140.936713,1.51));
#5206 = CIRCLE('',#5207,1.5);
#5207 = AXIS2_PLACEMENT_3D('',#5208,#5209,#5210);
#5208 = CARTESIAN_POINT('',(120.780852,-139.436713,1.51));
#5209 = DIRECTION('',(-0.,0.,-1.));
#5210 = DIRECTION('',(-0.,-1.,0.));
#5211 = FACE_BOUND('',#5212,.T.);
#5212 = EDGE_LOOP('',(#5213));
#5213 = ORIENTED_EDGE('',*,*,#5214,.T.);
#5214 = EDGE_CURVE('',#5215,#5215,#5217,.T.);
#5215 = VERTEX_POINT('',#5216);
#5216 = CARTESIAN_POINT('',(125.780852,-143.136713,1.51));
#5217 = CIRCLE('',#5218,1.5);
#5218 = AXIS2_PLACEMENT_3D('',#5219,#5220,#5221);
#5219 = CARTESIAN_POINT('',(125.780852,-141.636713,1.51));
#5220 = DIRECTION('',(-0.,0.,-1.));
#5221 = DIRECTION('',(-0.,-1.,0.));
#5222 = FACE_BOUND('',#5223,.T.);
#5223 = EDGE_LOOP('',(#5224));
#5224 = ORIENTED_EDGE('',*,*,#5225,.T.);
#5225 = EDGE_CURVE('',#5226,#5226,#5228,.T.);
#5226 = VERTEX_POINT('',#5227);
#5227 = CARTESIAN_POINT('',(115.560852,-131.082013,1.51));
#5228 = CIRCLE('',#5229,0.4953);
#5229 = AXIS2_PLACEMENT_3D('',#5230,#5231,#5232);
#5230 = CARTESIAN_POINT('',(115.560852,-130.586713,1.51));
#5231 = DIRECTION('',(-0.,0.,-1.));
#5232 = DIRECTION('',(-0.,-1.,0.));
#5233 = FACE_BOUND('',#5234,.T.);
#5234 = EDGE_LOOP('',(#5235));
#5235 = ORIENTED_EDGE('',*,*,#5236,.T.);
#5236 = EDGE_CURVE('',#5237,#5237,#5239,.T.);
#5237 = VERTEX_POINT('',#5238);
#5238 = CARTESIAN_POINT('',(126.000852,-131.082013,1.51));
#5239 = CIRCLE('',#5240,0.4953);
#5240 = AXIS2_PLACEMENT_3D('',#5241,#5242,#5243);
#5241 = CARTESIAN_POINT('',(126.000852,-130.586713,1.51));
#5242 = DIRECTION('',(-0.,0.,-1.));
#5243 = DIRECTION('',(-0.,-1.,0.));
#5244 = FACE_BOUND('',#5245,.T.);
#5245 = EDGE_LOOP('',(#5246));
#5246 = ORIENTED_EDGE('',*,*,#5247,.T.);
#5247 = EDGE_CURVE('',#5248,#5248,#5250,.T.);
#5248 = VERTEX_POINT('',#5249);
#5249 = CARTESIAN_POINT('',(134.780852,-143.136713,1.51));
#5250 = CIRCLE('',#5251,1.5);
#5251 = AXIS2_PLACEMENT_3D('',#5252,#5253,#5254);
#5252 = CARTESIAN_POINT('',(134.780852,-141.636713,1.51));
#5253 = DIRECTION('',(-0.,0.,-1.));
#5254 = DIRECTION('',(-0.,-1.,0.));
#5255 = FACE_BOUND('',#5256,.T.);
#5256 = EDGE_LOOP('',(#5257));
#5257 = ORIENTED_EDGE('',*,*,#5258,.T.);
#5258 = EDGE_CURVE('',#5259,#5259,#5261,.T.);
#5259 = VERTEX_POINT('',#5260);
#5260 = CARTESIAN_POINT('',(139.780852,-140.936713,1.51));
#5261 = CIRCLE('',#5262,1.5);
#5262 = AXIS2_PLACEMENT_3D('',#5263,#5264,#5265);
#5263 = CARTESIAN_POINT('',(139.780852,-139.436713,1.51));
#5264 = DIRECTION('',(-0.,0.,-1.));
#5265 = DIRECTION('',(-0.,-1.,0.));
#5266 = FACE_BOUND('',#5267,.T.);
#5267 = EDGE_LOOP('',(#5268));
#5268 = ORIENTED_EDGE('',*,*,#5269,.T.);
#5269 = EDGE_CURVE('',#5270,#5270,#5272,.T.);
#5270 = VERTEX_POINT('',#5271);
#5271 = CARTESIAN_POINT('',(144.780852,-143.136713,1.51));
#5272 = CIRCLE('',#5273,1.5);
#5273 = AXIS2_PLACEMENT_3D('',#5274,#5275,#5276);
#5274 = CARTESIAN_POINT('',(144.780852,-141.636713,1.51));
#5275 = DIRECTION('',(-0.,0.,-1.));
#5276 = DIRECTION('',(-0.,-1.,0.));
#5277 = FACE_BOUND('',#5278,.T.);
#5278 = EDGE_LOOP('',(#5279));
#5279 = ORIENTED_EDGE('',*,*,#5280,.T.);
#5280 = EDGE_CURVE('',#5281,#5281,#5283,.T.);
#5281 = VERTEX_POINT('',#5282);
#5282 = CARTESIAN_POINT('',(134.560852,-131.082013,1.51));
#5283 = CIRCLE('',#5284,0.4953);
#5284 = AXIS2_PLACEMENT_3D('',#5285,#5286,#5287);
#5285 = CARTESIAN_POINT('',(134.560852,-130.586713,1.51));
#5286 = DIRECTION('',(-0.,0.,-1.));
#5287 = DIRECTION('',(-0.,-1.,0.));
#5288 = FACE_BOUND('',#5289,.T.);
#5289 = EDGE_LOOP('',(#5290));
#5290 = ORIENTED_EDGE('',*,*,#5291,.T.);
#5291 = EDGE_CURVE('',#5292,#5292,#5294,.T.);
#5292 = VERTEX_POINT('',#5293);
#5293 = CARTESIAN_POINT('',(145.000852,-131.082013,1.51));
#5294 = CIRCLE('',#5295,0.4953);
#5295 = AXIS2_PLACEMENT_3D('',#5296,#5297,#5298);
#5296 = CARTESIAN_POINT('',(145.000852,-130.586713,1.51));
#5297 = DIRECTION('',(-0.,0.,-1.));
#5298 = DIRECTION('',(-0.,-1.,0.));
#5299 = FACE_BOUND('',#5300,.T.);
#5300 = EDGE_LOOP('',(#5301));
#5301 = ORIENTED_EDGE('',*,*,#5302,.T.);
#5302 = EDGE_CURVE('',#5303,#5303,#5305,.T.);
#5303 = VERTEX_POINT('',#5304);
#5304 = CARTESIAN_POINT('',(153.560852,-157.082013,1.51));
#5305 = CIRCLE('',#5306,0.4953);
#5306 = AXIS2_PLACEMENT_3D('',#5307,#5308,#5309);
#5307 = CARTESIAN_POINT('',(153.560852,-156.586713,1.51));
#5308 = DIRECTION('',(-0.,0.,-1.));
#5309 = DIRECTION('',(-0.,-1.,0.));
#5310 = FACE_BOUND('',#5311,.T.);
#5311 = EDGE_LOOP('',(#5312));
#5312 = ORIENTED_EDGE('',*,*,#5313,.T.);
#5313 = EDGE_CURVE('',#5314,#5314,#5316,.T.);
#5314 = VERTEX_POINT('',#5315);
#5315 = CARTESIAN_POINT('',(153.280852,-153.237613,1.51));
#5316 = CIRCLE('',#5317,0.8509);
#5317 = AXIS2_PLACEMENT_3D('',#5318,#5319,#5320);
#5318 = CARTESIAN_POINT('',(153.280852,-152.386713,1.51));
#5319 = DIRECTION('',(-0.,0.,-1.));
#5320 = DIRECTION('',(3.340193845388E-14,-1.,-0.));
#5321 = FACE_BOUND('',#5322,.T.);
#5322 = EDGE_LOOP('',(#5323));
#5323 = ORIENTED_EDGE('',*,*,#5324,.T.);
#5324 = EDGE_CURVE('',#5325,#5325,#5327,.T.);
#5325 = VERTEX_POINT('',#5326);
#5326 = CARTESIAN_POINT('',(164.000852,-157.082013,1.51));
#5327 = CIRCLE('',#5328,0.4953);
#5328 = AXIS2_PLACEMENT_3D('',#5329,#5330,#5331);
#5329 = CARTESIAN_POINT('',(164.000852,-156.586713,1.51));
#5330 = DIRECTION('',(-0.,0.,-1.));
#5331 = DIRECTION('',(-0.,-1.,0.));
#5332 = FACE_BOUND('',#5333,.T.);
#5333 = EDGE_LOOP('',(#5334));
#5334 = ORIENTED_EDGE('',*,*,#5335,.T.);
#5335 = EDGE_CURVE('',#5336,#5336,#5338,.T.);
#5336 = VERTEX_POINT('',#5337);
#5337 = CARTESIAN_POINT('',(158.780852,-154.101213,1.51));
#5338 = CIRCLE('',#5339,1.7145);
#5339 = AXIS2_PLACEMENT_3D('',#5340,#5341,#5342);
#5340 = CARTESIAN_POINT('',(158.780852,-152.386713,1.51));
#5341 = DIRECTION('',(-0.,0.,-1.));
#5342 = DIRECTION('',(1.657725834378E-14,-1.,-0.));
#5343 = FACE_BOUND('',#5344,.T.);
#5344 = EDGE_LOOP('',(#5345));
#5345 = ORIENTED_EDGE('',*,*,#5346,.T.);
#5346 = EDGE_CURVE('',#5347,#5347,#5349,.T.);
#5347 = VERTEX_POINT('',#5348);
#5348 = CARTESIAN_POINT('',(164.280852,-153.237613,1.51));
#5349 = CIRCLE('',#5350,0.8509);
#5350 = AXIS2_PLACEMENT_3D('',#5351,#5352,#5353);
#5351 = CARTESIAN_POINT('',(164.280852,-152.386713,1.51));
#5352 = DIRECTION('',(-0.,0.,-1.));
#5353 = DIRECTION('',(3.340193845388E-14,-1.,-0.));
#5354 = FACE_BOUND('',#5355,.T.);
#5355 = EDGE_LOOP('',(#5356));
#5356 = ORIENTED_EDGE('',*,*,#5357,.T.);
#5357 = EDGE_CURVE('',#5358,#5358,#5360,.T.);
#5358 = VERTEX_POINT('',#5359);
#5359 = CARTESIAN_POINT('',(153.780852,-150.136713,1.51));
#5360 = CIRCLE('',#5361,1.5);
#5361 = AXIS2_PLACEMENT_3D('',#5362,#5363,#5364);
#5362 = CARTESIAN_POINT('',(153.780852,-148.636713,1.51));
#5363 = DIRECTION('',(-0.,0.,-1.));
#5364 = DIRECTION('',(-0.,-1.,0.));
#5365 = FACE_BOUND('',#5366,.T.);
#5366 = EDGE_LOOP('',(#5367));
#5367 = ORIENTED_EDGE('',*,*,#5368,.T.);
#5368 = EDGE_CURVE('',#5369,#5369,#5371,.T.);
#5369 = VERTEX_POINT('',#5370);
#5370 = CARTESIAN_POINT('',(163.780852,-150.136713,1.51));
#5371 = CIRCLE('',#5372,1.5);
#5372 = AXIS2_PLACEMENT_3D('',#5373,#5374,#5375);
#5373 = CARTESIAN_POINT('',(163.780852,-148.636713,1.51));
#5374 = DIRECTION('',(-0.,0.,-1.));
#5375 = DIRECTION('',(-0.,-1.,0.));
#5376 = FACE_BOUND('',#5377,.T.);
#5377 = EDGE_LOOP('',(#5378));
#5378 = ORIENTED_EDGE('',*,*,#5379,.T.);
#5379 = EDGE_CURVE('',#5380,#5380,#5382,.T.);
#5380 = VERTEX_POINT('',#5381);
#5381 = CARTESIAN_POINT('',(158.780852,-147.936713,1.51));
#5382 = CIRCLE('',#5383,1.5);
#5383 = AXIS2_PLACEMENT_3D('',#5384,#5385,#5386);
#5384 = CARTESIAN_POINT('',(158.780852,-146.436713,1.51));
#5385 = DIRECTION('',(-0.,0.,-1.));
#5386 = DIRECTION('',(-0.,-1.,0.));
#5387 = FACE_BOUND('',#5388,.T.);
#5388 = EDGE_LOOP('',(#5389));
#5389 = ORIENTED_EDGE('',*,*,#5390,.T.);
#5390 = EDGE_CURVE('',#5391,#5391,#5393,.T.);
#5391 = VERTEX_POINT('',#5392);
#5392 = CARTESIAN_POINT('',(172.560852,-152.082013,1.51));
#5393 = CIRCLE('',#5394,0.4953);
#5394 = AXIS2_PLACEMENT_3D('',#5395,#5396,#5397);
#5395 = CARTESIAN_POINT('',(172.560852,-151.586713,1.51));
#5396 = DIRECTION('',(-0.,0.,-1.));
#5397 = DIRECTION('',(-0.,-1.,0.));
#5398 = FACE_BOUND('',#5399,.T.);
#5399 = EDGE_LOOP('',(#5400));
#5400 = ORIENTED_EDGE('',*,*,#5401,.T.);
#5401 = EDGE_CURVE('',#5402,#5402,#5404,.T.);
#5402 = VERTEX_POINT('',#5403);
#5403 = CARTESIAN_POINT('',(172.280852,-148.237613,1.51));
#5404 = CIRCLE('',#5405,0.8509);
#5405 = AXIS2_PLACEMENT_3D('',#5406,#5407,#5408);
#5406 = CARTESIAN_POINT('',(172.280852,-147.386713,1.51));
#5407 = DIRECTION('',(-0.,0.,-1.));
#5408 = DIRECTION('',(3.340193845388E-14,-1.,-0.));
#5409 = FACE_BOUND('',#5410,.T.);
#5410 = EDGE_LOOP('',(#5411));
#5411 = ORIENTED_EDGE('',*,*,#5412,.T.);
#5412 = EDGE_CURVE('',#5413,#5413,#5415,.T.);
#5413 = VERTEX_POINT('',#5414);
#5414 = CARTESIAN_POINT('',(177.780852,-149.101213,1.51));
#5415 = CIRCLE('',#5416,1.7145);
#5416 = AXIS2_PLACEMENT_3D('',#5417,#5418,#5419);
#5417 = CARTESIAN_POINT('',(177.780852,-147.386713,1.51));
#5418 = DIRECTION('',(-0.,0.,-1.));
#5419 = DIRECTION('',(1.657725834378E-14,-1.,-0.));
#5420 = FACE_BOUND('',#5421,.T.);
#5421 = EDGE_LOOP('',(#5422));
#5422 = ORIENTED_EDGE('',*,*,#5423,.T.);
#5423 = EDGE_CURVE('',#5424,#5424,#5426,.T.);
#5424 = VERTEX_POINT('',#5425);
#5425 = CARTESIAN_POINT('',(153.560852,-138.082013,1.51));
#5426 = CIRCLE('',#5427,0.4953);
#5427 = AXIS2_PLACEMENT_3D('',#5428,#5429,#5430);
#5428 = CARTESIAN_POINT('',(153.560852,-137.586713,1.51));
#5429 = DIRECTION('',(-0.,0.,-1.));
#5430 = DIRECTION('',(-0.,-1.,0.));
#5431 = FACE_BOUND('',#5432,.T.);
#5432 = EDGE_LOOP('',(#5433));
#5433 = ORIENTED_EDGE('',*,*,#5434,.T.);
#5434 = EDGE_CURVE('',#5435,#5435,#5437,.T.);
#5435 = VERTEX_POINT('',#5436);
#5436 = CARTESIAN_POINT('',(153.280852,-134.237613,1.51));
#5437 = CIRCLE('',#5438,0.8509);
#5438 = AXIS2_PLACEMENT_3D('',#5439,#5440,#5441);
#5439 = CARTESIAN_POINT('',(153.280852,-133.386713,1.51));
#5440 = DIRECTION('',(-0.,0.,-1.));
#5441 = DIRECTION('',(3.340193845388E-14,-1.,-0.));
#5442 = FACE_BOUND('',#5443,.T.);
#5443 = EDGE_LOOP('',(#5444));
#5444 = ORIENTED_EDGE('',*,*,#5445,.T.);
#5445 = EDGE_CURVE('',#5446,#5446,#5448,.T.);
#5446 = VERTEX_POINT('',#5447);
#5447 = CARTESIAN_POINT('',(164.000852,-138.082013,1.51));
#5448 = CIRCLE('',#5449,0.4953);
#5449 = AXIS2_PLACEMENT_3D('',#5450,#5451,#5452);
#5450 = CARTESIAN_POINT('',(164.000852,-137.586713,1.51));
#5451 = DIRECTION('',(-0.,0.,-1.));
#5452 = DIRECTION('',(-0.,-1.,0.));
#5453 = FACE_BOUND('',#5454,.T.);
#5454 = EDGE_LOOP('',(#5455));
#5455 = ORIENTED_EDGE('',*,*,#5456,.T.);
#5456 = EDGE_CURVE('',#5457,#5457,#5459,.T.);
#5457 = VERTEX_POINT('',#5458);
#5458 = CARTESIAN_POINT('',(158.780852,-135.101213,1.51));
#5459 = CIRCLE('',#5460,1.7145);
#5460 = AXIS2_PLACEMENT_3D('',#5461,#5462,#5463);
#5461 = CARTESIAN_POINT('',(158.780852,-133.386713,1.51));
#5462 = DIRECTION('',(-0.,0.,-1.));
#5463 = DIRECTION('',(1.657725834378E-14,-1.,-0.));
#5464 = FACE_BOUND('',#5465,.T.);
#5465 = EDGE_LOOP('',(#5466));
#5466 = ORIENTED_EDGE('',*,*,#5467,.T.);
#5467 = EDGE_CURVE('',#5468,#5468,#5470,.T.);
#5468 = VERTEX_POINT('',#5469);
#5469 = CARTESIAN_POINT('',(164.280852,-134.237613,1.51));
#5470 = CIRCLE('',#5471,0.8509);
#5471 = AXIS2_PLACEMENT_3D('',#5472,#5473,#5474);
#5472 = CARTESIAN_POINT('',(164.280852,-133.386713,1.51));
#5473 = DIRECTION('',(-0.,0.,-1.));
#5474 = DIRECTION('',(3.340193845388E-14,-1.,-0.));
#5475 = FACE_BOUND('',#5476,.T.);
#5476 = EDGE_LOOP('',(#5477));
#5477 = ORIENTED_EDGE('',*,*,#5478,.T.);
#5478 = EDGE_CURVE('',#5479,#5479,#5481,.T.);
#5479 = VERTEX_POINT('',#5480);
#5480 = CARTESIAN_POINT('',(172.780852,-145.136713,1.51));
#5481 = CIRCLE('',#5482,1.5);
#5482 = AXIS2_PLACEMENT_3D('',#5483,#5484,#5485);
#5483 = CARTESIAN_POINT('',(172.780852,-143.636713,1.51));
#5484 = DIRECTION('',(-0.,0.,-1.));
#5485 = DIRECTION('',(-0.,-1.,0.));
#5486 = FACE_BOUND('',#5487,.T.);
#5487 = EDGE_LOOP('',(#5488));
#5488 = ORIENTED_EDGE('',*,*,#5489,.T.);
#5489 = EDGE_CURVE('',#5490,#5490,#5492,.T.);
#5490 = VERTEX_POINT('',#5491);
#5491 = CARTESIAN_POINT('',(177.780852,-142.936713,1.51));
#5492 = CIRCLE('',#5493,1.5);
#5493 = AXIS2_PLACEMENT_3D('',#5494,#5495,#5496);
#5494 = CARTESIAN_POINT('',(177.780852,-141.436713,1.51));
#5495 = DIRECTION('',(-0.,0.,-1.));
#5496 = DIRECTION('',(-0.,-1.,0.));
#5497 = FACE_BOUND('',#5498,.T.);
#5498 = EDGE_LOOP('',(#5499));
#5499 = ORIENTED_EDGE('',*,*,#5500,.T.);
#5500 = EDGE_CURVE('',#5501,#5501,#5503,.T.);
#5501 = VERTEX_POINT('',#5502);
#5502 = CARTESIAN_POINT('',(182.780852,-145.136713,1.51));
#5503 = CIRCLE('',#5504,1.5);
#5504 = AXIS2_PLACEMENT_3D('',#5505,#5506,#5507);
#5505 = CARTESIAN_POINT('',(182.780852,-143.636713,1.51));
#5506 = DIRECTION('',(-0.,0.,-1.));
#5507 = DIRECTION('',(-0.,-1.,0.));
#5508 = FACE_BOUND('',#5509,.T.);
#5509 = EDGE_LOOP('',(#5510));
#5510 = ORIENTED_EDGE('',*,*,#5511,.T.);
#5511 = EDGE_CURVE('',#5512,#5512,#5514,.T.);
#5512 = VERTEX_POINT('',#5513);
#5513 = CARTESIAN_POINT('',(172.560852,-133.082013,1.51));
#5514 = CIRCLE('',#5515,0.4953);
#5515 = AXIS2_PLACEMENT_3D('',#5516,#5517,#5518);
#5516 = CARTESIAN_POINT('',(172.560852,-132.586713,1.51));
#5517 = DIRECTION('',(-0.,0.,-1.));
#5518 = DIRECTION('',(-0.,-1.,0.));
#5519 = FACE_BOUND('',#5520,.T.);
#5520 = EDGE_LOOP('',(#5521));
#5521 = ORIENTED_EDGE('',*,*,#5522,.T.);
#5522 = EDGE_CURVE('',#5523,#5523,#5525,.T.);
#5523 = VERTEX_POINT('',#5524);
#5524 = CARTESIAN_POINT('',(115.280852,-127.237613,1.51));
#5525 = CIRCLE('',#5526,0.8509);
#5526 = AXIS2_PLACEMENT_3D('',#5527,#5528,#5529);
#5527 = CARTESIAN_POINT('',(115.280852,-126.386713,1.51));
#5528 = DIRECTION('',(-0.,0.,-1.));
#5529 = DIRECTION('',(-1.670096922694E-14,-1.,0.));
#5530 = FACE_BOUND('',#5531,.T.);
#5531 = EDGE_LOOP('',(#5532));
#5532 = ORIENTED_EDGE('',*,*,#5533,.T.);
#5533 = EDGE_CURVE('',#5534,#5534,#5536,.T.);
#5534 = VERTEX_POINT('',#5535);
#5535 = CARTESIAN_POINT('',(120.780852,-128.101213,1.51));
#5536 = CIRCLE('',#5537,1.7145);
#5537 = AXIS2_PLACEMENT_3D('',#5538,#5539,#5540);
#5538 = CARTESIAN_POINT('',(120.780852,-126.386713,1.51));
#5539 = DIRECTION('',(-0.,0.,-1.));
#5540 = DIRECTION('',(-0.,-1.,0.));
#5541 = FACE_BOUND('',#5542,.T.);
#5542 = EDGE_LOOP('',(#5543));
#5543 = ORIENTED_EDGE('',*,*,#5544,.T.);
#5544 = EDGE_CURVE('',#5545,#5545,#5547,.T.);
#5545 = VERTEX_POINT('',#5546);
#5546 = CARTESIAN_POINT('',(126.280852,-127.237613,1.51));
#5547 = CIRCLE('',#5548,0.8509);
#5548 = AXIS2_PLACEMENT_3D('',#5549,#5550,#5551);
#5549 = CARTESIAN_POINT('',(126.280852,-126.386713,1.51));
#5550 = DIRECTION('',(-0.,0.,-1.));
#5551 = DIRECTION('',(-1.670096922694E-14,-1.,0.));
#5552 = FACE_BOUND('',#5553,.T.);
#5553 = EDGE_LOOP('',(#5554));
#5554 = ORIENTED_EDGE('',*,*,#5555,.T.);
#5555 = EDGE_CURVE('',#5556,#5556,#5558,.T.);
#5556 = VERTEX_POINT('',#5557);
#5557 = CARTESIAN_POINT('',(115.780852,-124.136713,1.51));
#5558 = CIRCLE('',#5559,1.5);
#5559 = AXIS2_PLACEMENT_3D('',#5560,#5561,#5562);
#5560 = CARTESIAN_POINT('',(115.780852,-122.636713,1.51));
#5561 = DIRECTION('',(-0.,0.,-1.));
#5562 = DIRECTION('',(-0.,-1.,0.));
#5563 = FACE_BOUND('',#5564,.T.);
#5564 = EDGE_LOOP('',(#5565));
#5565 = ORIENTED_EDGE('',*,*,#5566,.T.);
#5566 = EDGE_CURVE('',#5567,#5567,#5569,.T.);
#5567 = VERTEX_POINT('',#5568);
#5568 = CARTESIAN_POINT('',(120.780852,-121.936713,1.51));
#5569 = CIRCLE('',#5570,1.5);
#5570 = AXIS2_PLACEMENT_3D('',#5571,#5572,#5573);
#5571 = CARTESIAN_POINT('',(120.780852,-120.436713,1.51));
#5572 = DIRECTION('',(-0.,0.,-1.));
#5573 = DIRECTION('',(-0.,-1.,0.));
#5574 = FACE_BOUND('',#5575,.T.);
#5575 = EDGE_LOOP('',(#5576));
#5576 = ORIENTED_EDGE('',*,*,#5577,.T.);
#5577 = EDGE_CURVE('',#5578,#5578,#5580,.T.);
#5578 = VERTEX_POINT('',#5579);
#5579 = CARTESIAN_POINT('',(125.780852,-124.136713,1.51));
#5580 = CIRCLE('',#5581,1.5);
#5581 = AXIS2_PLACEMENT_3D('',#5582,#5583,#5584);
#5582 = CARTESIAN_POINT('',(125.780852,-122.636713,1.51));
#5583 = DIRECTION('',(-0.,0.,-1.));
#5584 = DIRECTION('',(-0.,-1.,0.));
#5585 = FACE_BOUND('',#5586,.T.);
#5586 = EDGE_LOOP('',(#5587));
#5587 = ORIENTED_EDGE('',*,*,#5588,.T.);
#5588 = EDGE_CURVE('',#5589,#5589,#5591,.T.);
#5589 = VERTEX_POINT('',#5590);
#5590 = CARTESIAN_POINT('',(134.280852,-127.237613,1.51));
#5591 = CIRCLE('',#5592,0.8509);
#5592 = AXIS2_PLACEMENT_3D('',#5593,#5594,#5595);
#5593 = CARTESIAN_POINT('',(134.280852,-126.386713,1.51));
#5594 = DIRECTION('',(-0.,0.,-1.));
#5595 = DIRECTION('',(3.340193845388E-14,-1.,-0.));
#5596 = FACE_BOUND('',#5597,.T.);
#5597 = EDGE_LOOP('',(#5598));
#5598 = ORIENTED_EDGE('',*,*,#5599,.T.);
#5599 = EDGE_CURVE('',#5600,#5600,#5602,.T.);
#5600 = VERTEX_POINT('',#5601);
#5601 = CARTESIAN_POINT('',(139.780852,-128.101213,1.51));
#5602 = CIRCLE('',#5603,1.7145);
#5603 = AXIS2_PLACEMENT_3D('',#5604,#5605,#5606);
#5604 = CARTESIAN_POINT('',(139.780852,-126.386713,1.51));
#5605 = DIRECTION('',(-0.,0.,-1.));
#5606 = DIRECTION('',(1.657725834378E-14,-1.,-0.));
#5607 = FACE_BOUND('',#5608,.T.);
#5608 = EDGE_LOOP('',(#5609));
#5609 = ORIENTED_EDGE('',*,*,#5610,.T.);
#5610 = EDGE_CURVE('',#5611,#5611,#5613,.T.);
#5611 = VERTEX_POINT('',#5612);
#5612 = CARTESIAN_POINT('',(145.280852,-127.237613,1.51));
#5613 = CIRCLE('',#5614,0.8509);
#5614 = AXIS2_PLACEMENT_3D('',#5615,#5616,#5617);
#5615 = CARTESIAN_POINT('',(145.280852,-126.386713,1.51));
#5616 = DIRECTION('',(-0.,0.,-1.));
#5617 = DIRECTION('',(3.340193845388E-14,-1.,-0.));
#5618 = FACE_BOUND('',#5619,.T.);
#5619 = EDGE_LOOP('',(#5620));
#5620 = ORIENTED_EDGE('',*,*,#5621,.T.);
#5621 = EDGE_CURVE('',#5622,#5622,#5624,.T.);
#5622 = VERTEX_POINT('',#5623);
#5623 = CARTESIAN_POINT('',(134.780852,-124.136713,1.51));
#5624 = CIRCLE('',#5625,1.5);
#5625 = AXIS2_PLACEMENT_3D('',#5626,#5627,#5628);
#5626 = CARTESIAN_POINT('',(134.780852,-122.636713,1.51));
#5627 = DIRECTION('',(-0.,0.,-1.));
#5628 = DIRECTION('',(-0.,-1.,0.));
#5629 = FACE_BOUND('',#5630,.T.);
#5630 = EDGE_LOOP('',(#5631));
#5631 = ORIENTED_EDGE('',*,*,#5632,.T.);
#5632 = EDGE_CURVE('',#5633,#5633,#5635,.T.);
#5633 = VERTEX_POINT('',#5634);
#5634 = CARTESIAN_POINT('',(139.780852,-121.936713,1.51));
#5635 = CIRCLE('',#5636,1.5);
#5636 = AXIS2_PLACEMENT_3D('',#5637,#5638,#5639);
#5637 = CARTESIAN_POINT('',(139.780852,-120.436713,1.51));
#5638 = DIRECTION('',(-0.,0.,-1.));
#5639 = DIRECTION('',(-0.,-1.,0.));
#5640 = FACE_BOUND('',#5641,.T.);
#5641 = EDGE_LOOP('',(#5642));
#5642 = ORIENTED_EDGE('',*,*,#5643,.T.);
#5643 = EDGE_CURVE('',#5644,#5644,#5646,.T.);
#5644 = VERTEX_POINT('',#5645);
#5645 = CARTESIAN_POINT('',(144.780852,-124.136713,1.51));
#5646 = CIRCLE('',#5647,1.5);
#5647 = AXIS2_PLACEMENT_3D('',#5648,#5649,#5650);
#5648 = CARTESIAN_POINT('',(144.780852,-122.636713,1.51));
#5649 = DIRECTION('',(-0.,0.,-1.));
#5650 = DIRECTION('',(-0.,-1.,0.));
#5651 = FACE_BOUND('',#5652,.T.);
#5652 = EDGE_LOOP('',(#5653));
#5653 = ORIENTED_EDGE('',*,*,#5654,.T.);
#5654 = EDGE_CURVE('',#5655,#5655,#5657,.T.);
#5655 = VERTEX_POINT('',#5656);
#5656 = CARTESIAN_POINT('',(153.780852,-131.136713,1.51));
#5657 = CIRCLE('',#5658,1.5);
#5658 = AXIS2_PLACEMENT_3D('',#5659,#5660,#5661);
#5659 = CARTESIAN_POINT('',(153.780852,-129.636713,1.51));
#5660 = DIRECTION('',(-0.,0.,-1.));
#5661 = DIRECTION('',(-0.,-1.,0.));
#5662 = FACE_BOUND('',#5663,.T.);
#5663 = EDGE_LOOP('',(#5664));
#5664 = ORIENTED_EDGE('',*,*,#5665,.T.);
#5665 = EDGE_CURVE('',#5666,#5666,#5668,.T.);
#5666 = VERTEX_POINT('',#5667);
#5667 = CARTESIAN_POINT('',(158.780852,-128.936713,1.51));
#5668 = CIRCLE('',#5669,1.5);
#5669 = AXIS2_PLACEMENT_3D('',#5670,#5671,#5672);
#5670 = CARTESIAN_POINT('',(158.780852,-127.436713,1.51));
#5671 = DIRECTION('',(-0.,0.,-1.));
#5672 = DIRECTION('',(-0.,-1.,0.));
#5673 = FACE_BOUND('',#5674,.T.);
#5674 = EDGE_LOOP('',(#5675));
#5675 = ORIENTED_EDGE('',*,*,#5676,.T.);
#5676 = EDGE_CURVE('',#5677,#5677,#5679,.T.);
#5677 = VERTEX_POINT('',#5678);
#5678 = CARTESIAN_POINT('',(163.780852,-131.136713,1.51));
#5679 = CIRCLE('',#5680,1.5);
#5680 = AXIS2_PLACEMENT_3D('',#5681,#5682,#5683);
#5681 = CARTESIAN_POINT('',(163.780852,-129.636713,1.51));
#5682 = DIRECTION('',(-0.,0.,-1.));
#5683 = DIRECTION('',(-0.,-1.,0.));
#5684 = FACE_BOUND('',#5685,.T.);
#5685 = EDGE_LOOP('',(#5686));
#5686 = ORIENTED_EDGE('',*,*,#5687,.T.);
#5687 = EDGE_CURVE('',#5688,#5688,#5690,.T.);
#5688 = VERTEX_POINT('',#5689);
#5689 = CARTESIAN_POINT('',(153.560852,-119.082013,1.51));
#5690 = CIRCLE('',#5691,0.4953);
#5691 = AXIS2_PLACEMENT_3D('',#5692,#5693,#5694);
#5692 = CARTESIAN_POINT('',(153.560852,-118.586713,1.51));
#5693 = DIRECTION('',(-0.,0.,-1.));
#5694 = DIRECTION('',(-0.,-1.,0.));
#5695 = FACE_BOUND('',#5696,.T.);
#5696 = EDGE_LOOP('',(#5697));
#5697 = ORIENTED_EDGE('',*,*,#5698,.T.);
#5698 = EDGE_CURVE('',#5699,#5699,#5701,.T.);
#5699 = VERTEX_POINT('',#5700);
#5700 = CARTESIAN_POINT('',(164.000852,-119.082013,1.51));
#5701 = CIRCLE('',#5702,0.4953);
#5702 = AXIS2_PLACEMENT_3D('',#5703,#5704,#5705);
#5703 = CARTESIAN_POINT('',(164.000852,-118.586713,1.51));
#5704 = DIRECTION('',(-0.,0.,-1.));
#5705 = DIRECTION('',(-0.,-1.,0.));
#5706 = FACE_BOUND('',#5707,.T.);
#5707 = EDGE_LOOP('',(#5708));
#5708 = ORIENTED_EDGE('',*,*,#5709,.T.);
#5709 = EDGE_CURVE('',#5710,#5710,#5712,.T.);
#5710 = VERTEX_POINT('',#5711);
#5711 = CARTESIAN_POINT('',(172.280852,-129.237613,1.51));
#5712 = CIRCLE('',#5713,0.8509);
#5713 = AXIS2_PLACEMENT_3D('',#5714,#5715,#5716);
#5714 = CARTESIAN_POINT('',(172.280852,-128.386713,1.51));
#5715 = DIRECTION('',(-0.,0.,-1.));
#5716 = DIRECTION('',(3.340193845388E-14,-1.,-0.));
#5717 = FACE_BOUND('',#5718,.T.);
#5718 = EDGE_LOOP('',(#5719));
#5719 = ORIENTED_EDGE('',*,*,#5720,.T.);
#5720 = EDGE_CURVE('',#5721,#5721,#5723,.T.);
#5721 = VERTEX_POINT('',#5722);
#5722 = CARTESIAN_POINT('',(172.780852,-126.136713,1.51));
#5723 = CIRCLE('',#5724,1.5);
#5724 = AXIS2_PLACEMENT_3D('',#5725,#5726,#5727);
#5725 = CARTESIAN_POINT('',(172.780852,-124.636713,1.51));
#5726 = DIRECTION('',(-0.,0.,-1.));
#5727 = DIRECTION('',(-0.,-1.,0.));
#5728 = FACE_BOUND('',#5729,.T.);
#5729 = EDGE_LOOP('',(#5730));
#5730 = ORIENTED_EDGE('',*,*,#5731,.T.);
#5731 = EDGE_CURVE('',#5732,#5732,#5734,.T.);
#5732 = VERTEX_POINT('',#5733);
#5733 = CARTESIAN_POINT('',(177.780852,-130.101213,1.51));
#5734 = CIRCLE('',#5735,1.7145);
#5735 = AXIS2_PLACEMENT_3D('',#5736,#5737,#5738);
#5736 = CARTESIAN_POINT('',(177.780852,-128.386713,1.51));
#5737 = DIRECTION('',(-0.,0.,-1.));
#5738 = DIRECTION('',(1.657725834378E-14,-1.,-0.));
#5739 = FACE_BOUND('',#5740,.T.);
#5740 = EDGE_LOOP('',(#5741));
#5741 = ORIENTED_EDGE('',*,*,#5742,.T.);
#5742 = EDGE_CURVE('',#5743,#5743,#5745,.T.);
#5743 = VERTEX_POINT('',#5744);
#5744 = CARTESIAN_POINT('',(182.780852,-126.136713,1.51));
#5745 = CIRCLE('',#5746,1.5);
#5746 = AXIS2_PLACEMENT_3D('',#5747,#5748,#5749);
#5747 = CARTESIAN_POINT('',(182.780852,-124.636713,1.51));
#5748 = DIRECTION('',(-0.,0.,-1.));
#5749 = DIRECTION('',(-0.,-1.,0.));
#5750 = FACE_BOUND('',#5751,.T.);
#5751 = EDGE_LOOP('',(#5752));
#5752 = ORIENTED_EDGE('',*,*,#5753,.T.);
#5753 = EDGE_CURVE('',#5754,#5754,#5756,.T.);
#5754 = VERTEX_POINT('',#5755);
#5755 = CARTESIAN_POINT('',(177.780852,-123.936713,1.51));
#5756 = CIRCLE('',#5757,1.5);
#5757 = AXIS2_PLACEMENT_3D('',#5758,#5759,#5760);
#5758 = CARTESIAN_POINT('',(177.780852,-122.436713,1.51));
#5759 = DIRECTION('',(-0.,0.,-1.));
#5760 = DIRECTION('',(-0.,-1.,0.));
#5761 = FACE_BOUND('',#5762,.T.);
#5762 = EDGE_LOOP('',(#5763));
#5763 = ORIENTED_EDGE('',*,*,#5764,.T.);
#5764 = EDGE_CURVE('',#5765,#5765,#5767,.T.);
#5765 = VERTEX_POINT('',#5766);
#5766 = CARTESIAN_POINT('',(153.280852,-115.237613,1.51));
#5767 = CIRCLE('',#5768,0.8509);
#5768 = AXIS2_PLACEMENT_3D('',#5769,#5770,#5771);
#5769 = CARTESIAN_POINT('',(153.280852,-114.386713,1.51));
#5770 = DIRECTION('',(-0.,0.,-1.));
#5771 = DIRECTION('',(3.340193845388E-14,-1.,-0.));
#5772 = FACE_BOUND('',#5773,.T.);
#5773 = EDGE_LOOP('',(#5774));
#5774 = ORIENTED_EDGE('',*,*,#5775,.T.);
#5775 = EDGE_CURVE('',#5776,#5776,#5778,.T.);
#5776 = VERTEX_POINT('',#5777);
#5777 = CARTESIAN_POINT('',(153.780852,-112.136713,1.51));
#5778 = CIRCLE('',#5779,1.5);
#5779 = AXIS2_PLACEMENT_3D('',#5780,#5781,#5782);
#5780 = CARTESIAN_POINT('',(153.780852,-110.636713,1.51));
#5781 = DIRECTION('',(-0.,0.,-1.));
#5782 = DIRECTION('',(-0.,-1.,0.));
#5783 = FACE_BOUND('',#5784,.T.);
#5784 = EDGE_LOOP('',(#5785));
#5785 = ORIENTED_EDGE('',*,*,#5786,.T.);
#5786 = EDGE_CURVE('',#5787,#5787,#5789,.T.);
#5787 = VERTEX_POINT('',#5788);
#5788 = CARTESIAN_POINT('',(158.780852,-116.101213,1.51));
#5789 = CIRCLE('',#5790,1.7145);
#5790 = AXIS2_PLACEMENT_3D('',#5791,#5792,#5793);
#5791 = CARTESIAN_POINT('',(158.780852,-114.386713,1.51));
#5792 = DIRECTION('',(-0.,0.,-1.));
#5793 = DIRECTION('',(1.657725834378E-14,-1.,-0.));
#5794 = FACE_BOUND('',#5795,.T.);
#5795 = EDGE_LOOP('',(#5796));
#5796 = ORIENTED_EDGE('',*,*,#5797,.T.);
#5797 = EDGE_CURVE('',#5798,#5798,#5800,.T.);
#5798 = VERTEX_POINT('',#5799);
#5799 = CARTESIAN_POINT('',(164.280852,-115.237613,1.51));
#5800 = CIRCLE('',#5801,0.8509);
#5801 = AXIS2_PLACEMENT_3D('',#5802,#5803,#5804);
#5802 = CARTESIAN_POINT('',(164.280852,-114.386713,1.51));
#5803 = DIRECTION('',(-0.,0.,-1.));
#5804 = DIRECTION('',(3.340193845388E-14,-1.,-0.));
#5805 = FACE_BOUND('',#5806,.T.);
#5806 = EDGE_LOOP('',(#5807));
#5807 = ORIENTED_EDGE('',*,*,#5808,.T.);
#5808 = EDGE_CURVE('',#5809,#5809,#5811,.T.);
#5809 = VERTEX_POINT('',#5810);
#5810 = CARTESIAN_POINT('',(163.780852,-112.136713,1.51));
#5811 = CIRCLE('',#5812,1.5);
#5812 = AXIS2_PLACEMENT_3D('',#5813,#5814,#5815);
#5813 = CARTESIAN_POINT('',(163.780852,-110.636713,1.51));
#5814 = DIRECTION('',(-0.,0.,-1.));
#5815 = DIRECTION('',(-0.,-1.,0.));
#5816 = FACE_BOUND('',#5817,.T.);
#5817 = EDGE_LOOP('',(#5818));
#5818 = ORIENTED_EDGE('',*,*,#5819,.T.);
#5819 = EDGE_CURVE('',#5820,#5820,#5822,.T.);
#5820 = VERTEX_POINT('',#5821);
#5821 = CARTESIAN_POINT('',(158.780852,-109.936713,1.51));
#5822 = CIRCLE('',#5823,1.5);
#5823 = AXIS2_PLACEMENT_3D('',#5824,#5825,#5826);
#5824 = CARTESIAN_POINT('',(158.780852,-108.436713,1.51));
#5825 = DIRECTION('',(-0.,0.,-1.));
#5826 = DIRECTION('',(-0.,-1.,0.));
#5827 = FACE_BOUND('',#5828,.T.);
#5828 = EDGE_LOOP('',(#5829));
#5829 = ORIENTED_EDGE('',*,*,#5830,.T.);
#5830 = EDGE_CURVE('',#5831,#5831,#5833,.T.);
#5831 = VERTEX_POINT('',#5832);
#5832 = CARTESIAN_POINT('',(172.560852,-114.082013,1.51));
#5833 = CIRCLE('',#5834,0.4953);
#5834 = AXIS2_PLACEMENT_3D('',#5835,#5836,#5837);
#5835 = CARTESIAN_POINT('',(172.560852,-113.586713,1.51));
#5836 = DIRECTION('',(-0.,0.,-1.));
#5837 = DIRECTION('',(-0.,-1.,0.));
#5838 = FACE_BOUND('',#5839,.T.);
#5839 = EDGE_LOOP('',(#5840));
#5840 = ORIENTED_EDGE('',*,*,#5841,.T.);
#5841 = EDGE_CURVE('',#5842,#5842,#5844,.T.);
#5842 = VERTEX_POINT('',#5843);
#5843 = CARTESIAN_POINT('',(172.280852,-110.237613,1.51));
#5844 = CIRCLE('',#5845,0.8509);
#5845 = AXIS2_PLACEMENT_3D('',#5846,#5847,#5848);
#5846 = CARTESIAN_POINT('',(172.280852,-109.386713,1.51));
#5847 = DIRECTION('',(-0.,0.,-1.));
#5848 = DIRECTION('',(3.340193845388E-14,-1.,-0.));
#5849 = FACE_BOUND('',#5850,.T.);
#5850 = EDGE_LOOP('',(#5851));
#5851 = ORIENTED_EDGE('',*,*,#5852,.T.);
#5852 = EDGE_CURVE('',#5853,#5853,#5855,.T.);
#5853 = VERTEX_POINT('',#5854);
#5854 = CARTESIAN_POINT('',(177.780852,-111.101213,1.51));
#5855 = CIRCLE('',#5856,1.7145);
#5856 = AXIS2_PLACEMENT_3D('',#5857,#5858,#5859);
#5857 = CARTESIAN_POINT('',(177.780852,-109.386713,1.51));
#5858 = DIRECTION('',(-0.,0.,-1.));
#5859 = DIRECTION('',(1.657725834378E-14,-1.,-0.));
#5860 = FACE_BOUND('',#5861,.T.);
#5861 = EDGE_LOOP('',(#5862));
#5862 = ORIENTED_EDGE('',*,*,#5863,.T.);
#5863 = EDGE_CURVE('',#5864,#5864,#5866,.T.);
#5864 = VERTEX_POINT('',#5865);
#5865 = CARTESIAN_POINT('',(172.780852,-107.136713,1.51));
#5866 = CIRCLE('',#5867,1.5);
#5867 = AXIS2_PLACEMENT_3D('',#5868,#5869,#5870);
#5868 = CARTESIAN_POINT('',(172.780852,-105.636713,1.51));
#5869 = DIRECTION('',(-0.,0.,-1.));
#5870 = DIRECTION('',(-0.,-1.,0.));
#5871 = FACE_BOUND('',#5872,.T.);
#5872 = EDGE_LOOP('',(#5873));
#5873 = ORIENTED_EDGE('',*,*,#5874,.T.);
#5874 = EDGE_CURVE('',#5875,#5875,#5877,.T.);
#5875 = VERTEX_POINT('',#5876);
#5876 = CARTESIAN_POINT('',(182.780852,-107.136713,1.51));
#5877 = CIRCLE('',#5878,1.5);
#5878 = AXIS2_PLACEMENT_3D('',#5879,#5880,#5881);
#5879 = CARTESIAN_POINT('',(182.780852,-105.636713,1.51));
#5880 = DIRECTION('',(-0.,0.,-1.));
#5881 = DIRECTION('',(-0.,-1.,0.));
#5882 = FACE_BOUND('',#5883,.T.);
#5883 = EDGE_LOOP('',(#5884));
#5884 = ORIENTED_EDGE('',*,*,#5885,.T.);
#5885 = EDGE_CURVE('',#5886,#5886,#5888,.T.);
#5886 = VERTEX_POINT('',#5887);
#5887 = CARTESIAN_POINT('',(177.780852,-104.936713,1.51));
#5888 = CIRCLE('',#5889,1.5);
#5889 = AXIS2_PLACEMENT_3D('',#5890,#5891,#5892);
#5890 = CARTESIAN_POINT('',(177.780852,-103.436713,1.51));
#5891 = DIRECTION('',(-0.,0.,-1.));
#5892 = DIRECTION('',(-0.,-1.,0.));
#5893 = FACE_BOUND('',#5894,.T.);
#5894 = EDGE_LOOP('',(#5895));
#5895 = ORIENTED_EDGE('',*,*,#5896,.T.);
#5896 = EDGE_CURVE('',#5897,#5897,#5899,.T.);
#5897 = VERTEX_POINT('',#5898);
#5898 = CARTESIAN_POINT('',(191.280852,-155.237613,1.51));
#5899 = CIRCLE('',#5900,0.8509);
#5900 = AXIS2_PLACEMENT_3D('',#5901,#5902,#5903);
#5901 = CARTESIAN_POINT('',(191.280852,-154.386713,1.51));
#5902 = DIRECTION('',(-0.,0.,-1.));
#5903 = DIRECTION('',(3.340193845388E-14,-1.,-0.));
#5904 = FACE_BOUND('',#5905,.T.);
#5905 = EDGE_LOOP('',(#5906));
#5906 = ORIENTED_EDGE('',*,*,#5907,.T.);
#5907 = EDGE_CURVE('',#5908,#5908,#5910,.T.);
#5908 = VERTEX_POINT('',#5909);
#5909 = CARTESIAN_POINT('',(191.560852,-159.082013,1.51));
#5910 = CIRCLE('',#5911,0.4953);
#5911 = AXIS2_PLACEMENT_3D('',#5912,#5913,#5914);
#5912 = CARTESIAN_POINT('',(191.560852,-158.586713,1.51));
#5913 = DIRECTION('',(-0.,0.,-1.));
#5914 = DIRECTION('',(-0.,-1.,0.));
#5915 = FACE_BOUND('',#5916,.T.);
#5916 = EDGE_LOOP('',(#5917));
#5917 = ORIENTED_EDGE('',*,*,#5918,.T.);
#5918 = EDGE_CURVE('',#5919,#5919,#5921,.T.);
#5919 = VERTEX_POINT('',#5920);
#5920 = CARTESIAN_POINT('',(196.780852,-156.101213,1.51));
#5921 = CIRCLE('',#5922,1.7145);
#5922 = AXIS2_PLACEMENT_3D('',#5923,#5924,#5925);
#5923 = CARTESIAN_POINT('',(196.780852,-154.386713,1.51));
#5924 = DIRECTION('',(-0.,0.,-1.));
#5925 = DIRECTION('',(1.657725834378E-14,-1.,-0.));
#5926 = FACE_BOUND('',#5927,.T.);
#5927 = EDGE_LOOP('',(#5928));
#5928 = ORIENTED_EDGE('',*,*,#5929,.T.);
#5929 = EDGE_CURVE('',#5930,#5930,#5932,.T.);
#5930 = VERTEX_POINT('',#5931);
#5931 = CARTESIAN_POINT('',(183.000852,-152.082013,1.51));
#5932 = CIRCLE('',#5933,0.4953);
#5933 = AXIS2_PLACEMENT_3D('',#5934,#5935,#5936);
#5934 = CARTESIAN_POINT('',(183.000852,-151.586713,1.51));
#5935 = DIRECTION('',(-0.,0.,-1.));
#5936 = DIRECTION('',(-0.,-1.,0.));
#5937 = FACE_BOUND('',#5938,.T.);
#5938 = EDGE_LOOP('',(#5939));
#5939 = ORIENTED_EDGE('',*,*,#5940,.T.);
#5940 = EDGE_CURVE('',#5941,#5941,#5943,.T.);
#5941 = VERTEX_POINT('',#5942);
#5942 = CARTESIAN_POINT('',(183.280852,-148.237613,1.51));
#5943 = CIRCLE('',#5944,0.8509);
#5944 = AXIS2_PLACEMENT_3D('',#5945,#5946,#5947);
#5945 = CARTESIAN_POINT('',(183.280852,-147.386713,1.51));
#5946 = DIRECTION('',(-0.,0.,-1.));
#5947 = DIRECTION('',(3.340193845388E-14,-1.,-0.));
#5948 = FACE_BOUND('',#5949,.T.);
#5949 = EDGE_LOOP('',(#5950));
#5950 = ORIENTED_EDGE('',*,*,#5951,.T.);
#5951 = EDGE_CURVE('',#5952,#5952,#5954,.T.);
#5952 = VERTEX_POINT('',#5953);
#5953 = CARTESIAN_POINT('',(191.780852,-152.136713,1.51));
#5954 = CIRCLE('',#5955,1.5);
#5955 = AXIS2_PLACEMENT_3D('',#5956,#5957,#5958);
#5956 = CARTESIAN_POINT('',(191.780852,-150.636713,1.51));
#5957 = DIRECTION('',(-0.,0.,-1.));
#5958 = DIRECTION('',(-0.,-1.,0.));
#5959 = FACE_BOUND('',#5960,.T.);
#5960 = EDGE_LOOP('',(#5961));
#5961 = ORIENTED_EDGE('',*,*,#5962,.T.);
#5962 = EDGE_CURVE('',#5963,#5963,#5965,.T.);
#5963 = VERTEX_POINT('',#5964);
#5964 = CARTESIAN_POINT('',(196.780852,-149.936713,1.51));
#5965 = CIRCLE('',#5966,1.5);
#5966 = AXIS2_PLACEMENT_3D('',#5967,#5968,#5969);
#5967 = CARTESIAN_POINT('',(196.780852,-148.436713,1.51));
#5968 = DIRECTION('',(-0.,0.,-1.));
#5969 = DIRECTION('',(-0.,-1.,0.));
#5970 = FACE_BOUND('',#5971,.T.);
#5971 = EDGE_LOOP('',(#5972));
#5972 = ORIENTED_EDGE('',*,*,#5973,.T.);
#5973 = EDGE_CURVE('',#5974,#5974,#5976,.T.);
#5974 = VERTEX_POINT('',#5975);
#5975 = CARTESIAN_POINT('',(202.000852,-159.082013,1.51));
#5976 = CIRCLE('',#5977,0.4953);
#5977 = AXIS2_PLACEMENT_3D('',#5978,#5979,#5980);
#5978 = CARTESIAN_POINT('',(202.000852,-158.586713,1.51));
#5979 = DIRECTION('',(-0.,0.,-1.));
#5980 = DIRECTION('',(-0.,-1.,0.));
#5981 = FACE_BOUND('',#5982,.T.);
#5982 = EDGE_LOOP('',(#5983));
#5983 = ORIENTED_EDGE('',*,*,#5984,.T.);
#5984 = EDGE_CURVE('',#5985,#5985,#5987,.T.);
#5985 = VERTEX_POINT('',#5986);
#5986 = CARTESIAN_POINT('',(202.280852,-155.237613,1.51));
#5987 = CIRCLE('',#5988,0.8509);
#5988 = AXIS2_PLACEMENT_3D('',#5989,#5990,#5991);
#5989 = CARTESIAN_POINT('',(202.280852,-154.386713,1.51));
#5990 = DIRECTION('',(-0.,0.,-1.));
#5991 = DIRECTION('',(3.340193845388E-14,-1.,-0.));
#5992 = FACE_BOUND('',#5993,.T.);
#5993 = EDGE_LOOP('',(#5994));
#5994 = ORIENTED_EDGE('',*,*,#5995,.T.);
#5995 = EDGE_CURVE('',#5996,#5996,#5998,.T.);
#5996 = VERTEX_POINT('',#5997);
#5997 = CARTESIAN_POINT('',(210.560852,-159.082013,1.51));
#5998 = CIRCLE('',#5999,0.4953);
#5999 = AXIS2_PLACEMENT_3D('',#6000,#6001,#6002);
#6000 = CARTESIAN_POINT('',(210.560852,-158.586713,1.51));
#6001 = DIRECTION('',(-0.,0.,-1.));
#6002 = DIRECTION('',(-0.,-1.,0.));
#6003 = FACE_BOUND('',#6004,.T.);
#6004 = EDGE_LOOP('',(#6005));
#6005 = ORIENTED_EDGE('',*,*,#6006,.T.);
#6006 = EDGE_CURVE('',#6007,#6007,#6009,.T.);
#6007 = VERTEX_POINT('',#6008);
#6008 = CARTESIAN_POINT('',(210.280852,-155.237613,1.51));
#6009 = CIRCLE('',#6010,0.8509);
#6010 = AXIS2_PLACEMENT_3D('',#6011,#6012,#6013);
#6011 = CARTESIAN_POINT('',(210.280852,-154.386713,1.51));
#6012 = DIRECTION('',(-0.,0.,-1.));
#6013 = DIRECTION('',(3.340193845388E-14,-1.,-0.));
#6014 = FACE_BOUND('',#6015,.T.);
#6015 = EDGE_LOOP('',(#6016));
#6016 = ORIENTED_EDGE('',*,*,#6017,.T.);
#6017 = EDGE_CURVE('',#6018,#6018,#6020,.T.);
#6018 = VERTEX_POINT('',#6019);
#6019 = CARTESIAN_POINT('',(215.780852,-156.101213,1.51));
#6020 = CIRCLE('',#6021,1.7145);
#6021 = AXIS2_PLACEMENT_3D('',#6022,#6023,#6024);
#6022 = CARTESIAN_POINT('',(215.780852,-154.386713,1.51));
#6023 = DIRECTION('',(-0.,0.,-1.));
#6024 = DIRECTION('',(1.657725834378E-14,-1.,-0.));
#6025 = FACE_BOUND('',#6026,.T.);
#6026 = EDGE_LOOP('',(#6027));
#6027 = ORIENTED_EDGE('',*,*,#6028,.T.);
#6028 = EDGE_CURVE('',#6029,#6029,#6031,.T.);
#6029 = VERTEX_POINT('',#6030);
#6030 = CARTESIAN_POINT('',(201.780852,-152.136713,1.51));
#6031 = CIRCLE('',#6032,1.5);
#6032 = AXIS2_PLACEMENT_3D('',#6033,#6034,#6035);
#6033 = CARTESIAN_POINT('',(201.780852,-150.636713,1.51));
#6034 = DIRECTION('',(-0.,0.,-1.));
#6035 = DIRECTION('',(-0.,-1.,0.));
#6036 = FACE_BOUND('',#6037,.T.);
#6037 = EDGE_LOOP('',(#6038));
#6038 = ORIENTED_EDGE('',*,*,#6039,.T.);
#6039 = EDGE_CURVE('',#6040,#6040,#6042,.T.);
#6040 = VERTEX_POINT('',#6041);
#6041 = CARTESIAN_POINT('',(210.780852,-152.136713,1.51));
#6042 = CIRCLE('',#6043,1.5);
#6043 = AXIS2_PLACEMENT_3D('',#6044,#6045,#6046);
#6044 = CARTESIAN_POINT('',(210.780852,-150.636713,1.51));
#6045 = DIRECTION('',(-0.,0.,-1.));
#6046 = DIRECTION('',(-0.,-1.,0.));
#6047 = FACE_BOUND('',#6048,.T.);
#6048 = EDGE_LOOP('',(#6049));
#6049 = ORIENTED_EDGE('',*,*,#6050,.T.);
#6050 = EDGE_CURVE('',#6051,#6051,#6053,.T.);
#6051 = VERTEX_POINT('',#6052);
#6052 = CARTESIAN_POINT('',(215.780852,-149.936713,1.51));
#6053 = CIRCLE('',#6054,1.5);
#6054 = AXIS2_PLACEMENT_3D('',#6055,#6056,#6057);
#6055 = CARTESIAN_POINT('',(215.780852,-148.436713,1.51));
#6056 = DIRECTION('',(-0.,0.,-1.));
#6057 = DIRECTION('',(-0.,-1.,0.));
#6058 = FACE_BOUND('',#6059,.T.);
#6059 = EDGE_LOOP('',(#6060));
#6060 = ORIENTED_EDGE('',*,*,#6061,.T.);
#6061 = EDGE_CURVE('',#6062,#6062,#6064,.T.);
#6062 = VERTEX_POINT('',#6063);
#6063 = CARTESIAN_POINT('',(191.560852,-140.082013,1.51));
#6064 = CIRCLE('',#6065,0.4953);
#6065 = AXIS2_PLACEMENT_3D('',#6066,#6067,#6068);
#6066 = CARTESIAN_POINT('',(191.560852,-139.586713,1.51));
#6067 = DIRECTION('',(-0.,0.,-1.));
#6068 = DIRECTION('',(-0.,-1.,0.));
#6069 = FACE_BOUND('',#6070,.T.);
#6070 = EDGE_LOOP('',(#6071));
#6071 = ORIENTED_EDGE('',*,*,#6072,.T.);
#6072 = EDGE_CURVE('',#6073,#6073,#6075,.T.);
#6073 = VERTEX_POINT('',#6074);
#6074 = CARTESIAN_POINT('',(191.280852,-136.237613,1.51));
#6075 = CIRCLE('',#6076,0.8509);
#6076 = AXIS2_PLACEMENT_3D('',#6077,#6078,#6079);
#6077 = CARTESIAN_POINT('',(191.280852,-135.386713,1.51));
#6078 = DIRECTION('',(-0.,0.,-1.));
#6079 = DIRECTION('',(3.340193845388E-14,-1.,-0.));
#6080 = FACE_BOUND('',#6081,.T.);
#6081 = EDGE_LOOP('',(#6082));
#6082 = ORIENTED_EDGE('',*,*,#6083,.T.);
#6083 = EDGE_CURVE('',#6084,#6084,#6086,.T.);
#6084 = VERTEX_POINT('',#6085);
#6085 = CARTESIAN_POINT('',(183.000852,-133.082013,1.51));
#6086 = CIRCLE('',#6087,0.4953);
#6087 = AXIS2_PLACEMENT_3D('',#6088,#6089,#6090);
#6088 = CARTESIAN_POINT('',(183.000852,-132.586713,1.51));
#6089 = DIRECTION('',(-0.,0.,-1.));
#6090 = DIRECTION('',(-0.,-1.,0.));
#6091 = FACE_BOUND('',#6092,.T.);
#6092 = EDGE_LOOP('',(#6093));
#6093 = ORIENTED_EDGE('',*,*,#6094,.T.);
#6094 = EDGE_CURVE('',#6095,#6095,#6097,.T.);
#6095 = VERTEX_POINT('',#6096);
#6096 = CARTESIAN_POINT('',(196.780852,-137.101213,1.51));
#6097 = CIRCLE('',#6098,1.7145);
#6098 = AXIS2_PLACEMENT_3D('',#6099,#6100,#6101);
#6099 = CARTESIAN_POINT('',(196.780852,-135.386713,1.51));
#6100 = DIRECTION('',(-0.,0.,-1.));
#6101 = DIRECTION('',(1.657725834378E-14,-1.,-0.));
#6102 = FACE_BOUND('',#6103,.T.);
#6103 = EDGE_LOOP('',(#6104));
#6104 = ORIENTED_EDGE('',*,*,#6105,.T.);
#6105 = EDGE_CURVE('',#6106,#6106,#6108,.T.);
#6106 = VERTEX_POINT('',#6107);
#6107 = CARTESIAN_POINT('',(191.780852,-133.136713,1.51));
#6108 = CIRCLE('',#6109,1.5);
#6109 = AXIS2_PLACEMENT_3D('',#6110,#6111,#6112);
#6110 = CARTESIAN_POINT('',(191.780852,-131.636713,1.51));
#6111 = DIRECTION('',(-0.,0.,-1.));
#6112 = DIRECTION('',(-0.,-1.,0.));
#6113 = FACE_BOUND('',#6114,.T.);
#6114 = EDGE_LOOP('',(#6115));
#6115 = ORIENTED_EDGE('',*,*,#6116,.T.);
#6116 = EDGE_CURVE('',#6117,#6117,#6119,.T.);
#6117 = VERTEX_POINT('',#6118);
#6118 = CARTESIAN_POINT('',(202.000852,-140.082013,1.51));
#6119 = CIRCLE('',#6120,0.4953);
#6120 = AXIS2_PLACEMENT_3D('',#6121,#6122,#6123);
#6121 = CARTESIAN_POINT('',(202.000852,-139.586713,1.51));
#6122 = DIRECTION('',(-0.,0.,-1.));
#6123 = DIRECTION('',(-0.,-1.,0.));
#6124 = FACE_BOUND('',#6125,.T.);
#6125 = EDGE_LOOP('',(#6126));
#6126 = ORIENTED_EDGE('',*,*,#6127,.T.);
#6127 = EDGE_CURVE('',#6128,#6128,#6130,.T.);
#6128 = VERTEX_POINT('',#6129);
#6129 = CARTESIAN_POINT('',(210.560852,-140.082013,1.51));
#6130 = CIRCLE('',#6131,0.4953);
#6131 = AXIS2_PLACEMENT_3D('',#6132,#6133,#6134);
#6132 = CARTESIAN_POINT('',(210.560852,-139.586713,1.51));
#6133 = DIRECTION('',(-0.,0.,-1.));
#6134 = DIRECTION('',(-0.,-1.,0.));
#6135 = FACE_BOUND('',#6136,.T.);
#6136 = EDGE_LOOP('',(#6137));
#6137 = ORIENTED_EDGE('',*,*,#6138,.T.);
#6138 = EDGE_CURVE('',#6139,#6139,#6141,.T.);
#6139 = VERTEX_POINT('',#6140);
#6140 = CARTESIAN_POINT('',(202.280852,-136.237613,1.51));
#6141 = CIRCLE('',#6142,0.8509);
#6142 = AXIS2_PLACEMENT_3D('',#6143,#6144,#6145);
#6143 = CARTESIAN_POINT('',(202.280852,-135.386713,1.51));
#6144 = DIRECTION('',(-0.,0.,-1.));
#6145 = DIRECTION('',(3.340193845388E-14,-1.,-0.));
#6146 = FACE_BOUND('',#6147,.T.);
#6147 = EDGE_LOOP('',(#6148));
#6148 = ORIENTED_EDGE('',*,*,#6149,.T.);
#6149 = EDGE_CURVE('',#6150,#6150,#6152,.T.);
#6150 = VERTEX_POINT('',#6151);
#6151 = CARTESIAN_POINT('',(201.780852,-133.136713,1.51));
#6152 = CIRCLE('',#6153,1.5);
#6153 = AXIS2_PLACEMENT_3D('',#6154,#6155,#6156);
#6154 = CARTESIAN_POINT('',(201.780852,-131.636713,1.51));
#6155 = DIRECTION('',(-0.,0.,-1.));
#6156 = DIRECTION('',(-0.,-1.,0.));
#6157 = FACE_BOUND('',#6158,.T.);
#6158 = EDGE_LOOP('',(#6159));
#6159 = ORIENTED_EDGE('',*,*,#6160,.T.);
#6160 = EDGE_CURVE('',#6161,#6161,#6163,.T.);
#6161 = VERTEX_POINT('',#6162);
#6162 = CARTESIAN_POINT('',(210.280852,-136.237613,1.51));
#6163 = CIRCLE('',#6164,0.8509);
#6164 = AXIS2_PLACEMENT_3D('',#6165,#6166,#6167);
#6165 = CARTESIAN_POINT('',(210.280852,-135.386713,1.51));
#6166 = DIRECTION('',(-0.,0.,-1.));
#6167 = DIRECTION('',(3.340193845388E-14,-1.,-0.));
#6168 = FACE_BOUND('',#6169,.T.);
#6169 = EDGE_LOOP('',(#6170));
#6170 = ORIENTED_EDGE('',*,*,#6171,.T.);
#6171 = EDGE_CURVE('',#6172,#6172,#6174,.T.);
#6172 = VERTEX_POINT('',#6173);
#6173 = CARTESIAN_POINT('',(215.780852,-137.101213,1.51));
#6174 = CIRCLE('',#6175,1.7145);
#6175 = AXIS2_PLACEMENT_3D('',#6176,#6177,#6178);
#6176 = CARTESIAN_POINT('',(215.780852,-135.386713,1.51));
#6177 = DIRECTION('',(-0.,0.,-1.));
#6178 = DIRECTION('',(1.657725834378E-14,-1.,-0.));
#6179 = FACE_BOUND('',#6180,.T.);
#6180 = EDGE_LOOP('',(#6181));
#6181 = ORIENTED_EDGE('',*,*,#6182,.T.);
#6182 = EDGE_CURVE('',#6183,#6183,#6185,.T.);
#6183 = VERTEX_POINT('',#6184);
#6184 = CARTESIAN_POINT('',(210.780852,-133.136713,1.51));
#6185 = CIRCLE('',#6186,1.5);
#6186 = AXIS2_PLACEMENT_3D('',#6187,#6188,#6189);
#6187 = CARTESIAN_POINT('',(210.780852,-131.636713,1.51));
#6188 = DIRECTION('',(-0.,0.,-1.));
#6189 = DIRECTION('',(-0.,-1.,0.));
#6190 = FACE_BOUND('',#6191,.T.);
#6191 = EDGE_LOOP('',(#6192));
#6192 = ORIENTED_EDGE('',*,*,#6193,.T.);
#6193 = EDGE_CURVE('',#6194,#6194,#6196,.T.);
#6194 = VERTEX_POINT('',#6195);
#6195 = CARTESIAN_POINT('',(221.000852,-159.082013,1.51));
#6196 = CIRCLE('',#6197,0.4953);
#6197 = AXIS2_PLACEMENT_3D('',#6198,#6199,#6200);
#6198 = CARTESIAN_POINT('',(221.000852,-158.586713,1.51));
#6199 = DIRECTION('',(-0.,0.,-1.));
#6200 = DIRECTION('',(-0.,-1.,0.));
#6201 = FACE_BOUND('',#6202,.T.);
#6202 = EDGE_LOOP('',(#6203));
#6203 = ORIENTED_EDGE('',*,*,#6204,.T.);
#6204 = EDGE_CURVE('',#6205,#6205,#6207,.T.);
#6205 = VERTEX_POINT('',#6206);
#6206 = CARTESIAN_POINT('',(221.280852,-155.237613,1.51));
#6207 = CIRCLE('',#6208,0.8509);
#6208 = AXIS2_PLACEMENT_3D('',#6209,#6210,#6211);
#6209 = CARTESIAN_POINT('',(221.280852,-154.386713,1.51));
#6210 = DIRECTION('',(-0.,0.,-1.));
#6211 = DIRECTION('',(3.340193845388E-14,-1.,-0.));
#6212 = FACE_BOUND('',#6213,.T.);
#6213 = EDGE_LOOP('',(#6214));
#6214 = ORIENTED_EDGE('',*,*,#6215,.T.);
#6215 = EDGE_CURVE('',#6216,#6216,#6218,.T.);
#6216 = VERTEX_POINT('',#6217);
#6217 = CARTESIAN_POINT('',(220.780852,-152.136713,1.51));
#6218 = CIRCLE('',#6219,1.5);
#6219 = AXIS2_PLACEMENT_3D('',#6220,#6221,#6222);
#6220 = CARTESIAN_POINT('',(220.780852,-150.636713,1.51));
#6221 = DIRECTION('',(-0.,0.,-1.));
#6222 = DIRECTION('',(-0.,-1.,0.));
#6223 = FACE_BOUND('',#6224,.T.);
#6224 = EDGE_LOOP('',(#6225));
#6225 = ORIENTED_EDGE('',*,*,#6226,.T.);
#6226 = EDGE_CURVE('',#6227,#6227,#6229,.T.);
#6227 = VERTEX_POINT('',#6228);
#6228 = CARTESIAN_POINT('',(235.685,-147.095,1.51));
#6229 = CIRCLE('',#6230,0.5);
#6230 = AXIS2_PLACEMENT_3D('',#6231,#6232,#6233);
#6231 = CARTESIAN_POINT('',(235.685,-146.595,1.51));
#6232 = DIRECTION('',(-0.,0.,-1.));
#6233 = DIRECTION('',(-0.,-1.,0.));
#6234 = FACE_BOUND('',#6235,.T.);
#6235 = EDGE_LOOP('',(#6236));
#6236 = ORIENTED_EDGE('',*,*,#6237,.T.);
#6237 = EDGE_CURVE('',#6238,#6238,#6240,.T.);
#6238 = VERTEX_POINT('',#6239);
#6239 = CARTESIAN_POINT('',(238.225,-147.095,1.51));
#6240 = CIRCLE('',#6241,0.5);
#6241 = AXIS2_PLACEMENT_3D('',#6242,#6243,#6244);
#6242 = CARTESIAN_POINT('',(238.225,-146.595,1.51));
#6243 = DIRECTION('',(-0.,0.,-1.));
#6244 = DIRECTION('',(-0.,-1.,0.));
#6245 = FACE_BOUND('',#6246,.T.);
#6246 = EDGE_LOOP('',(#6247));
#6247 = ORIENTED_EDGE('',*,*,#6248,.T.);
#6248 = EDGE_CURVE('',#6249,#6249,#6251,.T.);
#6249 = VERTEX_POINT('',#6250);
#6250 = CARTESIAN_POINT('',(240.765,-147.095,1.51));
#6251 = CIRCLE('',#6252,0.5);
#6252 = AXIS2_PLACEMENT_3D('',#6253,#6254,#6255);
#6253 = CARTESIAN_POINT('',(240.765,-146.595,1.51));
#6254 = DIRECTION('',(-0.,0.,-1.));
#6255 = DIRECTION('',(-0.,-1.,0.));
#6256 = FACE_BOUND('',#6257,.T.);
#6257 = EDGE_LOOP('',(#6258));
#6258 = ORIENTED_EDGE('',*,*,#6259,.T.);
#6259 = EDGE_CURVE('',#6260,#6260,#6262,.T.);
#6260 = VERTEX_POINT('',#6261);
#6261 = CARTESIAN_POINT('',(243.305,-147.095,1.51));
#6262 = CIRCLE('',#6263,0.5);
#6263 = AXIS2_PLACEMENT_3D('',#6264,#6265,#6266);
#6264 = CARTESIAN_POINT('',(243.305,-146.595,1.51));
#6265 = DIRECTION('',(-0.,0.,-1.));
#6266 = DIRECTION('',(-0.,-1.,0.));
#6267 = FACE_BOUND('',#6268,.T.);
#6268 = EDGE_LOOP('',(#6269));
#6269 = ORIENTED_EDGE('',*,*,#6270,.T.);
#6270 = EDGE_CURVE('',#6271,#6271,#6273,.T.);
#6271 = VERTEX_POINT('',#6272);
#6272 = CARTESIAN_POINT('',(221.000852,-140.082013,1.51));
#6273 = CIRCLE('',#6274,0.4953);
#6274 = AXIS2_PLACEMENT_3D('',#6275,#6276,#6277);
#6275 = CARTESIAN_POINT('',(221.000852,-139.586713,1.51));
#6276 = DIRECTION('',(-0.,0.,-1.));
#6277 = DIRECTION('',(-0.,-1.,0.));
#6278 = FACE_BOUND('',#6279,.T.);
#6279 = EDGE_LOOP('',(#6280));
#6280 = ORIENTED_EDGE('',*,*,#6281,.T.);
#6281 = EDGE_CURVE('',#6282,#6282,#6284,.T.);
#6282 = VERTEX_POINT('',#6283);
#6283 = CARTESIAN_POINT('',(221.280852,-136.237613,1.51));
#6284 = CIRCLE('',#6285,0.8509);
#6285 = AXIS2_PLACEMENT_3D('',#6286,#6287,#6288);
#6286 = CARTESIAN_POINT('',(221.280852,-135.386713,1.51));
#6287 = DIRECTION('',(-0.,0.,-1.));
#6288 = DIRECTION('',(3.340193845388E-14,-1.,-0.));
#6289 = FACE_BOUND('',#6290,.T.);
#6290 = EDGE_LOOP('',(#6291));
#6291 = ORIENTED_EDGE('',*,*,#6292,.T.);
#6292 = EDGE_CURVE('',#6293,#6293,#6295,.T.);
#6293 = VERTEX_POINT('',#6294);
#6294 = CARTESIAN_POINT('',(220.780852,-133.136713,1.51));
#6295 = CIRCLE('',#6296,1.5);
#6296 = AXIS2_PLACEMENT_3D('',#6297,#6298,#6299);
#6297 = CARTESIAN_POINT('',(220.780852,-131.636713,1.51));
#6298 = DIRECTION('',(-0.,0.,-1.));
#6299 = DIRECTION('',(-0.,-1.,0.));
#6300 = FACE_BOUND('',#6301,.T.);
#6301 = EDGE_LOOP('',(#6302));
#6302 = ORIENTED_EDGE('',*,*,#6303,.T.);
#6303 = EDGE_CURVE('',#6304,#6304,#6306,.T.);
#6304 = VERTEX_POINT('',#6305);
#6305 = CARTESIAN_POINT('',(183.280852,-129.237613,1.51));
#6306 = CIRCLE('',#6307,0.8509);
#6307 = AXIS2_PLACEMENT_3D('',#6308,#6309,#6310);
#6308 = CARTESIAN_POINT('',(183.280852,-128.386713,1.51));
#6309 = DIRECTION('',(-0.,0.,-1.));
#6310 = DIRECTION('',(3.340193845388E-14,-1.,-0.));
#6311 = FACE_BOUND('',#6312,.T.);
#6312 = EDGE_LOOP('',(#6313));
#6313 = ORIENTED_EDGE('',*,*,#6314,.T.);
#6314 = EDGE_CURVE('',#6315,#6315,#6317,.T.);
#6315 = VERTEX_POINT('',#6316);
#6316 = CARTESIAN_POINT('',(196.780852,-130.936713,1.51));
#6317 = CIRCLE('',#6318,1.5);
#6318 = AXIS2_PLACEMENT_3D('',#6319,#6320,#6321);
#6319 = CARTESIAN_POINT('',(196.780852,-129.436713,1.51));
#6320 = DIRECTION('',(-0.,0.,-1.));
#6321 = DIRECTION('',(-0.,-1.,0.));
#6322 = FACE_BOUND('',#6323,.T.);
#6323 = EDGE_LOOP('',(#6324));
#6324 = ORIENTED_EDGE('',*,*,#6325,.T.);
#6325 = EDGE_CURVE('',#6326,#6326,#6328,.T.);
#6326 = VERTEX_POINT('',#6327);
#6327 = CARTESIAN_POINT('',(191.280852,-117.237613,1.51));
#6328 = CIRCLE('',#6329,0.8509);
#6329 = AXIS2_PLACEMENT_3D('',#6330,#6331,#6332);
#6330 = CARTESIAN_POINT('',(191.280852,-116.386713,1.51));
#6331 = DIRECTION('',(-0.,0.,-1.));
#6332 = DIRECTION('',(3.340193845388E-14,-1.,-0.));
#6333 = FACE_BOUND('',#6334,.T.);
#6334 = EDGE_LOOP('',(#6335));
#6335 = ORIENTED_EDGE('',*,*,#6336,.T.);
#6336 = EDGE_CURVE('',#6337,#6337,#6339,.T.);
#6337 = VERTEX_POINT('',#6338);
#6338 = CARTESIAN_POINT('',(191.560852,-121.082013,1.51));
#6339 = CIRCLE('',#6340,0.4953);
#6340 = AXIS2_PLACEMENT_3D('',#6341,#6342,#6343);
#6341 = CARTESIAN_POINT('',(191.560852,-120.586713,1.51));
#6342 = DIRECTION('',(-0.,0.,-1.));
#6343 = DIRECTION('',(-0.,-1.,0.));
#6344 = FACE_BOUND('',#6345,.T.);
#6345 = EDGE_LOOP('',(#6346));
#6346 = ORIENTED_EDGE('',*,*,#6347,.T.);
#6347 = EDGE_CURVE('',#6348,#6348,#6350,.T.);
#6348 = VERTEX_POINT('',#6349);
#6349 = CARTESIAN_POINT('',(196.780852,-118.101213,1.51));
#6350 = CIRCLE('',#6351,1.7145);
#6351 = AXIS2_PLACEMENT_3D('',#6352,#6353,#6354);
#6352 = CARTESIAN_POINT('',(196.780852,-116.386713,1.51));
#6353 = DIRECTION('',(-0.,0.,-1.));
#6354 = DIRECTION('',(1.657725834378E-14,-1.,-0.));
#6355 = FACE_BOUND('',#6356,.T.);
#6356 = EDGE_LOOP('',(#6357));
#6357 = ORIENTED_EDGE('',*,*,#6358,.T.);
#6358 = EDGE_CURVE('',#6359,#6359,#6361,.T.);
#6359 = VERTEX_POINT('',#6360);
#6360 = CARTESIAN_POINT('',(215.780852,-130.936713,1.51));
#6361 = CIRCLE('',#6362,1.5);
#6362 = AXIS2_PLACEMENT_3D('',#6363,#6364,#6365);
#6363 = CARTESIAN_POINT('',(215.780852,-129.436713,1.51));
#6364 = DIRECTION('',(-0.,0.,-1.));
#6365 = DIRECTION('',(-0.,-1.,0.));
#6366 = FACE_BOUND('',#6367,.T.);
#6367 = EDGE_LOOP('',(#6368));
#6368 = ORIENTED_EDGE('',*,*,#6369,.T.);
#6369 = EDGE_CURVE('',#6370,#6370,#6372,.T.);
#6370 = VERTEX_POINT('',#6371);
#6371 = CARTESIAN_POINT('',(202.000852,-121.082013,1.51));
#6372 = CIRCLE('',#6373,0.4953);
#6373 = AXIS2_PLACEMENT_3D('',#6374,#6375,#6376);
#6374 = CARTESIAN_POINT('',(202.000852,-120.586713,1.51));
#6375 = DIRECTION('',(-0.,0.,-1.));
#6376 = DIRECTION('',(-0.,-1.,0.));
#6377 = FACE_BOUND('',#6378,.T.);
#6378 = EDGE_LOOP('',(#6379));
#6379 = ORIENTED_EDGE('',*,*,#6380,.T.);
#6380 = EDGE_CURVE('',#6381,#6381,#6383,.T.);
#6381 = VERTEX_POINT('',#6382);
#6382 = CARTESIAN_POINT('',(202.280852,-117.237613,1.51));
#6383 = CIRCLE('',#6384,0.8509);
#6384 = AXIS2_PLACEMENT_3D('',#6385,#6386,#6387);
#6385 = CARTESIAN_POINT('',(202.280852,-116.386713,1.51));
#6386 = DIRECTION('',(-0.,0.,-1.));
#6387 = DIRECTION('',(3.340193845388E-14,-1.,-0.));
#6388 = FACE_BOUND('',#6389,.T.);
#6389 = EDGE_LOOP('',(#6390));
#6390 = ORIENTED_EDGE('',*,*,#6391,.T.);
#6391 = EDGE_CURVE('',#6392,#6392,#6394,.T.);
#6392 = VERTEX_POINT('',#6393);
#6393 = CARTESIAN_POINT('',(210.560852,-121.082013,1.51));
#6394 = CIRCLE('',#6395,0.4953);
#6395 = AXIS2_PLACEMENT_3D('',#6396,#6397,#6398);
#6396 = CARTESIAN_POINT('',(210.560852,-120.586713,1.51));
#6397 = DIRECTION('',(-0.,0.,-1.));
#6398 = DIRECTION('',(-0.,-1.,0.));
#6399 = FACE_BOUND('',#6400,.T.);
#6400 = EDGE_LOOP('',(#6401));
#6401 = ORIENTED_EDGE('',*,*,#6402,.T.);
#6402 = EDGE_CURVE('',#6403,#6403,#6405,.T.);
#6403 = VERTEX_POINT('',#6404);
#6404 = CARTESIAN_POINT('',(210.280852,-117.237613,1.51));
#6405 = CIRCLE('',#6406,0.8509);
#6406 = AXIS2_PLACEMENT_3D('',#6407,#6408,#6409);
#6407 = CARTESIAN_POINT('',(210.280852,-116.386713,1.51));
#6408 = DIRECTION('',(-0.,0.,-1.));
#6409 = DIRECTION('',(3.340193845388E-14,-1.,-0.));
#6410 = FACE_BOUND('',#6411,.T.);
#6411 = EDGE_LOOP('',(#6412));
#6412 = ORIENTED_EDGE('',*,*,#6413,.T.);
#6413 = EDGE_CURVE('',#6414,#6414,#6416,.T.);
#6414 = VERTEX_POINT('',#6415);
#6415 = CARTESIAN_POINT('',(215.780852,-118.101213,1.51));
#6416 = CIRCLE('',#6417,1.7145);
#6417 = AXIS2_PLACEMENT_3D('',#6418,#6419,#6420);
#6418 = CARTESIAN_POINT('',(215.780852,-116.386713,1.51));
#6419 = DIRECTION('',(-0.,0.,-1.));
#6420 = DIRECTION('',(1.657725834378E-14,-1.,-0.));
#6421 = FACE_BOUND('',#6422,.T.);
#6422 = EDGE_LOOP('',(#6423));
#6423 = ORIENTED_EDGE('',*,*,#6424,.T.);
#6424 = EDGE_CURVE('',#6425,#6425,#6427,.T.);
#6425 = VERTEX_POINT('',#6426);
#6426 = CARTESIAN_POINT('',(183.000852,-114.082013,1.51));
#6427 = CIRCLE('',#6428,0.4953);
#6428 = AXIS2_PLACEMENT_3D('',#6429,#6430,#6431);
#6429 = CARTESIAN_POINT('',(183.000852,-113.586713,1.51));
#6430 = DIRECTION('',(-0.,0.,-1.));
#6431 = DIRECTION('',(-0.,-1.,0.));
#6432 = FACE_BOUND('',#6433,.T.);
#6433 = EDGE_LOOP('',(#6434));
#6434 = ORIENTED_EDGE('',*,*,#6435,.T.);
#6435 = EDGE_CURVE('',#6436,#6436,#6438,.T.);
#6436 = VERTEX_POINT('',#6437);
#6437 = CARTESIAN_POINT('',(183.280852,-110.237613,1.51));
#6438 = CIRCLE('',#6439,0.8509);
#6439 = AXIS2_PLACEMENT_3D('',#6440,#6441,#6442);
#6440 = CARTESIAN_POINT('',(183.280852,-109.386713,1.51));
#6441 = DIRECTION('',(-0.,0.,-1.));
#6442 = DIRECTION('',(3.340193845388E-14,-1.,-0.));
#6443 = FACE_BOUND('',#6444,.T.);
#6444 = EDGE_LOOP('',(#6445));
#6445 = ORIENTED_EDGE('',*,*,#6446,.T.);
#6446 = EDGE_CURVE('',#6447,#6447,#6449,.T.);
#6447 = VERTEX_POINT('',#6448);
#6448 = CARTESIAN_POINT('',(191.780852,-114.136713,1.51));
#6449 = CIRCLE('',#6450,1.5);
#6450 = AXIS2_PLACEMENT_3D('',#6451,#6452,#6453);
#6451 = CARTESIAN_POINT('',(191.780852,-112.636713,1.51));
#6452 = DIRECTION('',(-0.,0.,-1.));
#6453 = DIRECTION('',(-0.,-1.,0.));
#6454 = FACE_BOUND('',#6455,.T.);
#6455 = EDGE_LOOP('',(#6456));
#6456 = ORIENTED_EDGE('',*,*,#6457,.T.);
#6457 = EDGE_CURVE('',#6458,#6458,#6460,.T.);
#6458 = VERTEX_POINT('',#6459);
#6459 = CARTESIAN_POINT('',(196.780852,-111.936713,1.51));
#6460 = CIRCLE('',#6461,1.5);
#6461 = AXIS2_PLACEMENT_3D('',#6462,#6463,#6464);
#6462 = CARTESIAN_POINT('',(196.780852,-110.436713,1.51));
#6463 = DIRECTION('',(-0.,0.,-1.));
#6464 = DIRECTION('',(-0.,-1.,0.));
#6465 = FACE_BOUND('',#6466,.T.);
#6466 = EDGE_LOOP('',(#6467));
#6467 = ORIENTED_EDGE('',*,*,#6468,.T.);
#6468 = EDGE_CURVE('',#6469,#6469,#6471,.T.);
#6469 = VERTEX_POINT('',#6470);
#6470 = CARTESIAN_POINT('',(201.780852,-114.136713,1.51));
#6471 = CIRCLE('',#6472,1.5);
#6472 = AXIS2_PLACEMENT_3D('',#6473,#6474,#6475);
#6473 = CARTESIAN_POINT('',(201.780852,-112.636713,1.51));
#6474 = DIRECTION('',(-0.,0.,-1.));
#6475 = DIRECTION('',(-0.,-1.,0.));
#6476 = FACE_BOUND('',#6477,.T.);
#6477 = EDGE_LOOP('',(#6478));
#6478 = ORIENTED_EDGE('',*,*,#6479,.T.);
#6479 = EDGE_CURVE('',#6480,#6480,#6482,.T.);
#6480 = VERTEX_POINT('',#6481);
#6481 = CARTESIAN_POINT('',(210.780852,-114.136713,1.51));
#6482 = CIRCLE('',#6483,1.5);
#6483 = AXIS2_PLACEMENT_3D('',#6484,#6485,#6486);
#6484 = CARTESIAN_POINT('',(210.780852,-112.636713,1.51));
#6485 = DIRECTION('',(-0.,0.,-1.));
#6486 = DIRECTION('',(-0.,-1.,0.));
#6487 = FACE_BOUND('',#6488,.T.);
#6488 = EDGE_LOOP('',(#6489));
#6489 = ORIENTED_EDGE('',*,*,#6490,.T.);
#6490 = EDGE_CURVE('',#6491,#6491,#6493,.T.);
#6491 = VERTEX_POINT('',#6492);
#6492 = CARTESIAN_POINT('',(215.780852,-111.936713,1.51));
#6493 = CIRCLE('',#6494,1.5);
#6494 = AXIS2_PLACEMENT_3D('',#6495,#6496,#6497);
#6495 = CARTESIAN_POINT('',(215.780852,-110.436713,1.51));
#6496 = DIRECTION('',(-0.,0.,-1.));
#6497 = DIRECTION('',(-0.,-1.,0.));
#6498 = FACE_BOUND('',#6499,.T.);
#6499 = EDGE_LOOP('',(#6500));
#6500 = ORIENTED_EDGE('',*,*,#6501,.T.);
#6501 = EDGE_CURVE('',#6502,#6502,#6504,.T.);
#6502 = VERTEX_POINT('',#6503);
#6503 = CARTESIAN_POINT('',(231.8425,-125.86,1.51));
#6504 = CIRCLE('',#6505,0.5);
#6505 = AXIS2_PLACEMENT_3D('',#6506,#6507,#6508);
#6506 = CARTESIAN_POINT('',(231.8425,-125.36,1.51));
#6507 = DIRECTION('',(-0.,0.,-1.));
#6508 = DIRECTION('',(-0.,-1.,0.));
#6509 = FACE_BOUND('',#6510,.T.);
#6510 = EDGE_LOOP('',(#6511));
#6511 = ORIENTED_EDGE('',*,*,#6512,.T.);
#6512 = EDGE_CURVE('',#6513,#6513,#6515,.T.);
#6513 = VERTEX_POINT('',#6514);
#6514 = CARTESIAN_POINT('',(221.000852,-121.082013,1.51));
#6515 = CIRCLE('',#6516,0.4953);
#6516 = AXIS2_PLACEMENT_3D('',#6517,#6518,#6519);
#6517 = CARTESIAN_POINT('',(221.000852,-120.586713,1.51));
#6518 = DIRECTION('',(-0.,0.,-1.));
#6519 = DIRECTION('',(-0.,-1.,0.));
#6520 = FACE_BOUND('',#6521,.T.);
#6521 = EDGE_LOOP('',(#6522));
#6522 = ORIENTED_EDGE('',*,*,#6523,.T.);
#6523 = EDGE_CURVE('',#6524,#6524,#6526,.T.);
#6524 = VERTEX_POINT('',#6525);
#6525 = CARTESIAN_POINT('',(221.280852,-117.237613,1.51));
#6526 = CIRCLE('',#6527,0.8509);
#6527 = AXIS2_PLACEMENT_3D('',#6528,#6529,#6530);
#6528 = CARTESIAN_POINT('',(221.280852,-116.386713,1.51));
#6529 = DIRECTION('',(-0.,0.,-1.));
#6530 = DIRECTION('',(3.340193845388E-14,-1.,-0.));
#6531 = FACE_BOUND('',#6532,.T.);
#6532 = EDGE_LOOP('',(#6533));
#6533 = ORIENTED_EDGE('',*,*,#6534,.T.);
#6534 = EDGE_CURVE('',#6535,#6535,#6537,.T.);
#6535 = VERTEX_POINT('',#6536);
#6536 = CARTESIAN_POINT('',(231.8425,-123.32,1.51));
#6537 = CIRCLE('',#6538,0.5);
#6538 = AXIS2_PLACEMENT_3D('',#6539,#6540,#6541);
#6539 = CARTESIAN_POINT('',(231.8425,-122.82,1.51));
#6540 = DIRECTION('',(-0.,0.,-1.));
#6541 = DIRECTION('',(-0.,-1.,0.));
#6542 = FACE_BOUND('',#6543,.T.);
#6543 = EDGE_LOOP('',(#6544));
#6544 = ORIENTED_EDGE('',*,*,#6545,.T.);
#6545 = EDGE_CURVE('',#6546,#6546,#6548,.T.);
#6546 = VERTEX_POINT('',#6547);
#6547 = CARTESIAN_POINT('',(231.8425,-120.78,1.51));
#6548 = CIRCLE('',#6549,0.5);
#6549 = AXIS2_PLACEMENT_3D('',#6550,#6551,#6552);
#6550 = CARTESIAN_POINT('',(231.8425,-120.28,1.51));
#6551 = DIRECTION('',(-0.,0.,-1.));
#6552 = DIRECTION('',(-0.,-1.,0.));
#6553 = FACE_BOUND('',#6554,.T.);
#6554 = EDGE_LOOP('',(#6555));
#6555 = ORIENTED_EDGE('',*,*,#6556,.T.);
#6556 = EDGE_CURVE('',#6557,#6557,#6559,.T.);
#6557 = VERTEX_POINT('',#6558);
#6558 = CARTESIAN_POINT('',(231.8425,-118.24,1.51));
#6559 = CIRCLE('',#6560,0.5);
#6560 = AXIS2_PLACEMENT_3D('',#6561,#6562,#6563);
#6561 = CARTESIAN_POINT('',(231.8425,-117.74,1.51));
#6562 = DIRECTION('',(-0.,0.,-1.));
#6563 = DIRECTION('',(-0.,-1.,0.));
#6564 = FACE_BOUND('',#6565,.T.);
#6565 = EDGE_LOOP('',(#6566));
#6566 = ORIENTED_EDGE('',*,*,#6567,.T.);
#6567 = EDGE_CURVE('',#6568,#6568,#6570,.T.);
#6568 = VERTEX_POINT('',#6569);
#6569 = CARTESIAN_POINT('',(234.3825,-125.86,1.51));
#6570 = CIRCLE('',#6571,0.5);
#6571 = AXIS2_PLACEMENT_3D('',#6572,#6573,#6574);
#6572 = CARTESIAN_POINT('',(234.3825,-125.36,1.51));
#6573 = DIRECTION('',(-0.,0.,-1.));
#6574 = DIRECTION('',(-0.,-1.,0.));
#6575 = FACE_BOUND('',#6576,.T.);
#6576 = EDGE_LOOP('',(#6577));
#6577 = ORIENTED_EDGE('',*,*,#6578,.T.);
#6578 = EDGE_CURVE('',#6579,#6579,#6581,.T.);
#6579 = VERTEX_POINT('',#6580);
#6580 = CARTESIAN_POINT('',(236.9225,-125.86,1.51));
#6581 = CIRCLE('',#6582,0.5);
#6582 = AXIS2_PLACEMENT_3D('',#6583,#6584,#6585);
#6583 = CARTESIAN_POINT('',(236.9225,-125.36,1.51));
#6584 = DIRECTION('',(-0.,0.,-1.));
#6585 = DIRECTION('',(-0.,-1.,0.));
#6586 = FACE_BOUND('',#6587,.T.);
#6587 = EDGE_LOOP('',(#6588));
#6588 = ORIENTED_EDGE('',*,*,#6589,.T.);
#6589 = EDGE_CURVE('',#6590,#6590,#6592,.T.);
#6590 = VERTEX_POINT('',#6591);
#6591 = CARTESIAN_POINT('',(239.4625,-125.86,1.51));
#6592 = CIRCLE('',#6593,0.5);
#6593 = AXIS2_PLACEMENT_3D('',#6594,#6595,#6596);
#6594 = CARTESIAN_POINT('',(239.4625,-125.36,1.51));
#6595 = DIRECTION('',(-0.,0.,-1.));
#6596 = DIRECTION('',(-0.,-1.,0.));
#6597 = FACE_BOUND('',#6598,.T.);
#6598 = EDGE_LOOP('',(#6599));
#6599 = ORIENTED_EDGE('',*,*,#6600,.T.);
#6600 = EDGE_CURVE('',#6601,#6601,#6603,.T.);
#6601 = VERTEX_POINT('',#6602);
#6602 = CARTESIAN_POINT('',(242.0025,-125.86,1.51));
#6603 = CIRCLE('',#6604,0.5);
#6604 = AXIS2_PLACEMENT_3D('',#6605,#6606,#6607);
#6605 = CARTESIAN_POINT('',(242.0025,-125.36,1.51));
#6606 = DIRECTION('',(-0.,0.,-1.));
#6607 = DIRECTION('',(-0.,-1.,0.));
#6608 = FACE_BOUND('',#6609,.T.);
#6609 = EDGE_LOOP('',(#6610));
#6610 = ORIENTED_EDGE('',*,*,#6611,.T.);
#6611 = EDGE_CURVE('',#6612,#6612,#6614,.T.);
#6612 = VERTEX_POINT('',#6613);
#6613 = CARTESIAN_POINT('',(244.5425,-125.86,1.51));
#6614 = CIRCLE('',#6615,0.5);
#6615 = AXIS2_PLACEMENT_3D('',#6616,#6617,#6618);
#6616 = CARTESIAN_POINT('',(244.5425,-125.36,1.51));
#6617 = DIRECTION('',(-0.,0.,-1.));
#6618 = DIRECTION('',(-0.,-1.,0.));
#6619 = FACE_BOUND('',#6620,.T.);
#6620 = EDGE_LOOP('',(#6621));
#6621 = ORIENTED_EDGE('',*,*,#6622,.T.);
#6622 = EDGE_CURVE('',#6623,#6623,#6625,.T.);
#6623 = VERTEX_POINT('',#6624);
#6624 = CARTESIAN_POINT('',(247.0825,-125.86,1.51));
#6625 = CIRCLE('',#6626,0.5);
#6626 = AXIS2_PLACEMENT_3D('',#6627,#6628,#6629);
#6627 = CARTESIAN_POINT('',(247.0825,-125.36,1.51));
#6628 = DIRECTION('',(-0.,0.,-1.));
#6629 = DIRECTION('',(-0.,-1.,0.));
#6630 = FACE_BOUND('',#6631,.T.);
#6631 = EDGE_LOOP('',(#6632));
#6632 = ORIENTED_EDGE('',*,*,#6633,.T.);
#6633 = EDGE_CURVE('',#6634,#6634,#6636,.T.);
#6634 = VERTEX_POINT('',#6635);
#6635 = CARTESIAN_POINT('',(247.0825,-123.32,1.51));
#6636 = CIRCLE('',#6637,0.5);
#6637 = AXIS2_PLACEMENT_3D('',#6638,#6639,#6640);
#6638 = CARTESIAN_POINT('',(247.0825,-122.82,1.51));
#6639 = DIRECTION('',(-0.,0.,-1.));
#6640 = DIRECTION('',(-0.,-1.,0.));
#6641 = FACE_BOUND('',#6642,.T.);
#6642 = EDGE_LOOP('',(#6643));
#6643 = ORIENTED_EDGE('',*,*,#6644,.T.);
#6644 = EDGE_CURVE('',#6645,#6645,#6647,.T.);
#6645 = VERTEX_POINT('',#6646);
#6646 = CARTESIAN_POINT('',(247.0825,-120.78,1.51));
#6647 = CIRCLE('',#6648,0.5);
#6648 = AXIS2_PLACEMENT_3D('',#6649,#6650,#6651);
#6649 = CARTESIAN_POINT('',(247.0825,-120.28,1.51));
#6650 = DIRECTION('',(-0.,0.,-1.));
#6651 = DIRECTION('',(-0.,-1.,0.));
#6652 = FACE_BOUND('',#6653,.T.);
#6653 = EDGE_LOOP('',(#6654));
#6654 = ORIENTED_EDGE('',*,*,#6655,.T.);
#6655 = EDGE_CURVE('',#6656,#6656,#6658,.T.);
#6656 = VERTEX_POINT('',#6657);
#6657 = CARTESIAN_POINT('',(247.0825,-118.24,1.51));
#6658 = CIRCLE('',#6659,0.5);
#6659 = AXIS2_PLACEMENT_3D('',#6660,#6661,#6662);
#6660 = CARTESIAN_POINT('',(247.0825,-117.74,1.51));
#6661 = DIRECTION('',(-0.,0.,-1.));
#6662 = DIRECTION('',(-0.,-1.,0.));
#6663 = FACE_BOUND('',#6664,.T.);
#6664 = EDGE_LOOP('',(#6665));
#6665 = ORIENTED_EDGE('',*,*,#6666,.T.);
#6666 = EDGE_CURVE('',#6667,#6667,#6669,.T.);
#6667 = VERTEX_POINT('',#6668);
#6668 = CARTESIAN_POINT('',(220.780852,-114.136713,1.51));
#6669 = CIRCLE('',#6670,1.5);
#6670 = AXIS2_PLACEMENT_3D('',#6671,#6672,#6673);
#6671 = CARTESIAN_POINT('',(220.780852,-112.636713,1.51));
#6672 = DIRECTION('',(-0.,0.,-1.));
#6673 = DIRECTION('',(-0.,-1.,0.));
#6674 = FACE_BOUND('',#6675,.T.);
#6675 = EDGE_LOOP('',(#6676));
#6676 = ORIENTED_EDGE('',*,*,#6677,.T.);
#6677 = EDGE_CURVE('',#6678,#6678,#6680,.T.);
#6678 = VERTEX_POINT('',#6679);
#6679 = CARTESIAN_POINT('',(231.8425,-115.7,1.51));
#6680 = CIRCLE('',#6681,0.5);
#6681 = AXIS2_PLACEMENT_3D('',#6682,#6683,#6684);
#6682 = CARTESIAN_POINT('',(231.8425,-115.2,1.51));
#6683 = DIRECTION('',(-0.,0.,-1.));
#6684 = DIRECTION('',(-0.,-1.,0.));
#6685 = FACE_BOUND('',#6686,.T.);
#6686 = EDGE_LOOP('',(#6687));
#6687 = ORIENTED_EDGE('',*,*,#6688,.T.);
#6688 = EDGE_CURVE('',#6689,#6689,#6691,.T.);
#6689 = VERTEX_POINT('',#6690);
#6690 = CARTESIAN_POINT('',(231.8425,-113.16,1.51));
#6691 = CIRCLE('',#6692,0.5);
#6692 = AXIS2_PLACEMENT_3D('',#6693,#6694,#6695);
#6693 = CARTESIAN_POINT('',(231.8425,-112.66,1.51));
#6694 = DIRECTION('',(-0.,0.,-1.));
#6695 = DIRECTION('',(-0.,-1.,0.));
#6696 = FACE_BOUND('',#6697,.T.);
#6697 = EDGE_LOOP('',(#6698));
#6698 = ORIENTED_EDGE('',*,*,#6699,.T.);
#6699 = EDGE_CURVE('',#6700,#6700,#6702,.T.);
#6700 = VERTEX_POINT('',#6701);
#6701 = CARTESIAN_POINT('',(231.8425,-110.62,1.51));
#6702 = CIRCLE('',#6703,0.5);
#6703 = AXIS2_PLACEMENT_3D('',#6704,#6705,#6706);
#6704 = CARTESIAN_POINT('',(231.8425,-110.12,1.51));
#6705 = DIRECTION('',(-0.,0.,-1.));
#6706 = DIRECTION('',(-0.,-1.,0.));
#6707 = FACE_BOUND('',#6708,.T.);
#6708 = EDGE_LOOP('',(#6709));
#6709 = ORIENTED_EDGE('',*,*,#6710,.T.);
#6710 = EDGE_CURVE('',#6711,#6711,#6713,.T.);
#6711 = VERTEX_POINT('',#6712);
#6712 = CARTESIAN_POINT('',(231.8425,-108.08,1.51));
#6713 = CIRCLE('',#6714,0.5);
#6714 = AXIS2_PLACEMENT_3D('',#6715,#6716,#6717);
#6715 = CARTESIAN_POINT('',(231.8425,-107.58,1.51));
#6716 = DIRECTION('',(-0.,0.,-1.));
#6717 = DIRECTION('',(-0.,-1.,0.));
#6718 = FACE_BOUND('',#6719,.T.);
#6719 = EDGE_LOOP('',(#6720));
#6720 = ORIENTED_EDGE('',*,*,#6721,.T.);
#6721 = EDGE_CURVE('',#6722,#6722,#6724,.T.);
#6722 = VERTEX_POINT('',#6723);
#6723 = CARTESIAN_POINT('',(231.8425,-105.54,1.51));
#6724 = CIRCLE('',#6725,0.5);
#6725 = AXIS2_PLACEMENT_3D('',#6726,#6727,#6728);
#6726 = CARTESIAN_POINT('',(231.8425,-105.04,1.51));
#6727 = DIRECTION('',(-0.,0.,-1.));
#6728 = DIRECTION('',(-0.,-1.,0.));
#6729 = FACE_BOUND('',#6730,.T.);
#6730 = EDGE_LOOP('',(#6731));
#6731 = ORIENTED_EDGE('',*,*,#6732,.T.);
#6732 = EDGE_CURVE('',#6733,#6733,#6735,.T.);
#6733 = VERTEX_POINT('',#6734);
#6734 = CARTESIAN_POINT('',(247.0825,-115.7,1.51));
#6735 = CIRCLE('',#6736,0.5);
#6736 = AXIS2_PLACEMENT_3D('',#6737,#6738,#6739);
#6737 = CARTESIAN_POINT('',(247.0825,-115.2,1.51));
#6738 = DIRECTION('',(-0.,0.,-1.));
#6739 = DIRECTION('',(-0.,-1.,0.));
#6740 = FACE_BOUND('',#6741,.T.);
#6741 = EDGE_LOOP('',(#6742));
#6742 = ORIENTED_EDGE('',*,*,#6743,.T.);
#6743 = EDGE_CURVE('',#6744,#6744,#6746,.T.);
#6744 = VERTEX_POINT('',#6745);
#6745 = CARTESIAN_POINT('',(247.0825,-113.16,1.51));
#6746 = CIRCLE('',#6747,0.5);
#6747 = AXIS2_PLACEMENT_3D('',#6748,#6749,#6750);
#6748 = CARTESIAN_POINT('',(247.0825,-112.66,1.51));
#6749 = DIRECTION('',(-0.,0.,-1.));
#6750 = DIRECTION('',(-0.,-1.,0.));
#6751 = FACE_BOUND('',#6752,.T.);
#6752 = EDGE_LOOP('',(#6753));
#6753 = ORIENTED_EDGE('',*,*,#6754,.T.);
#6754 = EDGE_CURVE('',#6755,#6755,#6757,.T.);
#6755 = VERTEX_POINT('',#6756);
#6756 = CARTESIAN_POINT('',(247.0825,-110.62,1.51));
#6757 = CIRCLE('',#6758,0.5);
#6758 = AXIS2_PLACEMENT_3D('',#6759,#6760,#6761);
#6759 = CARTESIAN_POINT('',(247.0825,-110.12,1.51));
#6760 = DIRECTION('',(-0.,0.,-1.));
#6761 = DIRECTION('',(-0.,-1.,0.));
#6762 = FACE_BOUND('',#6763,.T.);
#6763 = EDGE_LOOP('',(#6764));
#6764 = ORIENTED_EDGE('',*,*,#6765,.T.);
#6765 = EDGE_CURVE('',#6766,#6766,#6768,.T.);
#6766 = VERTEX_POINT('',#6767);
#6767 = CARTESIAN_POINT('',(247.0825,-108.08,1.51));
#6768 = CIRCLE('',#6769,0.5);
#6769 = AXIS2_PLACEMENT_3D('',#6770,#6771,#6772);
#6770 = CARTESIAN_POINT('',(247.0825,-107.58,1.51));
#6771 = DIRECTION('',(-0.,0.,-1.));
#6772 = DIRECTION('',(-0.,-1.,0.));
#6773 = FACE_BOUND('',#6774,.T.);
#6774 = EDGE_LOOP('',(#6775));
#6775 = ORIENTED_EDGE('',*,*,#6776,.T.);
#6776 = EDGE_CURVE('',#6777,#6777,#6779,.T.);
#6777 = VERTEX_POINT('',#6778);
#6778 = CARTESIAN_POINT('',(247.0825,-105.54,1.51));
#6779 = CIRCLE('',#6780,0.5);
#6780 = AXIS2_PLACEMENT_3D('',#6781,#6782,#6783);
#6781 = CARTESIAN_POINT('',(247.0825,-105.04,1.51));
#6782 = DIRECTION('',(-0.,0.,-1.));
#6783 = DIRECTION('',(-0.,-1.,0.));
#6784 = PLANE('',#6785);
#6785 = AXIS2_PLACEMENT_3D('',#6786,#6787,#6788);
#6786 = CARTESIAN_POINT('',(0.,0.,1.51));
#6787 = DIRECTION('',(0.,0.,1.));
#6788 = DIRECTION('',(1.,0.,-0.));
#6789 = ADVANCED_FACE('',(#6790),#6801,.T.);
#6790 = FACE_BOUND('',#6791,.T.);
#6791 = EDGE_LOOP('',(#6792,#6798,#6799,#6800));
#6792 = ORIENTED_EDGE('',*,*,#6793,.T.);
#6793 = EDGE_CURVE('',#146,#3471,#6794,.T.);
#6794 = LINE('',#6795,#6796);
#6795 = CARTESIAN_POINT('',(168.75,-98.25,0.));
#6796 = VECTOR('',#6797,1.);
#6797 = DIRECTION('',(0.,0.,1.));
#6798 = ORIENTED_EDGE('',*,*,#3470,.T.);
#6799 = ORIENTED_EDGE('',*,*,#79,.F.);
#6800 = ORIENTED_EDGE('',*,*,#145,.F.);
#6801 = PLANE('',#6802);
#6802 = AXIS2_PLACEMENT_3D('',#6803,#6804,#6805);
#6803 = CARTESIAN_POINT('',(168.75,-98.25,0.));
#6804 = DIRECTION('',(0.,1.,0.));
#6805 = DIRECTION('',(1.,0.,0.));
#6806 = ADVANCED_FACE('',(#6807),#6818,.T.);
#6807 = FACE_BOUND('',#6808,.T.);
#6808 = EDGE_LOOP('',(#6809,#6810,#6811,#6817));
#6809 = ORIENTED_EDGE('',*,*,#120,.T.);
#6810 = ORIENTED_EDGE('',*,*,#3636,.T.);
#6811 = ORIENTED_EDGE('',*,*,#6812,.F.);
#6812 = EDGE_CURVE('',#304,#3629,#6813,.T.);
#6813 = LINE('',#6814,#6815);
#6814 = CARTESIAN_POINT('',(253.25,-203.5,0.));
#6815 = VECTOR('',#6816,1.);
#6816 = DIRECTION('',(0.,0.,1.));
#6817 = ORIENTED_EDGE('',*,*,#311,.F.);
#6818 = PLANE('',#6819);
#6819 = AXIS2_PLACEMENT_3D('',#6820,#6821,#6822);
#6820 = CARTESIAN_POINT('',(253.25,-103.25,0.));
#6821 = DIRECTION('',(1.,0.,-0.));
#6822 = DIRECTION('',(0.,-1.,0.));
#6823 = ADVANCED_FACE('',(#6824),#6835,.T.);
#6824 = FACE_BOUND('',#6825,.T.);
#6825 = EDGE_LOOP('',(#6826,#6832,#6833,#6834));
#6826 = ORIENTED_EDGE('',*,*,#6827,.T.);
#6827 = EDGE_CURVE('',#154,#3479,#6828,.T.);
#6828 = LINE('',#6829,#6830);
#6829 = CARTESIAN_POINT('',(163.25,-103.75,0.));
#6830 = VECTOR('',#6831,1.);
#6831 = DIRECTION('',(0.,0.,1.));
#6832 = ORIENTED_EDGE('',*,*,#3478,.T.);
#6833 = ORIENTED_EDGE('',*,*,#6793,.F.);
#6834 = ORIENTED_EDGE('',*,*,#153,.F.);
#6835 = PLANE('',#6836);
#6836 = AXIS2_PLACEMENT_3D('',#6837,#6838,#6839);
#6837 = CARTESIAN_POINT('',(163.25,-103.75,0.));
#6838 = DIRECTION('',(-0.707106781187,0.707106781187,0.));
#6839 = DIRECTION('',(0.707106781187,0.707106781187,0.));
#6840 = ADVANCED_FACE('',(#6841),#6852,.T.);
#6841 = FACE_BOUND('',#6842,.T.);
#6842 = EDGE_LOOP('',(#6843,#6844,#6845,#6851));
#6843 = ORIENTED_EDGE('',*,*,#6812,.T.);
#6844 = ORIENTED_EDGE('',*,*,#3628,.T.);
#6845 = ORIENTED_EDGE('',*,*,#6846,.F.);
#6846 = EDGE_CURVE('',#295,#3620,#6847,.T.);
#6847 = LINE('',#6848,#6849);
#6848 = CARTESIAN_POINT('',(257.75,-206.25,0.));
#6849 = VECTOR('',#6850,1.);
#6850 = DIRECTION('',(0.,0.,1.));
#6851 = ORIENTED_EDGE('',*,*,#303,.F.);
#6852 = PLANE('',#6853);
#6853 = AXIS2_PLACEMENT_3D('',#6854,#6855,#6856);
#6854 = CARTESIAN_POINT('',(253.25,-203.5,0.));
#6855 = DIRECTION('',(0.521450009454,0.853281833652,-0.));
#6856 = DIRECTION('',(0.853281833652,-0.521450009454,0.));
#6857 = ADVANCED_FACE('',(#6858),#6869,.T.);
#6858 = FACE_BOUND('',#6859,.T.);
#6859 = EDGE_LOOP('',(#6860,#6866,#6867,#6868));
#6860 = ORIENTED_EDGE('',*,*,#6861,.T.);
#6861 = EDGE_CURVE('',#162,#3487,#6862,.T.);
#6862 = LINE('',#6863,#6864);
#6863 = CARTESIAN_POINT('',(150.,-103.75,0.));
#6864 = VECTOR('',#6865,1.);
#6865 = DIRECTION('',(0.,0.,1.));
#6866 = ORIENTED_EDGE('',*,*,#3486,.T.);
#6867 = ORIENTED_EDGE('',*,*,#6827,.F.);
#6868 = ORIENTED_EDGE('',*,*,#161,.F.);
#6869 = PLANE('',#6870);
#6870 = AXIS2_PLACEMENT_3D('',#6871,#6872,#6873);
#6871 = CARTESIAN_POINT('',(150.,-103.75,0.));
#6872 = DIRECTION('',(0.,1.,0.));
#6873 = DIRECTION('',(1.,0.,0.));
#6874 = ADVANCED_FACE('',(#6875),#6886,.T.);
#6875 = FACE_BOUND('',#6876,.T.);
#6876 = EDGE_LOOP('',(#6877,#6878,#6879,#6885));
#6877 = ORIENTED_EDGE('',*,*,#6846,.T.);
#6878 = ORIENTED_EDGE('',*,*,#3619,.T.);
#6879 = ORIENTED_EDGE('',*,*,#6880,.F.);
#6880 = EDGE_CURVE('',#287,#3612,#6881,.T.);
#6881 = LINE('',#6882,#6883);
#6882 = CARTESIAN_POINT('',(258.412789,-208.446517,0.));
#6883 = VECTOR('',#6884,1.);
#6884 = DIRECTION('',(0.,0.,1.));
#6885 = ORIENTED_EDGE('',*,*,#294,.F.);
#6886 = CYLINDRICAL_SURFACE('',#6887,1.802776969149);
#6887 = AXIS2_PLACEMENT_3D('',#6888,#6889,#6890);
#6888 = CARTESIAN_POINT('',(256.74999909743,-207.7500009984,0.));
#6889 = DIRECTION('',(0.,0.,-1.));
#6890 = DIRECTION('',(0.554700287213,0.832050233679,0.));
#6891 = ADVANCED_FACE('',(#6892),#6903,.T.);
#6892 = FACE_BOUND('',#6893,.T.);
#6893 = EDGE_LOOP('',(#6894,#6900,#6901,#6902));
#6894 = ORIENTED_EDGE('',*,*,#6895,.T.);
#6895 = EDGE_CURVE('',#170,#3495,#6896,.T.);
#6896 = LINE('',#6897,#6898);
#6897 = CARTESIAN_POINT('',(137.99,-116.25,0.));
#6898 = VECTOR('',#6899,1.);
#6899 = DIRECTION('',(0.,0.,1.));
#6900 = ORIENTED_EDGE('',*,*,#3494,.T.);
#6901 = ORIENTED_EDGE('',*,*,#6861,.F.);
#6902 = ORIENTED_EDGE('',*,*,#169,.F.);
#6903 = PLANE('',#6904);
#6904 = AXIS2_PLACEMENT_3D('',#6905,#6906,#6907);
#6905 = CARTESIAN_POINT('',(137.99,-116.25,0.));
#6906 = DIRECTION('',(-0.721099059107,0.69283197599,0.));
#6907 = DIRECTION('',(0.69283197599,0.721099059107,0.));
#6908 = ADVANCED_FACE('',(#6909),#6920,.T.);
#6909 = FACE_BOUND('',#6910,.T.);
#6910 = EDGE_LOOP('',(#6911,#6912,#6913,#6919));
#6911 = ORIENTED_EDGE('',*,*,#6880,.T.);
#6912 = ORIENTED_EDGE('',*,*,#3611,.T.);
#6913 = ORIENTED_EDGE('',*,*,#6914,.F.);
#6914 = EDGE_CURVE('',#278,#3603,#6915,.T.);
#6915 = LINE('',#6916,#6917);
#6916 = CARTESIAN_POINT('',(250.573689,-222.889806,0.));
#6917 = VECTOR('',#6918,1.);
#6918 = DIRECTION('',(0.,0.,1.));
#6919 = ORIENTED_EDGE('',*,*,#286,.F.);
#6920 = PLANE('',#6921);
#6921 = AXIS2_PLACEMENT_3D('',#6922,#6923,#6924);
#6922 = CARTESIAN_POINT('',(258.412789,-208.446517,0.));
#6923 = DIRECTION('',(0.878892787451,-0.477019358272,0.));
#6924 = DIRECTION('',(-0.477019358272,-0.878892787451,0.));
#6925 = ADVANCED_FACE('',(#6926),#6937,.T.);
#6926 = FACE_BOUND('',#6927,.T.);
#6927 = EDGE_LOOP('',(#6928,#6934,#6935,#6936));
#6928 = ORIENTED_EDGE('',*,*,#6929,.T.);
#6929 = EDGE_CURVE('',#178,#3503,#6930,.T.);
#6930 = LINE('',#6931,#6932);
#6931 = CARTESIAN_POINT('',(110.5,-116.25,0.));
#6932 = VECTOR('',#6933,1.);
#6933 = DIRECTION('',(0.,0.,1.));
#6934 = ORIENTED_EDGE('',*,*,#3502,.T.);
#6935 = ORIENTED_EDGE('',*,*,#6895,.F.);
#6936 = ORIENTED_EDGE('',*,*,#177,.F.);
#6937 = PLANE('',#6938);
#6938 = AXIS2_PLACEMENT_3D('',#6939,#6940,#6941);
#6939 = CARTESIAN_POINT('',(110.5,-116.25,0.));
#6940 = DIRECTION('',(0.,1.,0.));
#6941 = DIRECTION('',(1.,0.,0.));
#6942 = ADVANCED_FACE('',(#6943),#6954,.T.);
#6943 = FACE_BOUND('',#6944,.T.);
#6944 = EDGE_LOOP('',(#6945,#6946,#6947,#6953));
#6945 = ORIENTED_EDGE('',*,*,#6914,.T.);
#6946 = ORIENTED_EDGE('',*,*,#3602,.T.);
#6947 = ORIENTED_EDGE('',*,*,#6948,.F.);
#6948 = EDGE_CURVE('',#270,#3595,#6949,.T.);
#6949 = LINE('',#6950,#6951);
#6950 = CARTESIAN_POINT('',(247.5,-223.5,0.));
#6951 = VECTOR('',#6952,1.);
#6952 = DIRECTION('',(0.,0.,1.));
#6953 = ORIENTED_EDGE('',*,*,#277,.F.);
#6954 = CYLINDRICAL_SURFACE('',#6955,2.150581060352);
#6955 = AXIS2_PLACEMENT_3D('',#6956,#6957,#6958);
#6956 = CARTESIAN_POINT('',(248.74999993762,-221.7500002705,0.));
#6957 = DIRECTION('',(-0.,0.,-1.));
#6958 = DIRECTION('',(0.847998290323,-0.529998961894,-0.));
#6959 = ADVANCED_FACE('',(#6960),#6971,.T.);
#6960 = FACE_BOUND('',#6961,.T.);
#6961 = EDGE_LOOP('',(#6962,#6968,#6969,#6970));
#6962 = ORIENTED_EDGE('',*,*,#6963,.T.);
#6963 = EDGE_CURVE('',#186,#3511,#6964,.T.);
#6964 = LINE('',#6965,#6966);
#6965 = CARTESIAN_POINT('',(108.992787,-117.730946,0.));
#6966 = VECTOR('',#6967,1.);
#6967 = DIRECTION('',(0.,0.,1.));
#6968 = ORIENTED_EDGE('',*,*,#3510,.T.);
#6969 = ORIENTED_EDGE('',*,*,#6929,.F.);
#6970 = ORIENTED_EDGE('',*,*,#185,.F.);
#6971 = CYLINDRICAL_SURFACE('',#6972,1.494705805552);
#6972 = AXIS2_PLACEMENT_3D('',#6973,#6974,#6975);
#6973 = CARTESIAN_POINT('',(110.48742995558,-117.7446529493,0.));
#6974 = DIRECTION('',(0.,0.,-1.));
#6975 = DIRECTION('',(-0.999957951616,9.170332612414E-03,0.));
#6976 = ADVANCED_FACE('',(#6977),#6988,.T.);
#6977 = FACE_BOUND('',#6978,.T.);
#6978 = EDGE_LOOP('',(#6979,#6980,#6981,#6987));
#6979 = ORIENTED_EDGE('',*,*,#6948,.T.);
#6980 = ORIENTED_EDGE('',*,*,#3594,.T.);
#6981 = ORIENTED_EDGE('',*,*,#6982,.F.);
#6982 = EDGE_CURVE('',#262,#3587,#6983,.T.);
#6983 = LINE('',#6984,#6985);
#6984 = CARTESIAN_POINT('',(231.75,-214.,0.));
#6985 = VECTOR('',#6986,1.);
#6986 = DIRECTION('',(0.,0.,1.));
#6987 = ORIENTED_EDGE('',*,*,#269,.F.);
#6988 = PLANE('',#6989);
#6989 = AXIS2_PLACEMENT_3D('',#6990,#6991,#6992);
#6990 = CARTESIAN_POINT('',(247.5,-223.5,0.));
#6991 = DIRECTION('',(-0.516493170237,-0.85629130855,0.));
#6992 = DIRECTION('',(-0.85629130855,0.516493170237,0.));
#6993 = ADVANCED_FACE('',(#6994),#7005,.T.);
#6994 = FACE_BOUND('',#6995,.T.);
#6995 = EDGE_LOOP('',(#6996,#7002,#7003,#7004));
#6996 = ORIENTED_EDGE('',*,*,#6997,.T.);
#6997 = EDGE_CURVE('',#195,#3520,#6998,.T.);
#6998 = LINE('',#6999,#7000);
#6999 = CARTESIAN_POINT('',(108.992787,-192.480946,0.));
#7000 = VECTOR('',#7001,1.);
#7001 = DIRECTION('',(0.,0.,1.));
#7002 = ORIENTED_EDGE('',*,*,#3519,.T.);
#7003 = ORIENTED_EDGE('',*,*,#6963,.F.);
#7004 = ORIENTED_EDGE('',*,*,#194,.F.);
#7005 = PLANE('',#7006);
#7006 = AXIS2_PLACEMENT_3D('',#7007,#7008,#7009);
#7007 = CARTESIAN_POINT('',(108.992787,-192.480946,0.));
#7008 = DIRECTION('',(-1.,0.,0.));
#7009 = DIRECTION('',(0.,1.,0.));
#7010 = ADVANCED_FACE('',(#7011),#7022,.T.);
#7011 = FACE_BOUND('',#7012,.T.);
#7012 = EDGE_LOOP('',(#7013,#7014,#7015,#7021));
#7013 = ORIENTED_EDGE('',*,*,#6982,.T.);
#7014 = ORIENTED_EDGE('',*,*,#3586,.T.);
#7015 = ORIENTED_EDGE('',*,*,#7016,.F.);
#7016 = EDGE_CURVE('',#254,#3579,#7017,.T.);
#7017 = LINE('',#7018,#7019);
#7018 = CARTESIAN_POINT('',(211.25,-206.5,0.));
#7019 = VECTOR('',#7020,1.);
#7020 = DIRECTION('',(0.,0.,1.));
#7021 = ORIENTED_EDGE('',*,*,#261,.F.);
#7022 = PLANE('',#7023);
#7023 = AXIS2_PLACEMENT_3D('',#7024,#7025,#7026);
#7024 = CARTESIAN_POINT('',(231.75,-214.,0.));
#7025 = DIRECTION('',(-0.343581531264,-0.93912285212,0.));
#7026 = DIRECTION('',(-0.93912285212,0.343581531264,0.));
#7027 = ADVANCED_FACE('',(#7028),#7039,.T.);
#7028 = FACE_BOUND('',#7029,.T.);
#7029 = EDGE_LOOP('',(#7030,#7036,#7037,#7038));
#7030 = ORIENTED_EDGE('',*,*,#7031,.T.);
#7031 = EDGE_CURVE('',#203,#3528,#7032,.T.);
#7032 = LINE('',#7033,#7034);
#7033 = CARTESIAN_POINT('',(111.,-194.5,0.));
#7034 = VECTOR('',#7035,1.);
#7035 = DIRECTION('',(0.,0.,1.));
#7036 = ORIENTED_EDGE('',*,*,#3527,.T.);
#7037 = ORIENTED_EDGE('',*,*,#6997,.F.);
#7038 = ORIENTED_EDGE('',*,*,#202,.F.);
#7039 = CYLINDRICAL_SURFACE('',#7040,1.995038235587);
#7040 = AXIS2_PLACEMENT_3D('',#7041,#7042,#7043);
#7041 = CARTESIAN_POINT('',(110.9876802242,-192.5049998033,0.));
#7042 = DIRECTION('',(0.,0.,-1.));
#7043 = DIRECTION('',(6.175207858621E-03,-0.999980933222,0.));
#7044 = ADVANCED_FACE('',(#7045),#7056,.T.);
#7045 = FACE_BOUND('',#7046,.T.);
#7046 = EDGE_LOOP('',(#7047,#7048,#7049,#7055));
#7047 = ORIENTED_EDGE('',*,*,#7016,.T.);
#7048 = ORIENTED_EDGE('',*,*,#3578,.T.);
#7049 = ORIENTED_EDGE('',*,*,#7050,.F.);
#7050 = EDGE_CURVE('',#246,#3571,#7051,.T.);
#7051 = LINE('',#7052,#7053);
#7052 = CARTESIAN_POINT('',(191.5,-203.25,0.));
#7053 = VECTOR('',#7054,1.);
#7054 = DIRECTION('',(0.,0.,1.));
#7055 = ORIENTED_EDGE('',*,*,#253,.F.);
#7056 = PLANE('',#7057);
#7057 = AXIS2_PLACEMENT_3D('',#7058,#7059,#7060);
#7058 = CARTESIAN_POINT('',(211.25,-206.5,0.));
#7059 = DIRECTION('',(-0.162373195455,-0.986729418533,0.));
#7060 = DIRECTION('',(-0.986729418533,0.162373195455,0.));
#7061 = ADVANCED_FACE('',(#7062),#7073,.T.);
#7062 = FACE_BOUND('',#7063,.T.);
#7063 = EDGE_LOOP('',(#7064,#7070,#7071,#7072));
#7064 = ORIENTED_EDGE('',*,*,#7065,.T.);
#7065 = EDGE_CURVE('',#212,#3537,#7066,.T.);
#7066 = LINE('',#7067,#7068);
#7067 = CARTESIAN_POINT('',(149.5,-194.5,0.));
#7068 = VECTOR('',#7069,1.);
#7069 = DIRECTION('',(0.,0.,1.));
#7070 = ORIENTED_EDGE('',*,*,#3536,.T.);
#7071 = ORIENTED_EDGE('',*,*,#7031,.F.);
#7072 = ORIENTED_EDGE('',*,*,#211,.F.);
#7073 = PLANE('',#7074);
#7074 = AXIS2_PLACEMENT_3D('',#7075,#7076,#7077);
#7075 = CARTESIAN_POINT('',(149.5,-194.5,0.));
#7076 = DIRECTION('',(0.,-1.,0.));
#7077 = DIRECTION('',(-1.,0.,0.));
#7078 = ADVANCED_FACE('',(#7079),#7090,.T.);
#7079 = FACE_BOUND('',#7080,.T.);
#7080 = EDGE_LOOP('',(#7081,#7082,#7083,#7089));
#7081 = ORIENTED_EDGE('',*,*,#7050,.T.);
#7082 = ORIENTED_EDGE('',*,*,#3570,.T.);
#7083 = ORIENTED_EDGE('',*,*,#7084,.F.);
#7084 = EDGE_CURVE('',#237,#3562,#7085,.T.);
#7085 = LINE('',#7086,#7087);
#7086 = CARTESIAN_POINT('',(152.497537,-203.240908,0.));
#7087 = VECTOR('',#7088,1.);
#7088 = DIRECTION('',(0.,0.,1.));
#7089 = ORIENTED_EDGE('',*,*,#245,.F.);
#7090 = PLANE('',#7091);
#7091 = AXIS2_PLACEMENT_3D('',#7092,#7093,#7094);
#7092 = CARTESIAN_POINT('',(191.5,-203.25,0.));
#7093 = DIRECTION('',(-2.331134767815E-04,-0.999999972829,0.));
#7094 = DIRECTION('',(-0.999999972829,2.331134767815E-04,0.));
#7095 = ADVANCED_FACE('',(#7096),#7107,.F.);
#7096 = FACE_BOUND('',#7097,.T.);
#7097 = EDGE_LOOP('',(#7098,#7104,#7105,#7106));
#7098 = ORIENTED_EDGE('',*,*,#7099,.T.);
#7099 = EDGE_CURVE('',#220,#3545,#7100,.T.);
#7100 = LINE('',#7101,#7102);
#7101 = CARTESIAN_POINT('',(151.,-196.,0.));
#7102 = VECTOR('',#7103,1.);
#7103 = DIRECTION('',(0.,0.,1.));
#7104 = ORIENTED_EDGE('',*,*,#3544,.T.);
#7105 = ORIENTED_EDGE('',*,*,#7065,.F.);
#7106 = ORIENTED_EDGE('',*,*,#219,.F.);
#7107 = CYLINDRICAL_SURFACE('',#7108,1.500000586493);
#7108 = AXIS2_PLACEMENT_3D('',#7109,#7110,#7111);
#7109 = CARTESIAN_POINT('',(149.4999994135,-196.0000005864,0.));
#7110 = DIRECTION('',(-0.,-0.,-1.));
#7111 = DIRECTION('',(1.,3.909953331848E-07,-0.));
#7112 = ADVANCED_FACE('',(#7113),#7124,.T.);
#7113 = FACE_BOUND('',#7114,.T.);
#7114 = EDGE_LOOP('',(#7115,#7116,#7117,#7123));
#7115 = ORIENTED_EDGE('',*,*,#7084,.T.);
#7116 = ORIENTED_EDGE('',*,*,#3561,.T.);
#7117 = ORIENTED_EDGE('',*,*,#7118,.F.);
#7118 = EDGE_CURVE('',#229,#3554,#7119,.T.);
#7119 = LINE('',#7120,#7121);
#7120 = CARTESIAN_POINT('',(150.997537,-201.740908,0.));
#7121 = VECTOR('',#7122,1.);
#7122 = DIRECTION('',(0.,0.,1.));
#7123 = ORIENTED_EDGE('',*,*,#236,.F.);
#7124 = CYLINDRICAL_SURFACE('',#7125,1.500000586493);
#7125 = AXIS2_PLACEMENT_3D('',#7126,#7127,#7128);
#7126 = CARTESIAN_POINT('',(152.49753758649,-201.7409074135,0.));
#7127 = DIRECTION('',(0.,0.,-1.));
#7128 = DIRECTION('',(-3.909953710804E-07,-1.,-0.));
#7129 = ADVANCED_FACE('',(#7130),#7136,.T.);
#7130 = FACE_BOUND('',#7131,.T.);
#7131 = EDGE_LOOP('',(#7132,#7133,#7134,#7135));
#7132 = ORIENTED_EDGE('',*,*,#7118,.T.);
#7133 = ORIENTED_EDGE('',*,*,#3553,.T.);
#7134 = ORIENTED_EDGE('',*,*,#7099,.F.);
#7135 = ORIENTED_EDGE('',*,*,#228,.F.);
#7136 = PLANE('',#7137);
#7137 = AXIS2_PLACEMENT_3D('',#7138,#7139,#7140);
#7138 = CARTESIAN_POINT('',(150.997537,-201.740908,0.));
#7139 = DIRECTION('',(-0.999999907968,4.290261703082E-04,0.));
#7140 = DIRECTION('',(4.290261703082E-04,0.999999907968,0.));
#7141 = ADVANCED_FACE('',(#7142),#7153,.F.);
#7142 = FACE_BOUND('',#7143,.T.);
#7143 = EDGE_LOOP('',(#7144,#7145,#7151,#7152));
#7144 = ORIENTED_EDGE('',*,*,#320,.T.);
#7145 = ORIENTED_EDGE('',*,*,#7146,.T.);
#7146 = EDGE_CURVE('',#321,#3646,#7147,.T.);
#7147 = LINE('',#7148,#7149);
#7148 = CARTESIAN_POINT('',(157.360852,-197.982013,-4.6E-02));
#7149 = VECTOR('',#7150,1.);
#7150 = DIRECTION('',(0.,0.,1.));
#7151 = ORIENTED_EDGE('',*,*,#3645,.F.);
#7152 = ORIENTED_EDGE('',*,*,#7146,.F.);
#7153 = CYLINDRICAL_SURFACE('',#7154,0.4953);
#7154 = AXIS2_PLACEMENT_3D('',#7155,#7156,#7157);
#7155 = CARTESIAN_POINT('',(157.360852,-197.486713,-4.6E-02));
#7156 = DIRECTION('',(-0.,-0.,-1.));
#7157 = DIRECTION('',(-5.738281734385E-14,-1.,0.));
#7158 = ADVANCED_FACE('',(#7159),#7170,.F.);
#7159 = FACE_BOUND('',#7160,.T.);
#7160 = EDGE_LOOP('',(#7161,#7162,#7168,#7169));
#7161 = ORIENTED_EDGE('',*,*,#331,.T.);
#7162 = ORIENTED_EDGE('',*,*,#7163,.T.);
#7163 = EDGE_CURVE('',#332,#3657,#7164,.T.);
#7164 = LINE('',#7165,#7166);
#7165 = CARTESIAN_POINT('',(157.080852,-194.137613,-4.6E-02));
#7166 = VECTOR('',#7167,1.);
#7167 = DIRECTION('',(0.,0.,1.));
#7168 = ORIENTED_EDGE('',*,*,#3656,.F.);
#7169 = ORIENTED_EDGE('',*,*,#7163,.F.);
#7170 = CYLINDRICAL_SURFACE('',#7171,0.8509);
#7171 = AXIS2_PLACEMENT_3D('',#7172,#7173,#7174);
#7172 = CARTESIAN_POINT('',(157.080852,-193.286713,-4.6E-02));
#7173 = DIRECTION('',(-0.,-0.,-1.));
#7174 = DIRECTION('',(-0.,-1.,0.));
#7175 = ADVANCED_FACE('',(#7176),#7187,.F.);
#7176 = FACE_BOUND('',#7177,.T.);
#7177 = EDGE_LOOP('',(#7178,#7179,#7185,#7186));
#7178 = ORIENTED_EDGE('',*,*,#342,.T.);
#7179 = ORIENTED_EDGE('',*,*,#7180,.T.);
#7180 = EDGE_CURVE('',#343,#3668,#7181,.T.);
#7181 = LINE('',#7182,#7183);
#7182 = CARTESIAN_POINT('',(162.580852,-195.001213,-4.6E-02));
#7183 = VECTOR('',#7184,1.);
#7184 = DIRECTION('',(0.,0.,1.));
#7185 = ORIENTED_EDGE('',*,*,#3667,.F.);
#7186 = ORIENTED_EDGE('',*,*,#7180,.F.);
#7187 = CYLINDRICAL_SURFACE('',#7188,1.7145);
#7188 = AXIS2_PLACEMENT_3D('',#7189,#7190,#7191);
#7189 = CARTESIAN_POINT('',(162.580852,-193.286713,-4.6E-02));
#7190 = DIRECTION('',(-0.,-0.,-1.));
#7191 = DIRECTION('',(-0.,-1.,0.));
#7192 = ADVANCED_FACE('',(#7193),#7204,.F.);
#7193 = FACE_BOUND('',#7194,.T.);
#7194 = EDGE_LOOP('',(#7195,#7196,#7202,#7203));
#7195 = ORIENTED_EDGE('',*,*,#353,.T.);
#7196 = ORIENTED_EDGE('',*,*,#7197,.T.);
#7197 = EDGE_CURVE('',#354,#3679,#7198,.T.);
#7198 = LINE('',#7199,#7200);
#7199 = CARTESIAN_POINT('',(157.580852,-191.036713,-4.6E-02));
#7200 = VECTOR('',#7201,1.);
#7201 = DIRECTION('',(0.,0.,1.));
#7202 = ORIENTED_EDGE('',*,*,#3678,.F.);
#7203 = ORIENTED_EDGE('',*,*,#7197,.F.);
#7204 = CYLINDRICAL_SURFACE('',#7205,1.5);
#7205 = AXIS2_PLACEMENT_3D('',#7206,#7207,#7208);
#7206 = CARTESIAN_POINT('',(157.580852,-189.536713,-4.6E-02));
#7207 = DIRECTION('',(-0.,-0.,-1.));
#7208 = DIRECTION('',(-0.,-1.,0.));
#7209 = ADVANCED_FACE('',(#7210),#7221,.F.);
#7210 = FACE_BOUND('',#7211,.T.);
#7211 = EDGE_LOOP('',(#7212,#7213,#7219,#7220));
#7212 = ORIENTED_EDGE('',*,*,#364,.T.);
#7213 = ORIENTED_EDGE('',*,*,#7214,.T.);
#7214 = EDGE_CURVE('',#365,#3690,#7215,.T.);
#7215 = LINE('',#7216,#7217);
#7216 = CARTESIAN_POINT('',(167.800852,-197.982013,-4.6E-02));
#7217 = VECTOR('',#7218,1.);
#7218 = DIRECTION('',(0.,0.,1.));
#7219 = ORIENTED_EDGE('',*,*,#3689,.F.);
#7220 = ORIENTED_EDGE('',*,*,#7214,.F.);
#7221 = CYLINDRICAL_SURFACE('',#7222,0.4953);
#7222 = AXIS2_PLACEMENT_3D('',#7223,#7224,#7225);
#7223 = CARTESIAN_POINT('',(167.800852,-197.486713,-4.6E-02));
#7224 = DIRECTION('',(-0.,-0.,-1.));
#7225 = DIRECTION('',(-5.738281734385E-14,-1.,0.));
#7226 = ADVANCED_FACE('',(#7227),#7238,.F.);
#7227 = FACE_BOUND('',#7228,.T.);
#7228 = EDGE_LOOP('',(#7229,#7230,#7236,#7237));
#7229 = ORIENTED_EDGE('',*,*,#375,.T.);
#7230 = ORIENTED_EDGE('',*,*,#7231,.T.);
#7231 = EDGE_CURVE('',#376,#3701,#7232,.T.);
#7232 = LINE('',#7233,#7234);
#7233 = CARTESIAN_POINT('',(178.260852,-197.982013,-4.6E-02));
#7234 = VECTOR('',#7235,1.);
#7235 = DIRECTION('',(0.,0.,1.));
#7236 = ORIENTED_EDGE('',*,*,#3700,.F.);
#7237 = ORIENTED_EDGE('',*,*,#7231,.F.);
#7238 = CYLINDRICAL_SURFACE('',#7239,0.4953);
#7239 = AXIS2_PLACEMENT_3D('',#7240,#7241,#7242);
#7240 = CARTESIAN_POINT('',(178.260852,-197.486713,-4.6E-02));
#7241 = DIRECTION('',(-0.,-0.,-1.));
#7242 = DIRECTION('',(-0.,-1.,0.));
#7243 = ADVANCED_FACE('',(#7244),#7255,.F.);
#7244 = FACE_BOUND('',#7245,.T.);
#7245 = EDGE_LOOP('',(#7246,#7247,#7253,#7254));
#7246 = ORIENTED_EDGE('',*,*,#386,.T.);
#7247 = ORIENTED_EDGE('',*,*,#7248,.T.);
#7248 = EDGE_CURVE('',#387,#3712,#7249,.T.);
#7249 = LINE('',#7250,#7251);
#7250 = CARTESIAN_POINT('',(168.080852,-194.137613,-4.6E-02));
#7251 = VECTOR('',#7252,1.);
#7252 = DIRECTION('',(0.,0.,1.));
#7253 = ORIENTED_EDGE('',*,*,#3711,.F.);
#7254 = ORIENTED_EDGE('',*,*,#7248,.F.);
#7255 = CYLINDRICAL_SURFACE('',#7256,0.8509);
#7256 = AXIS2_PLACEMENT_3D('',#7257,#7258,#7259);
#7257 = CARTESIAN_POINT('',(168.080852,-193.286713,-4.6E-02));
#7258 = DIRECTION('',(-0.,-0.,-1.));
#7259 = DIRECTION('',(-0.,-1.,0.));
#7260 = ADVANCED_FACE('',(#7261),#7272,.F.);
#7261 = FACE_BOUND('',#7262,.T.);
#7262 = EDGE_LOOP('',(#7263,#7264,#7270,#7271));
#7263 = ORIENTED_EDGE('',*,*,#397,.T.);
#7264 = ORIENTED_EDGE('',*,*,#7265,.T.);
#7265 = EDGE_CURVE('',#398,#3723,#7266,.T.);
#7266 = LINE('',#7267,#7268);
#7267 = CARTESIAN_POINT('',(167.580852,-191.036713,-4.6E-02));
#7268 = VECTOR('',#7269,1.);
#7269 = DIRECTION('',(0.,0.,1.));
#7270 = ORIENTED_EDGE('',*,*,#3722,.F.);
#7271 = ORIENTED_EDGE('',*,*,#7265,.F.);
#7272 = CYLINDRICAL_SURFACE('',#7273,1.5);
#7273 = AXIS2_PLACEMENT_3D('',#7274,#7275,#7276);
#7274 = CARTESIAN_POINT('',(167.580852,-189.536713,-4.6E-02));
#7275 = DIRECTION('',(-0.,-0.,-1.));
#7276 = DIRECTION('',(-0.,-1.,0.));
#7277 = ADVANCED_FACE('',(#7278),#7289,.F.);
#7278 = FACE_BOUND('',#7279,.T.);
#7279 = EDGE_LOOP('',(#7280,#7281,#7287,#7288));
#7280 = ORIENTED_EDGE('',*,*,#408,.T.);
#7281 = ORIENTED_EDGE('',*,*,#7282,.T.);
#7282 = EDGE_CURVE('',#409,#3734,#7283,.T.);
#7283 = LINE('',#7284,#7285);
#7284 = CARTESIAN_POINT('',(177.980852,-194.137613,-4.6E-02));
#7285 = VECTOR('',#7286,1.);
#7286 = DIRECTION('',(0.,0.,1.));
#7287 = ORIENTED_EDGE('',*,*,#3733,.F.);
#7288 = ORIENTED_EDGE('',*,*,#7282,.F.);
#7289 = CYLINDRICAL_SURFACE('',#7290,0.8509);
#7290 = AXIS2_PLACEMENT_3D('',#7291,#7292,#7293);
#7291 = CARTESIAN_POINT('',(177.980852,-193.286713,-4.6E-02));
#7292 = DIRECTION('',(-0.,-0.,-1.));
#7293 = DIRECTION('',(-0.,-1.,0.));
#7294 = ADVANCED_FACE('',(#7295),#7306,.F.);
#7295 = FACE_BOUND('',#7296,.T.);
#7296 = EDGE_LOOP('',(#7297,#7298,#7304,#7305));
#7297 = ORIENTED_EDGE('',*,*,#419,.T.);
#7298 = ORIENTED_EDGE('',*,*,#7299,.T.);
#7299 = EDGE_CURVE('',#420,#3745,#7300,.T.);
#7300 = LINE('',#7301,#7302);
#7301 = CARTESIAN_POINT('',(178.480852,-191.036713,-4.6E-02));
#7302 = VECTOR('',#7303,1.);
#7303 = DIRECTION('',(0.,0.,1.));
#7304 = ORIENTED_EDGE('',*,*,#3744,.F.);
#7305 = ORIENTED_EDGE('',*,*,#7299,.F.);
#7306 = CYLINDRICAL_SURFACE('',#7307,1.5);
#7307 = AXIS2_PLACEMENT_3D('',#7308,#7309,#7310);
#7308 = CARTESIAN_POINT('',(178.480852,-189.536713,-4.6E-02));
#7309 = DIRECTION('',(-0.,-0.,-1.));
#7310 = DIRECTION('',(-0.,-1.,0.));
#7311 = ADVANCED_FACE('',(#7312),#7323,.F.);
#7312 = FACE_BOUND('',#7313,.T.);
#7313 = EDGE_LOOP('',(#7314,#7315,#7321,#7322));
#7314 = ORIENTED_EDGE('',*,*,#430,.T.);
#7315 = ORIENTED_EDGE('',*,*,#7316,.T.);
#7316 = EDGE_CURVE('',#431,#3756,#7317,.T.);
#7317 = LINE('',#7318,#7319);
#7318 = CARTESIAN_POINT('',(115.560852,-188.082013,-4.6E-02));
#7319 = VECTOR('',#7320,1.);
#7320 = DIRECTION('',(0.,0.,1.));
#7321 = ORIENTED_EDGE('',*,*,#3755,.F.);
#7322 = ORIENTED_EDGE('',*,*,#7316,.F.);
#7323 = CYLINDRICAL_SURFACE('',#7324,0.4953);
#7324 = AXIS2_PLACEMENT_3D('',#7325,#7326,#7327);
#7325 = CARTESIAN_POINT('',(115.560852,-187.586713,-4.6E-02));
#7326 = DIRECTION('',(-0.,-0.,-1.));
#7327 = DIRECTION('',(-0.,-1.,0.));
#7328 = ADVANCED_FACE('',(#7329),#7340,.F.);
#7329 = FACE_BOUND('',#7330,.T.);
#7330 = EDGE_LOOP('',(#7331,#7332,#7338,#7339));
#7331 = ORIENTED_EDGE('',*,*,#441,.T.);
#7332 = ORIENTED_EDGE('',*,*,#7333,.T.);
#7333 = EDGE_CURVE('',#442,#3767,#7334,.T.);
#7334 = LINE('',#7335,#7336);
#7335 = CARTESIAN_POINT('',(115.280852,-184.237613,-4.6E-02));
#7336 = VECTOR('',#7337,1.);
#7337 = DIRECTION('',(0.,0.,1.));
#7338 = ORIENTED_EDGE('',*,*,#3766,.F.);
#7339 = ORIENTED_EDGE('',*,*,#7333,.F.);
#7340 = CYLINDRICAL_SURFACE('',#7341,0.8509);
#7341 = AXIS2_PLACEMENT_3D('',#7342,#7343,#7344);
#7342 = CARTESIAN_POINT('',(115.280852,-183.386713,-4.6E-02));
#7343 = DIRECTION('',(-0.,-0.,-1.));
#7344 = DIRECTION('',(-1.670096922694E-14,-1.,0.));
#7345 = ADVANCED_FACE('',(#7346),#7357,.F.);
#7346 = FACE_BOUND('',#7347,.T.);
#7347 = EDGE_LOOP('',(#7348,#7349,#7355,#7356));
#7348 = ORIENTED_EDGE('',*,*,#452,.T.);
#7349 = ORIENTED_EDGE('',*,*,#7350,.T.);
#7350 = EDGE_CURVE('',#453,#3778,#7351,.T.);
#7351 = LINE('',#7352,#7353);
#7352 = CARTESIAN_POINT('',(120.780852,-185.101213,-4.6E-02));
#7353 = VECTOR('',#7354,1.);
#7354 = DIRECTION('',(0.,0.,1.));
#7355 = ORIENTED_EDGE('',*,*,#3777,.F.);
#7356 = ORIENTED_EDGE('',*,*,#7350,.F.);
#7357 = CYLINDRICAL_SURFACE('',#7358,1.7145);
#7358 = AXIS2_PLACEMENT_3D('',#7359,#7360,#7361);
#7359 = CARTESIAN_POINT('',(120.780852,-183.386713,-4.6E-02));
#7360 = DIRECTION('',(-0.,-0.,-1.));
#7361 = DIRECTION('',(-0.,-1.,0.));
#7362 = ADVANCED_FACE('',(#7363),#7374,.F.);
#7363 = FACE_BOUND('',#7364,.T.);
#7364 = EDGE_LOOP('',(#7365,#7366,#7372,#7373));
#7365 = ORIENTED_EDGE('',*,*,#463,.T.);
#7366 = ORIENTED_EDGE('',*,*,#7367,.T.);
#7367 = EDGE_CURVE('',#464,#3789,#7368,.T.);
#7368 = LINE('',#7369,#7370);
#7369 = CARTESIAN_POINT('',(126.000852,-188.082013,-4.6E-02));
#7370 = VECTOR('',#7371,1.);
#7371 = DIRECTION('',(0.,0.,1.));
#7372 = ORIENTED_EDGE('',*,*,#3788,.F.);
#7373 = ORIENTED_EDGE('',*,*,#7367,.F.);
#7374 = CYLINDRICAL_SURFACE('',#7375,0.4953);
#7375 = AXIS2_PLACEMENT_3D('',#7376,#7377,#7378);
#7376 = CARTESIAN_POINT('',(126.000852,-187.586713,-4.6E-02));
#7377 = DIRECTION('',(-0.,-0.,-1.));
#7378 = DIRECTION('',(-0.,-1.,0.));
#7379 = ADVANCED_FACE('',(#7380),#7391,.F.);
#7380 = FACE_BOUND('',#7381,.T.);
#7381 = EDGE_LOOP('',(#7382,#7383,#7389,#7390));
#7382 = ORIENTED_EDGE('',*,*,#474,.T.);
#7383 = ORIENTED_EDGE('',*,*,#7384,.T.);
#7384 = EDGE_CURVE('',#475,#3800,#7385,.T.);
#7385 = LINE('',#7386,#7387);
#7386 = CARTESIAN_POINT('',(126.280852,-184.237613,-4.6E-02));
#7387 = VECTOR('',#7388,1.);
#7388 = DIRECTION('',(0.,0.,1.));
#7389 = ORIENTED_EDGE('',*,*,#3799,.F.);
#7390 = ORIENTED_EDGE('',*,*,#7384,.F.);
#7391 = CYLINDRICAL_SURFACE('',#7392,0.8509);
#7392 = AXIS2_PLACEMENT_3D('',#7393,#7394,#7395);
#7393 = CARTESIAN_POINT('',(126.280852,-183.386713,-4.6E-02));
#7394 = DIRECTION('',(-0.,-0.,-1.));
#7395 = DIRECTION('',(-1.670096922694E-14,-1.,0.));
#7396 = ADVANCED_FACE('',(#7397),#7408,.F.);
#7397 = FACE_BOUND('',#7398,.T.);
#7398 = EDGE_LOOP('',(#7399,#7400,#7406,#7407));
#7399 = ORIENTED_EDGE('',*,*,#485,.T.);
#7400 = ORIENTED_EDGE('',*,*,#7401,.T.);
#7401 = EDGE_CURVE('',#486,#3811,#7402,.T.);
#7402 = LINE('',#7403,#7404);
#7403 = CARTESIAN_POINT('',(115.780852,-181.136713,-4.6E-02));
#7404 = VECTOR('',#7405,1.);
#7405 = DIRECTION('',(0.,0.,1.));
#7406 = ORIENTED_EDGE('',*,*,#3810,.F.);
#7407 = ORIENTED_EDGE('',*,*,#7401,.F.);
#7408 = CYLINDRICAL_SURFACE('',#7409,1.5);
#7409 = AXIS2_PLACEMENT_3D('',#7410,#7411,#7412);
#7410 = CARTESIAN_POINT('',(115.780852,-179.636713,-4.6E-02));
#7411 = DIRECTION('',(-0.,-0.,-1.));
#7412 = DIRECTION('',(-0.,-1.,0.));
#7413 = ADVANCED_FACE('',(#7414),#7425,.F.);
#7414 = FACE_BOUND('',#7415,.T.);
#7415 = EDGE_LOOP('',(#7416,#7417,#7423,#7424));
#7416 = ORIENTED_EDGE('',*,*,#496,.T.);
#7417 = ORIENTED_EDGE('',*,*,#7418,.T.);
#7418 = EDGE_CURVE('',#497,#3822,#7419,.T.);
#7419 = LINE('',#7420,#7421);
#7420 = CARTESIAN_POINT('',(120.780852,-178.936713,-4.6E-02));
#7421 = VECTOR('',#7422,1.);
#7422 = DIRECTION('',(0.,0.,1.));
#7423 = ORIENTED_EDGE('',*,*,#3821,.F.);
#7424 = ORIENTED_EDGE('',*,*,#7418,.F.);
#7425 = CYLINDRICAL_SURFACE('',#7426,1.5);
#7426 = AXIS2_PLACEMENT_3D('',#7427,#7428,#7429);
#7427 = CARTESIAN_POINT('',(120.780852,-177.436713,-4.6E-02));
#7428 = DIRECTION('',(-0.,-0.,-1.));
#7429 = DIRECTION('',(-0.,-1.,0.));
#7430 = ADVANCED_FACE('',(#7431),#7442,.F.);
#7431 = FACE_BOUND('',#7432,.T.);
#7432 = EDGE_LOOP('',(#7433,#7434,#7440,#7441));
#7433 = ORIENTED_EDGE('',*,*,#507,.T.);
#7434 = ORIENTED_EDGE('',*,*,#7435,.T.);
#7435 = EDGE_CURVE('',#508,#3833,#7436,.T.);
#7436 = LINE('',#7437,#7438);
#7437 = CARTESIAN_POINT('',(125.780852,-181.136713,-4.6E-02));
#7438 = VECTOR('',#7439,1.);
#7439 = DIRECTION('',(0.,0.,1.));
#7440 = ORIENTED_EDGE('',*,*,#3832,.F.);
#7441 = ORIENTED_EDGE('',*,*,#7435,.F.);
#7442 = CYLINDRICAL_SURFACE('',#7443,1.5);
#7443 = AXIS2_PLACEMENT_3D('',#7444,#7445,#7446);
#7444 = CARTESIAN_POINT('',(125.780852,-179.636713,-4.6E-02));
#7445 = DIRECTION('',(-0.,-0.,-1.));
#7446 = DIRECTION('',(-0.,-1.,0.));
#7447 = ADVANCED_FACE('',(#7448),#7459,.F.);
#7448 = FACE_BOUND('',#7449,.T.);
#7449 = EDGE_LOOP('',(#7450,#7451,#7457,#7458));
#7450 = ORIENTED_EDGE('',*,*,#518,.T.);
#7451 = ORIENTED_EDGE('',*,*,#7452,.T.);
#7452 = EDGE_CURVE('',#519,#3844,#7453,.T.);
#7453 = LINE('',#7454,#7455);
#7454 = CARTESIAN_POINT('',(134.560852,-188.082013,-4.6E-02));
#7455 = VECTOR('',#7456,1.);
#7456 = DIRECTION('',(0.,0.,1.));
#7457 = ORIENTED_EDGE('',*,*,#3843,.F.);
#7458 = ORIENTED_EDGE('',*,*,#7452,.F.);
#7459 = CYLINDRICAL_SURFACE('',#7460,0.4953);
#7460 = AXIS2_PLACEMENT_3D('',#7461,#7462,#7463);
#7461 = CARTESIAN_POINT('',(134.560852,-187.586713,-4.6E-02));
#7462 = DIRECTION('',(-0.,-0.,-1.));
#7463 = DIRECTION('',(-0.,-1.,0.));
#7464 = ADVANCED_FACE('',(#7465),#7476,.F.);
#7465 = FACE_BOUND('',#7466,.T.);
#7466 = EDGE_LOOP('',(#7467,#7468,#7474,#7475));
#7467 = ORIENTED_EDGE('',*,*,#529,.T.);
#7468 = ORIENTED_EDGE('',*,*,#7469,.T.);
#7469 = EDGE_CURVE('',#530,#3855,#7470,.T.);
#7470 = LINE('',#7471,#7472);
#7471 = CARTESIAN_POINT('',(134.280852,-184.237613,-4.6E-02));
#7472 = VECTOR('',#7473,1.);
#7473 = DIRECTION('',(0.,0.,1.));
#7474 = ORIENTED_EDGE('',*,*,#3854,.F.);
#7475 = ORIENTED_EDGE('',*,*,#7469,.F.);
#7476 = CYLINDRICAL_SURFACE('',#7477,0.8509);
#7477 = AXIS2_PLACEMENT_3D('',#7478,#7479,#7480);
#7478 = CARTESIAN_POINT('',(134.280852,-183.386713,-4.6E-02));
#7479 = DIRECTION('',(-0.,0.,-1.));
#7480 = DIRECTION('',(3.340193845388E-14,-1.,-0.));
#7481 = ADVANCED_FACE('',(#7482),#7493,.F.);
#7482 = FACE_BOUND('',#7483,.T.);
#7483 = EDGE_LOOP('',(#7484,#7485,#7491,#7492));
#7484 = ORIENTED_EDGE('',*,*,#540,.T.);
#7485 = ORIENTED_EDGE('',*,*,#7486,.T.);
#7486 = EDGE_CURVE('',#541,#3866,#7487,.T.);
#7487 = LINE('',#7488,#7489);
#7488 = CARTESIAN_POINT('',(139.780852,-185.101213,-4.6E-02));
#7489 = VECTOR('',#7490,1.);
#7490 = DIRECTION('',(0.,0.,1.));
#7491 = ORIENTED_EDGE('',*,*,#3865,.F.);
#7492 = ORIENTED_EDGE('',*,*,#7486,.F.);
#7493 = CYLINDRICAL_SURFACE('',#7494,1.7145);
#7494 = AXIS2_PLACEMENT_3D('',#7495,#7496,#7497);
#7495 = CARTESIAN_POINT('',(139.780852,-183.386713,-4.6E-02));
#7496 = DIRECTION('',(-0.,0.,-1.));
#7497 = DIRECTION('',(1.657725834378E-14,-1.,-0.));
#7498 = ADVANCED_FACE('',(#7499),#7510,.F.);
#7499 = FACE_BOUND('',#7500,.T.);
#7500 = EDGE_LOOP('',(#7501,#7502,#7508,#7509));
#7501 = ORIENTED_EDGE('',*,*,#551,.T.);
#7502 = ORIENTED_EDGE('',*,*,#7503,.T.);
#7503 = EDGE_CURVE('',#552,#3877,#7504,.T.);
#7504 = LINE('',#7505,#7506);
#7505 = CARTESIAN_POINT('',(145.000852,-188.082013,-4.6E-02));
#7506 = VECTOR('',#7507,1.);
#7507 = DIRECTION('',(0.,0.,1.));
#7508 = ORIENTED_EDGE('',*,*,#3876,.F.);
#7509 = ORIENTED_EDGE('',*,*,#7503,.F.);
#7510 = CYLINDRICAL_SURFACE('',#7511,0.4953);
#7511 = AXIS2_PLACEMENT_3D('',#7512,#7513,#7514);
#7512 = CARTESIAN_POINT('',(145.000852,-187.586713,-4.6E-02));
#7513 = DIRECTION('',(-0.,-0.,-1.));
#7514 = DIRECTION('',(-0.,-1.,0.));
#7515 = ADVANCED_FACE('',(#7516),#7527,.F.);
#7516 = FACE_BOUND('',#7517,.T.);
#7517 = EDGE_LOOP('',(#7518,#7519,#7525,#7526));
#7518 = ORIENTED_EDGE('',*,*,#562,.T.);
#7519 = ORIENTED_EDGE('',*,*,#7520,.T.);
#7520 = EDGE_CURVE('',#563,#3888,#7521,.T.);
#7521 = LINE('',#7522,#7523);
#7522 = CARTESIAN_POINT('',(145.280852,-184.237613,-4.6E-02));
#7523 = VECTOR('',#7524,1.);
#7524 = DIRECTION('',(0.,0.,1.));
#7525 = ORIENTED_EDGE('',*,*,#3887,.F.);
#7526 = ORIENTED_EDGE('',*,*,#7520,.F.);
#7527 = CYLINDRICAL_SURFACE('',#7528,0.8509);
#7528 = AXIS2_PLACEMENT_3D('',#7529,#7530,#7531);
#7529 = CARTESIAN_POINT('',(145.280852,-183.386713,-4.6E-02));
#7530 = DIRECTION('',(-0.,0.,-1.));
#7531 = DIRECTION('',(3.340193845388E-14,-1.,-0.));
#7532 = ADVANCED_FACE('',(#7533),#7544,.F.);
#7533 = FACE_BOUND('',#7534,.T.);
#7534 = EDGE_LOOP('',(#7535,#7536,#7542,#7543));
#7535 = ORIENTED_EDGE('',*,*,#573,.T.);
#7536 = ORIENTED_EDGE('',*,*,#7537,.T.);
#7537 = EDGE_CURVE('',#574,#3899,#7538,.T.);
#7538 = LINE('',#7539,#7540);
#7539 = CARTESIAN_POINT('',(134.780852,-181.136713,-4.6E-02));
#7540 = VECTOR('',#7541,1.);
#7541 = DIRECTION('',(0.,0.,1.));
#7542 = ORIENTED_EDGE('',*,*,#3898,.F.);
#7543 = ORIENTED_EDGE('',*,*,#7537,.F.);
#7544 = CYLINDRICAL_SURFACE('',#7545,1.5);
#7545 = AXIS2_PLACEMENT_3D('',#7546,#7547,#7548);
#7546 = CARTESIAN_POINT('',(134.780852,-179.636713,-4.6E-02));
#7547 = DIRECTION('',(-0.,-0.,-1.));
#7548 = DIRECTION('',(-0.,-1.,0.));
#7549 = ADVANCED_FACE('',(#7550),#7561,.F.);
#7550 = FACE_BOUND('',#7551,.T.);
#7551 = EDGE_LOOP('',(#7552,#7553,#7559,#7560));
#7552 = ORIENTED_EDGE('',*,*,#584,.T.);
#7553 = ORIENTED_EDGE('',*,*,#7554,.T.);
#7554 = EDGE_CURVE('',#585,#3910,#7555,.T.);
#7555 = LINE('',#7556,#7557);
#7556 = CARTESIAN_POINT('',(139.780852,-178.936713,-4.6E-02));
#7557 = VECTOR('',#7558,1.);
#7558 = DIRECTION('',(0.,0.,1.));
#7559 = ORIENTED_EDGE('',*,*,#3909,.F.);
#7560 = ORIENTED_EDGE('',*,*,#7554,.F.);
#7561 = CYLINDRICAL_SURFACE('',#7562,1.5);
#7562 = AXIS2_PLACEMENT_3D('',#7563,#7564,#7565);
#7563 = CARTESIAN_POINT('',(139.780852,-177.436713,-4.6E-02));
#7564 = DIRECTION('',(-0.,-0.,-1.));
#7565 = DIRECTION('',(-0.,-1.,0.));
#7566 = ADVANCED_FACE('',(#7567),#7578,.F.);
#7567 = FACE_BOUND('',#7568,.T.);
#7568 = EDGE_LOOP('',(#7569,#7570,#7576,#7577));
#7569 = ORIENTED_EDGE('',*,*,#595,.T.);
#7570 = ORIENTED_EDGE('',*,*,#7571,.T.);
#7571 = EDGE_CURVE('',#596,#3921,#7572,.T.);
#7572 = LINE('',#7573,#7574);
#7573 = CARTESIAN_POINT('',(144.780852,-181.136713,-4.6E-02));
#7574 = VECTOR('',#7575,1.);
#7575 = DIRECTION('',(0.,0.,1.));
#7576 = ORIENTED_EDGE('',*,*,#3920,.F.);
#7577 = ORIENTED_EDGE('',*,*,#7571,.F.);
#7578 = CYLINDRICAL_SURFACE('',#7579,1.5);
#7579 = AXIS2_PLACEMENT_3D('',#7580,#7581,#7582);
#7580 = CARTESIAN_POINT('',(144.780852,-179.636713,-4.6E-02));
#7581 = DIRECTION('',(-0.,-0.,-1.));
#7582 = DIRECTION('',(-0.,-1.,0.));
#7583 = ADVANCED_FACE('',(#7584),#7595,.F.);
#7584 = FACE_BOUND('',#7585,.T.);
#7585 = EDGE_LOOP('',(#7586,#7587,#7593,#7594));
#7586 = ORIENTED_EDGE('',*,*,#606,.T.);
#7587 = ORIENTED_EDGE('',*,*,#7588,.T.);
#7588 = EDGE_CURVE('',#607,#3932,#7589,.T.);
#7589 = LINE('',#7590,#7591);
#7590 = CARTESIAN_POINT('',(115.560852,-169.082013,-4.6E-02));
#7591 = VECTOR('',#7592,1.);
#7592 = DIRECTION('',(0.,0.,1.));
#7593 = ORIENTED_EDGE('',*,*,#3931,.F.);
#7594 = ORIENTED_EDGE('',*,*,#7588,.F.);
#7595 = CYLINDRICAL_SURFACE('',#7596,0.4953);
#7596 = AXIS2_PLACEMENT_3D('',#7597,#7598,#7599);
#7597 = CARTESIAN_POINT('',(115.560852,-168.586713,-4.6E-02));
#7598 = DIRECTION('',(-0.,-0.,-1.));
#7599 = DIRECTION('',(-0.,-1.,0.));
#7600 = ADVANCED_FACE('',(#7601),#7612,.F.);
#7601 = FACE_BOUND('',#7602,.T.);
#7602 = EDGE_LOOP('',(#7603,#7604,#7610,#7611));
#7603 = ORIENTED_EDGE('',*,*,#617,.T.);
#7604 = ORIENTED_EDGE('',*,*,#7605,.T.);
#7605 = EDGE_CURVE('',#618,#3943,#7606,.T.);
#7606 = LINE('',#7607,#7608);
#7607 = CARTESIAN_POINT('',(126.000852,-169.082013,-4.6E-02));
#7608 = VECTOR('',#7609,1.);
#7609 = DIRECTION('',(0.,0.,1.));
#7610 = ORIENTED_EDGE('',*,*,#3942,.F.);
#7611 = ORIENTED_EDGE('',*,*,#7605,.F.);
#7612 = CYLINDRICAL_SURFACE('',#7613,0.4953);
#7613 = AXIS2_PLACEMENT_3D('',#7614,#7615,#7616);
#7614 = CARTESIAN_POINT('',(126.000852,-168.586713,-4.6E-02));
#7615 = DIRECTION('',(-0.,-0.,-1.));
#7616 = DIRECTION('',(-0.,-1.,0.));
#7617 = ADVANCED_FACE('',(#7618),#7629,.F.);
#7618 = FACE_BOUND('',#7619,.T.);
#7619 = EDGE_LOOP('',(#7620,#7621,#7627,#7628));
#7620 = ORIENTED_EDGE('',*,*,#628,.T.);
#7621 = ORIENTED_EDGE('',*,*,#7622,.T.);
#7622 = EDGE_CURVE('',#629,#3954,#7623,.T.);
#7623 = LINE('',#7624,#7625);
#7624 = CARTESIAN_POINT('',(115.280852,-165.237613,-4.6E-02));
#7625 = VECTOR('',#7626,1.);
#7626 = DIRECTION('',(0.,0.,1.));
#7627 = ORIENTED_EDGE('',*,*,#3953,.F.);
#7628 = ORIENTED_EDGE('',*,*,#7622,.F.);
#7629 = CYLINDRICAL_SURFACE('',#7630,0.8509);
#7630 = AXIS2_PLACEMENT_3D('',#7631,#7632,#7633);
#7631 = CARTESIAN_POINT('',(115.280852,-164.386713,-4.6E-02));
#7632 = DIRECTION('',(-0.,-0.,-1.));
#7633 = DIRECTION('',(-1.670096922694E-14,-1.,0.));
#7634 = ADVANCED_FACE('',(#7635),#7646,.F.);
#7635 = FACE_BOUND('',#7636,.T.);
#7636 = EDGE_LOOP('',(#7637,#7638,#7644,#7645));
#7637 = ORIENTED_EDGE('',*,*,#639,.T.);
#7638 = ORIENTED_EDGE('',*,*,#7639,.T.);
#7639 = EDGE_CURVE('',#640,#3965,#7640,.T.);
#7640 = LINE('',#7641,#7642);
#7641 = CARTESIAN_POINT('',(120.780852,-166.101213,-4.6E-02));
#7642 = VECTOR('',#7643,1.);
#7643 = DIRECTION('',(0.,0.,1.));
#7644 = ORIENTED_EDGE('',*,*,#3964,.F.);
#7645 = ORIENTED_EDGE('',*,*,#7639,.F.);
#7646 = CYLINDRICAL_SURFACE('',#7647,1.7145);
#7647 = AXIS2_PLACEMENT_3D('',#7648,#7649,#7650);
#7648 = CARTESIAN_POINT('',(120.780852,-164.386713,-4.6E-02));
#7649 = DIRECTION('',(-0.,-0.,-1.));
#7650 = DIRECTION('',(-0.,-1.,0.));
#7651 = ADVANCED_FACE('',(#7652),#7663,.F.);
#7652 = FACE_BOUND('',#7653,.T.);
#7653 = EDGE_LOOP('',(#7654,#7655,#7661,#7662));
#7654 = ORIENTED_EDGE('',*,*,#650,.T.);
#7655 = ORIENTED_EDGE('',*,*,#7656,.T.);
#7656 = EDGE_CURVE('',#651,#3976,#7657,.T.);
#7657 = LINE('',#7658,#7659);
#7658 = CARTESIAN_POINT('',(115.780852,-162.136713,-4.6E-02));
#7659 = VECTOR('',#7660,1.);
#7660 = DIRECTION('',(0.,0.,1.));
#7661 = ORIENTED_EDGE('',*,*,#3975,.F.);
#7662 = ORIENTED_EDGE('',*,*,#7656,.F.);
#7663 = CYLINDRICAL_SURFACE('',#7664,1.5);
#7664 = AXIS2_PLACEMENT_3D('',#7665,#7666,#7667);
#7665 = CARTESIAN_POINT('',(115.780852,-160.636713,-4.6E-02));
#7666 = DIRECTION('',(-0.,-0.,-1.));
#7667 = DIRECTION('',(-0.,-1.,0.));
#7668 = ADVANCED_FACE('',(#7669),#7680,.F.);
#7669 = FACE_BOUND('',#7670,.T.);
#7670 = EDGE_LOOP('',(#7671,#7672,#7678,#7679));
#7671 = ORIENTED_EDGE('',*,*,#661,.T.);
#7672 = ORIENTED_EDGE('',*,*,#7673,.T.);
#7673 = EDGE_CURVE('',#662,#3987,#7674,.T.);
#7674 = LINE('',#7675,#7676);
#7675 = CARTESIAN_POINT('',(126.280852,-165.237613,-4.6E-02));
#7676 = VECTOR('',#7677,1.);
#7677 = DIRECTION('',(0.,0.,1.));
#7678 = ORIENTED_EDGE('',*,*,#3986,.F.);
#7679 = ORIENTED_EDGE('',*,*,#7673,.F.);
#7680 = CYLINDRICAL_SURFACE('',#7681,0.8509);
#7681 = AXIS2_PLACEMENT_3D('',#7682,#7683,#7684);
#7682 = CARTESIAN_POINT('',(126.280852,-164.386713,-4.6E-02));
#7683 = DIRECTION('',(-0.,-0.,-1.));
#7684 = DIRECTION('',(-1.670096922694E-14,-1.,0.));
#7685 = ADVANCED_FACE('',(#7686),#7697,.F.);
#7686 = FACE_BOUND('',#7687,.T.);
#7687 = EDGE_LOOP('',(#7688,#7689,#7695,#7696));
#7688 = ORIENTED_EDGE('',*,*,#672,.T.);
#7689 = ORIENTED_EDGE('',*,*,#7690,.T.);
#7690 = EDGE_CURVE('',#673,#3998,#7691,.T.);
#7691 = LINE('',#7692,#7693);
#7692 = CARTESIAN_POINT('',(125.780852,-162.136713,-4.6E-02));
#7693 = VECTOR('',#7694,1.);
#7694 = DIRECTION('',(0.,0.,1.));
#7695 = ORIENTED_EDGE('',*,*,#3997,.F.);
#7696 = ORIENTED_EDGE('',*,*,#7690,.F.);
#7697 = CYLINDRICAL_SURFACE('',#7698,1.5);
#7698 = AXIS2_PLACEMENT_3D('',#7699,#7700,#7701);
#7699 = CARTESIAN_POINT('',(125.780852,-160.636713,-4.6E-02));
#7700 = DIRECTION('',(-0.,-0.,-1.));
#7701 = DIRECTION('',(-0.,-1.,0.));
#7702 = ADVANCED_FACE('',(#7703),#7714,.F.);
#7703 = FACE_BOUND('',#7704,.T.);
#7704 = EDGE_LOOP('',(#7705,#7706,#7712,#7713));
#7705 = ORIENTED_EDGE('',*,*,#683,.T.);
#7706 = ORIENTED_EDGE('',*,*,#7707,.T.);
#7707 = EDGE_CURVE('',#684,#4009,#7708,.T.);
#7708 = LINE('',#7709,#7710);
#7709 = CARTESIAN_POINT('',(134.560852,-169.082013,-4.6E-02));
#7710 = VECTOR('',#7711,1.);
#7711 = DIRECTION('',(0.,0.,1.));
#7712 = ORIENTED_EDGE('',*,*,#4008,.F.);
#7713 = ORIENTED_EDGE('',*,*,#7707,.F.);
#7714 = CYLINDRICAL_SURFACE('',#7715,0.4953);
#7715 = AXIS2_PLACEMENT_3D('',#7716,#7717,#7718);
#7716 = CARTESIAN_POINT('',(134.560852,-168.586713,-4.6E-02));
#7717 = DIRECTION('',(-0.,-0.,-1.));
#7718 = DIRECTION('',(-0.,-1.,0.));
#7719 = ADVANCED_FACE('',(#7720),#7731,.F.);
#7720 = FACE_BOUND('',#7721,.T.);
#7721 = EDGE_LOOP('',(#7722,#7723,#7729,#7730));
#7722 = ORIENTED_EDGE('',*,*,#694,.T.);
#7723 = ORIENTED_EDGE('',*,*,#7724,.T.);
#7724 = EDGE_CURVE('',#695,#4020,#7725,.T.);
#7725 = LINE('',#7726,#7727);
#7726 = CARTESIAN_POINT('',(145.000852,-169.082013,-4.6E-02));
#7727 = VECTOR('',#7728,1.);
#7728 = DIRECTION('',(0.,0.,1.));
#7729 = ORIENTED_EDGE('',*,*,#4019,.F.);
#7730 = ORIENTED_EDGE('',*,*,#7724,.F.);
#7731 = CYLINDRICAL_SURFACE('',#7732,0.4953);
#7732 = AXIS2_PLACEMENT_3D('',#7733,#7734,#7735);
#7733 = CARTESIAN_POINT('',(145.000852,-168.586713,-4.6E-02));
#7734 = DIRECTION('',(-0.,-0.,-1.));
#7735 = DIRECTION('',(-0.,-1.,0.));
#7736 = ADVANCED_FACE('',(#7737),#7748,.F.);
#7737 = FACE_BOUND('',#7738,.T.);
#7738 = EDGE_LOOP('',(#7739,#7740,#7746,#7747));
#7739 = ORIENTED_EDGE('',*,*,#705,.T.);
#7740 = ORIENTED_EDGE('',*,*,#7741,.T.);
#7741 = EDGE_CURVE('',#706,#4031,#7742,.T.);
#7742 = LINE('',#7743,#7744);
#7743 = CARTESIAN_POINT('',(134.280852,-165.237613,-4.6E-02));
#7744 = VECTOR('',#7745,1.);
#7745 = DIRECTION('',(0.,0.,1.));
#7746 = ORIENTED_EDGE('',*,*,#4030,.F.);
#7747 = ORIENTED_EDGE('',*,*,#7741,.F.);
#7748 = CYLINDRICAL_SURFACE('',#7749,0.8509);
#7749 = AXIS2_PLACEMENT_3D('',#7750,#7751,#7752);
#7750 = CARTESIAN_POINT('',(134.280852,-164.386713,-4.6E-02));
#7751 = DIRECTION('',(-0.,0.,-1.));
#7752 = DIRECTION('',(3.340193845388E-14,-1.,-0.));
#7753 = ADVANCED_FACE('',(#7754),#7765,.F.);
#7754 = FACE_BOUND('',#7755,.T.);
#7755 = EDGE_LOOP('',(#7756,#7757,#7763,#7764));
#7756 = ORIENTED_EDGE('',*,*,#716,.T.);
#7757 = ORIENTED_EDGE('',*,*,#7758,.T.);
#7758 = EDGE_CURVE('',#717,#4042,#7759,.T.);
#7759 = LINE('',#7760,#7761);
#7760 = CARTESIAN_POINT('',(139.780852,-166.101213,-4.6E-02));
#7761 = VECTOR('',#7762,1.);
#7762 = DIRECTION('',(0.,0.,1.));
#7763 = ORIENTED_EDGE('',*,*,#4041,.F.);
#7764 = ORIENTED_EDGE('',*,*,#7758,.F.);
#7765 = CYLINDRICAL_SURFACE('',#7766,1.7145);
#7766 = AXIS2_PLACEMENT_3D('',#7767,#7768,#7769);
#7767 = CARTESIAN_POINT('',(139.780852,-164.386713,-4.6E-02));
#7768 = DIRECTION('',(-0.,0.,-1.));
#7769 = DIRECTION('',(1.657725834378E-14,-1.,-0.));
#7770 = ADVANCED_FACE('',(#7771),#7782,.F.);
#7771 = FACE_BOUND('',#7772,.T.);
#7772 = EDGE_LOOP('',(#7773,#7774,#7780,#7781));
#7773 = ORIENTED_EDGE('',*,*,#727,.T.);
#7774 = ORIENTED_EDGE('',*,*,#7775,.T.);
#7775 = EDGE_CURVE('',#728,#4053,#7776,.T.);
#7776 = LINE('',#7777,#7778);
#7777 = CARTESIAN_POINT('',(134.780852,-162.136713,-4.6E-02));
#7778 = VECTOR('',#7779,1.);
#7779 = DIRECTION('',(0.,0.,1.));
#7780 = ORIENTED_EDGE('',*,*,#4052,.F.);
#7781 = ORIENTED_EDGE('',*,*,#7775,.F.);
#7782 = CYLINDRICAL_SURFACE('',#7783,1.5);
#7783 = AXIS2_PLACEMENT_3D('',#7784,#7785,#7786);
#7784 = CARTESIAN_POINT('',(134.780852,-160.636713,-4.6E-02));
#7785 = DIRECTION('',(-0.,-0.,-1.));
#7786 = DIRECTION('',(-0.,-1.,0.));
#7787 = ADVANCED_FACE('',(#7788),#7799,.F.);
#7788 = FACE_BOUND('',#7789,.T.);
#7789 = EDGE_LOOP('',(#7790,#7791,#7797,#7798));
#7790 = ORIENTED_EDGE('',*,*,#738,.T.);
#7791 = ORIENTED_EDGE('',*,*,#7792,.T.);
#7792 = EDGE_CURVE('',#739,#4064,#7793,.T.);
#7793 = LINE('',#7794,#7795);
#7794 = CARTESIAN_POINT('',(145.280852,-165.237613,-4.6E-02));
#7795 = VECTOR('',#7796,1.);
#7796 = DIRECTION('',(0.,0.,1.));
#7797 = ORIENTED_EDGE('',*,*,#4063,.F.);
#7798 = ORIENTED_EDGE('',*,*,#7792,.F.);
#7799 = CYLINDRICAL_SURFACE('',#7800,0.8509);
#7800 = AXIS2_PLACEMENT_3D('',#7801,#7802,#7803);
#7801 = CARTESIAN_POINT('',(145.280852,-164.386713,-4.6E-02));
#7802 = DIRECTION('',(-0.,0.,-1.));
#7803 = DIRECTION('',(3.340193845388E-14,-1.,-0.));
#7804 = ADVANCED_FACE('',(#7805),#7816,.F.);
#7805 = FACE_BOUND('',#7806,.T.);
#7806 = EDGE_LOOP('',(#7807,#7808,#7814,#7815));
#7807 = ORIENTED_EDGE('',*,*,#749,.T.);
#7808 = ORIENTED_EDGE('',*,*,#7809,.T.);
#7809 = EDGE_CURVE('',#750,#4075,#7810,.T.);
#7810 = LINE('',#7811,#7812);
#7811 = CARTESIAN_POINT('',(144.780852,-162.136713,-4.6E-02));
#7812 = VECTOR('',#7813,1.);
#7813 = DIRECTION('',(0.,0.,1.));
#7814 = ORIENTED_EDGE('',*,*,#4074,.F.);
#7815 = ORIENTED_EDGE('',*,*,#7809,.F.);
#7816 = CYLINDRICAL_SURFACE('',#7817,1.5);
#7817 = AXIS2_PLACEMENT_3D('',#7818,#7819,#7820);
#7818 = CARTESIAN_POINT('',(144.780852,-160.636713,-4.6E-02));
#7819 = DIRECTION('',(-0.,-0.,-1.));
#7820 = DIRECTION('',(-0.,-1.,0.));
#7821 = ADVANCED_FACE('',(#7822),#7833,.F.);
#7822 = FACE_BOUND('',#7823,.T.);
#7823 = EDGE_LOOP('',(#7824,#7825,#7831,#7832));
#7824 = ORIENTED_EDGE('',*,*,#760,.T.);
#7825 = ORIENTED_EDGE('',*,*,#7826,.T.);
#7826 = EDGE_CURVE('',#761,#4086,#7827,.T.);
#7827 = LINE('',#7828,#7829);
#7828 = CARTESIAN_POINT('',(162.580852,-188.836713,-4.6E-02));
#7829 = VECTOR('',#7830,1.);
#7830 = DIRECTION('',(0.,0.,1.));
#7831 = ORIENTED_EDGE('',*,*,#4085,.F.);
#7832 = ORIENTED_EDGE('',*,*,#7826,.F.);
#7833 = CYLINDRICAL_SURFACE('',#7834,1.5);
#7834 = AXIS2_PLACEMENT_3D('',#7835,#7836,#7837);
#7835 = CARTESIAN_POINT('',(162.580852,-187.336713,-4.6E-02));
#7836 = DIRECTION('',(-0.,-0.,-1.));
#7837 = DIRECTION('',(-0.,-1.,0.));
#7838 = ADVANCED_FACE('',(#7839),#7850,.F.);
#7839 = FACE_BOUND('',#7840,.T.);
#7840 = EDGE_LOOP('',(#7841,#7842,#7848,#7849));
#7841 = ORIENTED_EDGE('',*,*,#771,.T.);
#7842 = ORIENTED_EDGE('',*,*,#7843,.T.);
#7843 = EDGE_CURVE('',#772,#4097,#7844,.T.);
#7844 = LINE('',#7845,#7846);
#7845 = CARTESIAN_POINT('',(153.560852,-176.082013,-4.6E-02));
#7846 = VECTOR('',#7847,1.);
#7847 = DIRECTION('',(0.,0.,1.));
#7848 = ORIENTED_EDGE('',*,*,#4096,.F.);
#7849 = ORIENTED_EDGE('',*,*,#7843,.F.);
#7850 = CYLINDRICAL_SURFACE('',#7851,0.4953);
#7851 = AXIS2_PLACEMENT_3D('',#7852,#7853,#7854);
#7852 = CARTESIAN_POINT('',(153.560852,-175.586713,-4.6E-02));
#7853 = DIRECTION('',(-0.,-0.,-1.));
#7854 = DIRECTION('',(-0.,-1.,0.));
#7855 = ADVANCED_FACE('',(#7856),#7867,.F.);
#7856 = FACE_BOUND('',#7857,.T.);
#7857 = EDGE_LOOP('',(#7858,#7859,#7865,#7866));
#7858 = ORIENTED_EDGE('',*,*,#782,.T.);
#7859 = ORIENTED_EDGE('',*,*,#7860,.T.);
#7860 = EDGE_CURVE('',#783,#4108,#7861,.T.);
#7861 = LINE('',#7862,#7863);
#7862 = CARTESIAN_POINT('',(164.000852,-176.082013,-4.6E-02));
#7863 = VECTOR('',#7864,1.);
#7864 = DIRECTION('',(0.,0.,1.));
#7865 = ORIENTED_EDGE('',*,*,#4107,.F.);
#7866 = ORIENTED_EDGE('',*,*,#7860,.F.);
#7867 = CYLINDRICAL_SURFACE('',#7868,0.4953);
#7868 = AXIS2_PLACEMENT_3D('',#7869,#7870,#7871);
#7869 = CARTESIAN_POINT('',(164.000852,-175.586713,-4.6E-02));
#7870 = DIRECTION('',(-0.,-0.,-1.));
#7871 = DIRECTION('',(-0.,-1.,0.));
#7872 = ADVANCED_FACE('',(#7873),#7884,.F.);
#7873 = FACE_BOUND('',#7874,.T.);
#7874 = EDGE_LOOP('',(#7875,#7876,#7882,#7883));
#7875 = ORIENTED_EDGE('',*,*,#793,.T.);
#7876 = ORIENTED_EDGE('',*,*,#7877,.T.);
#7877 = EDGE_CURVE('',#794,#4119,#7878,.T.);
#7878 = LINE('',#7879,#7880);
#7879 = CARTESIAN_POINT('',(153.280852,-172.237613,-4.6E-02));
#7880 = VECTOR('',#7881,1.);
#7881 = DIRECTION('',(0.,0.,1.));
#7882 = ORIENTED_EDGE('',*,*,#4118,.F.);
#7883 = ORIENTED_EDGE('',*,*,#7877,.F.);
#7884 = CYLINDRICAL_SURFACE('',#7885,0.8509);
#7885 = AXIS2_PLACEMENT_3D('',#7886,#7887,#7888);
#7886 = CARTESIAN_POINT('',(153.280852,-171.386713,-4.6E-02));
#7887 = DIRECTION('',(-0.,0.,-1.));
#7888 = DIRECTION('',(3.340193845388E-14,-1.,-0.));
#7889 = ADVANCED_FACE('',(#7890),#7901,.F.);
#7890 = FACE_BOUND('',#7891,.T.);
#7891 = EDGE_LOOP('',(#7892,#7893,#7899,#7900));
#7892 = ORIENTED_EDGE('',*,*,#804,.T.);
#7893 = ORIENTED_EDGE('',*,*,#7894,.T.);
#7894 = EDGE_CURVE('',#805,#4130,#7895,.T.);
#7895 = LINE('',#7896,#7897);
#7896 = CARTESIAN_POINT('',(153.780852,-169.136713,-4.6E-02));
#7897 = VECTOR('',#7898,1.);
#7898 = DIRECTION('',(0.,0.,1.));
#7899 = ORIENTED_EDGE('',*,*,#4129,.F.);
#7900 = ORIENTED_EDGE('',*,*,#7894,.F.);
#7901 = CYLINDRICAL_SURFACE('',#7902,1.5);
#7902 = AXIS2_PLACEMENT_3D('',#7903,#7904,#7905);
#7903 = CARTESIAN_POINT('',(153.780852,-167.636713,-4.6E-02));
#7904 = DIRECTION('',(-0.,-0.,-1.));
#7905 = DIRECTION('',(-0.,-1.,0.));
#7906 = ADVANCED_FACE('',(#7907),#7918,.F.);
#7907 = FACE_BOUND('',#7908,.T.);
#7908 = EDGE_LOOP('',(#7909,#7910,#7916,#7917));
#7909 = ORIENTED_EDGE('',*,*,#815,.T.);
#7910 = ORIENTED_EDGE('',*,*,#7911,.T.);
#7911 = EDGE_CURVE('',#816,#4141,#7912,.T.);
#7912 = LINE('',#7913,#7914);
#7913 = CARTESIAN_POINT('',(158.780852,-173.101213,-4.6E-02));
#7914 = VECTOR('',#7915,1.);
#7915 = DIRECTION('',(0.,0.,1.));
#7916 = ORIENTED_EDGE('',*,*,#4140,.F.);
#7917 = ORIENTED_EDGE('',*,*,#7911,.F.);
#7918 = CYLINDRICAL_SURFACE('',#7919,1.7145);
#7919 = AXIS2_PLACEMENT_3D('',#7920,#7921,#7922);
#7920 = CARTESIAN_POINT('',(158.780852,-171.386713,-4.6E-02));
#7921 = DIRECTION('',(-0.,0.,-1.));
#7922 = DIRECTION('',(1.657725834378E-14,-1.,-0.));
#7923 = ADVANCED_FACE('',(#7924),#7935,.F.);
#7924 = FACE_BOUND('',#7925,.T.);
#7925 = EDGE_LOOP('',(#7926,#7927,#7933,#7934));
#7926 = ORIENTED_EDGE('',*,*,#826,.T.);
#7927 = ORIENTED_EDGE('',*,*,#7928,.T.);
#7928 = EDGE_CURVE('',#827,#4152,#7929,.T.);
#7929 = LINE('',#7930,#7931);
#7930 = CARTESIAN_POINT('',(164.280852,-172.237613,-4.6E-02));
#7931 = VECTOR('',#7932,1.);
#7932 = DIRECTION('',(0.,0.,1.));
#7933 = ORIENTED_EDGE('',*,*,#4151,.F.);
#7934 = ORIENTED_EDGE('',*,*,#7928,.F.);
#7935 = CYLINDRICAL_SURFACE('',#7936,0.8509);
#7936 = AXIS2_PLACEMENT_3D('',#7937,#7938,#7939);
#7937 = CARTESIAN_POINT('',(164.280852,-171.386713,-4.6E-02));
#7938 = DIRECTION('',(-0.,0.,-1.));
#7939 = DIRECTION('',(3.340193845388E-14,-1.,-0.));
#7940 = ADVANCED_FACE('',(#7941),#7952,.F.);
#7941 = FACE_BOUND('',#7942,.T.);
#7942 = EDGE_LOOP('',(#7943,#7944,#7950,#7951));
#7943 = ORIENTED_EDGE('',*,*,#837,.T.);
#7944 = ORIENTED_EDGE('',*,*,#7945,.T.);
#7945 = EDGE_CURVE('',#838,#4163,#7946,.T.);
#7946 = LINE('',#7947,#7948);
#7947 = CARTESIAN_POINT('',(163.780852,-169.136713,-4.6E-02));
#7948 = VECTOR('',#7949,1.);
#7949 = DIRECTION('',(0.,0.,1.));
#7950 = ORIENTED_EDGE('',*,*,#4162,.F.);
#7951 = ORIENTED_EDGE('',*,*,#7945,.F.);
#7952 = CYLINDRICAL_SURFACE('',#7953,1.5);
#7953 = AXIS2_PLACEMENT_3D('',#7954,#7955,#7956);
#7954 = CARTESIAN_POINT('',(163.780852,-167.636713,-4.6E-02));
#7955 = DIRECTION('',(-0.,-0.,-1.));
#7956 = DIRECTION('',(-0.,-1.,0.));
#7957 = ADVANCED_FACE('',(#7958),#7969,.F.);
#7958 = FACE_BOUND('',#7959,.T.);
#7959 = EDGE_LOOP('',(#7960,#7961,#7967,#7968));
#7960 = ORIENTED_EDGE('',*,*,#848,.T.);
#7961 = ORIENTED_EDGE('',*,*,#7962,.T.);
#7962 = EDGE_CURVE('',#849,#4174,#7963,.T.);
#7963 = LINE('',#7964,#7965);
#7964 = CARTESIAN_POINT('',(158.780852,-166.936713,-4.6E-02));
#7965 = VECTOR('',#7966,1.);
#7966 = DIRECTION('',(0.,0.,1.));
#7967 = ORIENTED_EDGE('',*,*,#4173,.F.);
#7968 = ORIENTED_EDGE('',*,*,#7962,.F.);
#7969 = CYLINDRICAL_SURFACE('',#7970,1.5);
#7970 = AXIS2_PLACEMENT_3D('',#7971,#7972,#7973);
#7971 = CARTESIAN_POINT('',(158.780852,-165.436713,-4.6E-02));
#7972 = DIRECTION('',(-0.,-0.,-1.));
#7973 = DIRECTION('',(-0.,-1.,0.));
#7974 = ADVANCED_FACE('',(#7975),#7986,.F.);
#7975 = FACE_BOUND('',#7976,.T.);
#7976 = EDGE_LOOP('',(#7977,#7978,#7984,#7985));
#7977 = ORIENTED_EDGE('',*,*,#859,.T.);
#7978 = ORIENTED_EDGE('',*,*,#7979,.T.);
#7979 = EDGE_CURVE('',#860,#4185,#7980,.T.);
#7980 = LINE('',#7981,#7982);
#7981 = CARTESIAN_POINT('',(172.560852,-171.082013,-4.6E-02));
#7982 = VECTOR('',#7983,1.);
#7983 = DIRECTION('',(0.,0.,1.));
#7984 = ORIENTED_EDGE('',*,*,#4184,.F.);
#7985 = ORIENTED_EDGE('',*,*,#7979,.F.);
#7986 = CYLINDRICAL_SURFACE('',#7987,0.4953);
#7987 = AXIS2_PLACEMENT_3D('',#7988,#7989,#7990);
#7988 = CARTESIAN_POINT('',(172.560852,-170.586713,-4.6E-02));
#7989 = DIRECTION('',(-0.,-0.,-1.));
#7990 = DIRECTION('',(-0.,-1.,0.));
#7991 = ADVANCED_FACE('',(#7992),#8003,.F.);
#7992 = FACE_BOUND('',#7993,.T.);
#7993 = EDGE_LOOP('',(#7994,#7995,#8001,#8002));
#7994 = ORIENTED_EDGE('',*,*,#870,.T.);
#7995 = ORIENTED_EDGE('',*,*,#7996,.T.);
#7996 = EDGE_CURVE('',#871,#4196,#7997,.T.);
#7997 = LINE('',#7998,#7999);
#7998 = CARTESIAN_POINT('',(172.280852,-167.237613,-4.6E-02));
#7999 = VECTOR('',#8000,1.);
#8000 = DIRECTION('',(0.,0.,1.));
#8001 = ORIENTED_EDGE('',*,*,#4195,.F.);
#8002 = ORIENTED_EDGE('',*,*,#7996,.F.);
#8003 = CYLINDRICAL_SURFACE('',#8004,0.8509);
#8004 = AXIS2_PLACEMENT_3D('',#8005,#8006,#8007);
#8005 = CARTESIAN_POINT('',(172.280852,-166.386713,-4.6E-02));
#8006 = DIRECTION('',(-0.,0.,-1.));
#8007 = DIRECTION('',(3.340193845388E-14,-1.,-0.));
#8008 = ADVANCED_FACE('',(#8009),#8020,.F.);
#8009 = FACE_BOUND('',#8010,.T.);
#8010 = EDGE_LOOP('',(#8011,#8012,#8018,#8019));
#8011 = ORIENTED_EDGE('',*,*,#881,.T.);
#8012 = ORIENTED_EDGE('',*,*,#8013,.T.);
#8013 = EDGE_CURVE('',#882,#4207,#8014,.T.);
#8014 = LINE('',#8015,#8016);
#8015 = CARTESIAN_POINT('',(177.780852,-168.101213,-4.6E-02));
#8016 = VECTOR('',#8017,1.);
#8017 = DIRECTION('',(0.,0.,1.));
#8018 = ORIENTED_EDGE('',*,*,#4206,.F.);
#8019 = ORIENTED_EDGE('',*,*,#8013,.F.);
#8020 = CYLINDRICAL_SURFACE('',#8021,1.7145);
#8021 = AXIS2_PLACEMENT_3D('',#8022,#8023,#8024);
#8022 = CARTESIAN_POINT('',(177.780852,-166.386713,-4.6E-02));
#8023 = DIRECTION('',(-0.,0.,-1.));
#8024 = DIRECTION('',(1.657725834378E-14,-1.,-0.));
#8025 = ADVANCED_FACE('',(#8026),#8037,.F.);
#8026 = FACE_BOUND('',#8027,.T.);
#8027 = EDGE_LOOP('',(#8028,#8029,#8035,#8036));
#8028 = ORIENTED_EDGE('',*,*,#892,.T.);
#8029 = ORIENTED_EDGE('',*,*,#8030,.T.);
#8030 = EDGE_CURVE('',#893,#4218,#8031,.T.);
#8031 = LINE('',#8032,#8033);
#8032 = CARTESIAN_POINT('',(172.780852,-164.136713,-4.6E-02));
#8033 = VECTOR('',#8034,1.);
#8034 = DIRECTION('',(0.,0.,1.));
#8035 = ORIENTED_EDGE('',*,*,#4217,.F.);
#8036 = ORIENTED_EDGE('',*,*,#8030,.F.);
#8037 = CYLINDRICAL_SURFACE('',#8038,1.5);
#8038 = AXIS2_PLACEMENT_3D('',#8039,#8040,#8041);
#8039 = CARTESIAN_POINT('',(172.780852,-162.636713,-4.6E-02));
#8040 = DIRECTION('',(-0.,-0.,-1.));
#8041 = DIRECTION('',(-0.,-1.,0.));
#8042 = ADVANCED_FACE('',(#8043),#8054,.F.);
#8043 = FACE_BOUND('',#8044,.T.);
#8044 = EDGE_LOOP('',(#8045,#8046,#8052,#8053));
#8045 = ORIENTED_EDGE('',*,*,#903,.T.);
#8046 = ORIENTED_EDGE('',*,*,#8047,.T.);
#8047 = EDGE_CURVE('',#904,#4229,#8048,.T.);
#8048 = LINE('',#8049,#8050);
#8049 = CARTESIAN_POINT('',(177.780852,-161.936713,-4.6E-02));
#8050 = VECTOR('',#8051,1.);
#8051 = DIRECTION('',(0.,0.,1.));
#8052 = ORIENTED_EDGE('',*,*,#4228,.F.);
#8053 = ORIENTED_EDGE('',*,*,#8047,.F.);
#8054 = CYLINDRICAL_SURFACE('',#8055,1.5);
#8055 = AXIS2_PLACEMENT_3D('',#8056,#8057,#8058);
#8056 = CARTESIAN_POINT('',(177.780852,-160.436713,-4.6E-02));
#8057 = DIRECTION('',(-0.,-0.,-1.));
#8058 = DIRECTION('',(-0.,-1.,0.));
#8059 = ADVANCED_FACE('',(#8060),#8071,.F.);
#8060 = FACE_BOUND('',#8061,.T.);
#8061 = EDGE_LOOP('',(#8062,#8063,#8069,#8070));
#8062 = ORIENTED_EDGE('',*,*,#914,.T.);
#8063 = ORIENTED_EDGE('',*,*,#8064,.T.);
#8064 = EDGE_CURVE('',#915,#4240,#8065,.T.);
#8065 = LINE('',#8066,#8067);
#8066 = CARTESIAN_POINT('',(182.780852,-164.136713,-4.6E-02));
#8067 = VECTOR('',#8068,1.);
#8068 = DIRECTION('',(0.,0.,1.));
#8069 = ORIENTED_EDGE('',*,*,#4239,.F.);
#8070 = ORIENTED_EDGE('',*,*,#8064,.F.);
#8071 = CYLINDRICAL_SURFACE('',#8072,1.5);
#8072 = AXIS2_PLACEMENT_3D('',#8073,#8074,#8075);
#8073 = CARTESIAN_POINT('',(182.780852,-162.636713,-4.6E-02));
#8074 = DIRECTION('',(-0.,-0.,-1.));
#8075 = DIRECTION('',(-0.,-1.,0.));
#8076 = ADVANCED_FACE('',(#8077),#8088,.F.);
#8077 = FACE_BOUND('',#8078,.T.);
#8078 = EDGE_LOOP('',(#8079,#8080,#8086,#8087));
#8079 = ORIENTED_EDGE('',*,*,#925,.T.);
#8080 = ORIENTED_EDGE('',*,*,#8081,.T.);
#8081 = EDGE_CURVE('',#926,#4251,#8082,.T.);
#8082 = LINE('',#8083,#8084);
#8083 = CARTESIAN_POINT('',(188.700852,-197.982013,-4.6E-02));
#8084 = VECTOR('',#8085,1.);
#8085 = DIRECTION('',(0.,0.,1.));
#8086 = ORIENTED_EDGE('',*,*,#4250,.F.);
#8087 = ORIENTED_EDGE('',*,*,#8081,.F.);
#8088 = CYLINDRICAL_SURFACE('',#8089,0.4953);
#8089 = AXIS2_PLACEMENT_3D('',#8090,#8091,#8092);
#8090 = CARTESIAN_POINT('',(188.700852,-197.486713,-4.6E-02));
#8091 = DIRECTION('',(-0.,-0.,-1.));
#8092 = DIRECTION('',(-0.,-1.,0.));
#8093 = ADVANCED_FACE('',(#8094),#8105,.F.);
#8094 = FACE_BOUND('',#8095,.T.);
#8095 = EDGE_LOOP('',(#8096,#8097,#8103,#8104));
#8096 = ORIENTED_EDGE('',*,*,#936,.T.);
#8097 = ORIENTED_EDGE('',*,*,#8098,.T.);
#8098 = EDGE_CURVE('',#937,#4262,#8099,.T.);
#8099 = LINE('',#8100,#8101);
#8100 = CARTESIAN_POINT('',(198.450347,-198.90312,-4.6E-02));
#8101 = VECTOR('',#8102,1.);
#8102 = DIRECTION('',(0.,0.,1.));
#8103 = ORIENTED_EDGE('',*,*,#4261,.F.);
#8104 = ORIENTED_EDGE('',*,*,#8098,.F.);
#8105 = CYLINDRICAL_SURFACE('',#8106,0.4953);
#8106 = AXIS2_PLACEMENT_3D('',#8107,#8108,#8109);
#8107 = CARTESIAN_POINT('',(198.450347,-198.40782,-4.6E-02));
#8108 = DIRECTION('',(-0.,-0.,-1.));
#8109 = DIRECTION('',(-5.738281734384E-14,-1.,0.));
#8110 = ADVANCED_FACE('',(#8111),#8122,.F.);
#8111 = FACE_BOUND('',#8112,.T.);
#8112 = EDGE_LOOP('',(#8113,#8114,#8120,#8121));
#8113 = ORIENTED_EDGE('',*,*,#947,.T.);
#8114 = ORIENTED_EDGE('',*,*,#8115,.T.);
#8115 = EDGE_CURVE('',#948,#4273,#8116,.T.);
#8116 = LINE('',#8117,#8118);
#8117 = CARTESIAN_POINT('',(183.480852,-195.001213,-4.6E-02));
#8118 = VECTOR('',#8119,1.);
#8119 = DIRECTION('',(0.,0.,1.));
#8120 = ORIENTED_EDGE('',*,*,#4272,.F.);
#8121 = ORIENTED_EDGE('',*,*,#8115,.F.);
#8122 = CYLINDRICAL_SURFACE('',#8123,1.7145);
#8123 = AXIS2_PLACEMENT_3D('',#8124,#8125,#8126);
#8124 = CARTESIAN_POINT('',(183.480852,-193.286713,-4.6E-02));
#8125 = DIRECTION('',(-0.,-0.,-1.));
#8126 = DIRECTION('',(-1.657725834378E-14,-1.,0.));
#8127 = ADVANCED_FACE('',(#8128),#8139,.F.);
#8128 = FACE_BOUND('',#8129,.T.);
#8129 = EDGE_LOOP('',(#8130,#8131,#8137,#8138));
#8130 = ORIENTED_EDGE('',*,*,#958,.T.);
#8131 = ORIENTED_EDGE('',*,*,#8132,.T.);
#8132 = EDGE_CURVE('',#959,#4284,#8133,.T.);
#8133 = LINE('',#8134,#8135);
#8134 = CARTESIAN_POINT('',(188.980852,-194.137613,-4.6E-02));
#8135 = VECTOR('',#8136,1.);
#8136 = DIRECTION('',(0.,0.,1.));
#8137 = ORIENTED_EDGE('',*,*,#4283,.F.);
#8138 = ORIENTED_EDGE('',*,*,#8132,.F.);
#8139 = CYLINDRICAL_SURFACE('',#8140,0.8509);
#8140 = AXIS2_PLACEMENT_3D('',#8141,#8142,#8143);
#8141 = CARTESIAN_POINT('',(188.980852,-193.286713,-4.6E-02));
#8142 = DIRECTION('',(-0.,-0.,-1.));
#8143 = DIRECTION('',(-0.,-1.,0.));
#8144 = ADVANCED_FACE('',(#8145),#8156,.F.);
#8145 = FACE_BOUND('',#8146,.T.);
#8146 = EDGE_LOOP('',(#8147,#8148,#8154,#8155));
#8147 = ORIENTED_EDGE('',*,*,#969,.T.);
#8148 = ORIENTED_EDGE('',*,*,#8149,.T.);
#8149 = EDGE_CURVE('',#970,#4295,#8150,.T.);
#8150 = LINE('',#8151,#8152);
#8151 = CARTESIAN_POINT('',(188.480852,-191.036713,-4.6E-02));
#8152 = VECTOR('',#8153,1.);
#8153 = DIRECTION('',(0.,0.,1.));
#8154 = ORIENTED_EDGE('',*,*,#4294,.F.);
#8155 = ORIENTED_EDGE('',*,*,#8149,.F.);
#8156 = CYLINDRICAL_SURFACE('',#8157,1.5);
#8157 = AXIS2_PLACEMENT_3D('',#8158,#8159,#8160);
#8158 = CARTESIAN_POINT('',(188.480852,-189.536713,-4.6E-02));
#8159 = DIRECTION('',(-0.,-0.,-1.));
#8160 = DIRECTION('',(-0.,-1.,0.));
#8161 = ADVANCED_FACE('',(#8162),#8173,.F.);
#8162 = FACE_BOUND('',#8163,.T.);
#8163 = EDGE_LOOP('',(#8164,#8165,#8171,#8172));
#8164 = ORIENTED_EDGE('',*,*,#980,.T.);
#8165 = ORIENTED_EDGE('',*,*,#8166,.T.);
#8166 = EDGE_CURVE('',#981,#4306,#8167,.T.);
#8167 = LINE('',#8168,#8169);
#8168 = CARTESIAN_POINT('',(198.903923,-195.073906,-4.6E-02));
#8169 = VECTOR('',#8170,1.);
#8170 = DIRECTION('',(0.,0.,1.));
#8171 = ORIENTED_EDGE('',*,*,#4305,.F.);
#8172 = ORIENTED_EDGE('',*,*,#8166,.F.);
#8173 = CYLINDRICAL_SURFACE('',#8174,0.8509);
#8174 = AXIS2_PLACEMENT_3D('',#8175,#8176,#8177);
#8175 = CARTESIAN_POINT('',(198.903923,-194.223006,-4.6E-02));
#8176 = DIRECTION('',(-0.,-0.,-1.));
#8177 = DIRECTION('',(-0.,-1.,0.));
#8178 = ADVANCED_FACE('',(#8179),#8190,.F.);
#8179 = FACE_BOUND('',#8180,.T.);
#8180 = EDGE_LOOP('',(#8181,#8182,#8188,#8189));
#8181 = ORIENTED_EDGE('',*,*,#991,.T.);
#8182 = ORIENTED_EDGE('',*,*,#8183,.T.);
#8183 = EDGE_CURVE('',#992,#4317,#8184,.T.);
#8184 = LINE('',#8185,#8186);
#8185 = CARTESIAN_POINT('',(204.320366,-196.892571,-4.6E-02));
#8186 = VECTOR('',#8187,1.);
#8187 = DIRECTION('',(0.,0.,1.));
#8188 = ORIENTED_EDGE('',*,*,#4316,.F.);
#8189 = ORIENTED_EDGE('',*,*,#8183,.F.);
#8190 = CYLINDRICAL_SURFACE('',#8191,1.7145);
#8191 = AXIS2_PLACEMENT_3D('',#8192,#8193,#8194);
#8192 = CARTESIAN_POINT('',(204.320366,-195.178071,-4.6E-02));
#8193 = DIRECTION('',(-0.,0.,-1.));
#8194 = DIRECTION('',(1.657725834378E-14,-1.,-0.));
#8195 = ADVANCED_FACE('',(#8196),#8207,.F.);
#8196 = FACE_BOUND('',#8197,.T.);
#8197 = EDGE_LOOP('',(#8198,#8199,#8205,#8206));
#8198 = ORIENTED_EDGE('',*,*,#1002,.T.);
#8199 = ORIENTED_EDGE('',*,*,#8200,.T.);
#8200 = EDGE_CURVE('',#1003,#4328,#8201,.T.);
#8201 = LINE('',#8202,#8203);
#8202 = CARTESIAN_POINT('',(208.73174,-200.716007,-4.6E-02));
#8203 = VECTOR('',#8204,1.);
#8204 = DIRECTION('',(0.,0.,1.));
#8205 = ORIENTED_EDGE('',*,*,#4327,.F.);
#8206 = ORIENTED_EDGE('',*,*,#8200,.F.);
#8207 = CYLINDRICAL_SURFACE('',#8208,0.4953);
#8208 = AXIS2_PLACEMENT_3D('',#8209,#8210,#8211);
#8209 = CARTESIAN_POINT('',(208.73174,-200.220707,-4.6E-02));
#8210 = DIRECTION('',(-0.,-0.,-1.));
#8211 = DIRECTION('',(-0.,-1.,0.));
#8212 = ADVANCED_FACE('',(#8213),#8224,.F.);
#8213 = FACE_BOUND('',#8214,.T.);
#8214 = EDGE_LOOP('',(#8215,#8216,#8222,#8223));
#8215 = ORIENTED_EDGE('',*,*,#1013,.T.);
#8216 = ORIENTED_EDGE('',*,*,#8217,.T.);
#8217 = EDGE_CURVE('',#1014,#4339,#8218,.T.);
#8218 = LINE('',#8219,#8220);
#8219 = CARTESIAN_POINT('',(209.736809,-196.984036,-4.6E-02));
#8220 = VECTOR('',#8221,1.);
#8221 = DIRECTION('',(0.,0.,1.));
#8222 = ORIENTED_EDGE('',*,*,#4338,.F.);
#8223 = ORIENTED_EDGE('',*,*,#8217,.F.);
#8224 = CYLINDRICAL_SURFACE('',#8225,0.8509);
#8225 = AXIS2_PLACEMENT_3D('',#8226,#8227,#8228);
#8226 = CARTESIAN_POINT('',(209.736809,-196.133136,-4.6E-02));
#8227 = DIRECTION('',(-0.,-0.,-1.));
#8228 = DIRECTION('',(-0.,-1.,0.));
#8229 = ADVANCED_FACE('',(#8230),#8241,.F.);
#8230 = FACE_BOUND('',#8231,.T.);
#8231 = EDGE_LOOP('',(#8232,#8233,#8239,#8240));
#8232 = ORIENTED_EDGE('',*,*,#1024,.T.);
#8233 = ORIENTED_EDGE('',*,*,#8234,.T.);
#8234 = EDGE_CURVE('',#1025,#4350,#8235,.T.);
#8235 = LINE('',#8236,#8237);
#8236 = CARTESIAN_POINT('',(200.047508,-192.116801,-4.6E-02));
#8237 = VECTOR('',#8238,1.);
#8238 = DIRECTION('',(0.,0.,1.));
#8239 = ORIENTED_EDGE('',*,*,#4349,.F.);
#8240 = ORIENTED_EDGE('',*,*,#8234,.F.);
#8241 = CYLINDRICAL_SURFACE('',#8242,1.5);
#8242 = AXIS2_PLACEMENT_3D('',#8243,#8244,#8245);
#8243 = CARTESIAN_POINT('',(200.047508,-190.616801,-4.6E-02));
#8244 = DIRECTION('',(-0.,-0.,-1.));
#8245 = DIRECTION('',(-0.,-1.,0.));
#8246 = ADVANCED_FACE('',(#8247),#8258,.F.);
#8247 = FACE_BOUND('',#8248,.T.);
#8248 = EDGE_LOOP('',(#8249,#8250,#8256,#8257));
#8249 = ORIENTED_EDGE('',*,*,#1035,.T.);
#8250 = ORIENTED_EDGE('',*,*,#8251,.T.);
#8251 = EDGE_CURVE('',#1036,#4361,#8252,.T.);
#8252 = LINE('',#8253,#8254);
#8253 = CARTESIAN_POINT('',(205.353573,-190.818465,-4.6E-02));
#8254 = VECTOR('',#8255,1.);
#8255 = DIRECTION('',(0.,0.,1.));
#8256 = ORIENTED_EDGE('',*,*,#4360,.F.);
#8257 = ORIENTED_EDGE('',*,*,#8251,.F.);
#8258 = CYLINDRICAL_SURFACE('',#8259,1.5);
#8259 = AXIS2_PLACEMENT_3D('',#8260,#8261,#8262);
#8260 = CARTESIAN_POINT('',(205.353573,-189.318465,-4.6E-02));
#8261 = DIRECTION('',(-0.,-0.,-1.));
#8262 = DIRECTION('',(-0.,-1.,0.));
#8263 = ADVANCED_FACE('',(#8264),#8275,.F.);
#8264 = FACE_BOUND('',#8265,.T.);
#8265 = EDGE_LOOP('',(#8266,#8267,#8273,#8274));
#8266 = ORIENTED_EDGE('',*,*,#1046,.T.);
#8267 = ORIENTED_EDGE('',*,*,#8268,.T.);
#8268 = EDGE_CURVE('',#1047,#4372,#8269,.T.);
#8269 = LINE('',#8270,#8271);
#8270 = CARTESIAN_POINT('',(209.895585,-193.853283,-4.6E-02));
#8271 = VECTOR('',#8272,1.);
#8272 = DIRECTION('',(0.,0.,1.));
#8273 = ORIENTED_EDGE('',*,*,#4371,.F.);
#8274 = ORIENTED_EDGE('',*,*,#8268,.F.);
#8275 = CYLINDRICAL_SURFACE('',#8276,1.5);
#8276 = AXIS2_PLACEMENT_3D('',#8277,#8278,#8279);
#8277 = CARTESIAN_POINT('',(209.895585,-192.353283,-4.6E-02));
#8278 = DIRECTION('',(-0.,-0.,-1.));
#8279 = DIRECTION('',(-0.,-1.,0.));
#8280 = ADVANCED_FACE('',(#8281),#8292,.F.);
#8281 = FACE_BOUND('',#8282,.T.);
#8282 = EDGE_LOOP('',(#8283,#8284,#8290,#8291));
#8283 = ORIENTED_EDGE('',*,*,#1057,.T.);
#8284 = ORIENTED_EDGE('',*,*,#8285,.T.);
#8285 = EDGE_CURVE('',#1058,#4383,#8286,.T.);
#8286 = LINE('',#8287,#8288);
#8287 = CARTESIAN_POINT('',(227.104752,-206.02365,-4.6E-02));
#8288 = VECTOR('',#8289,1.);
#8289 = DIRECTION('',(0.,0.,1.));
#8290 = ORIENTED_EDGE('',*,*,#4382,.F.);
#8291 = ORIENTED_EDGE('',*,*,#8285,.F.);
#8292 = CYLINDRICAL_SURFACE('',#8293,0.4953);
#8293 = AXIS2_PLACEMENT_3D('',#8294,#8295,#8296);
#8294 = CARTESIAN_POINT('',(227.104752,-205.52835,-4.6E-02));
#8295 = DIRECTION('',(-0.,-0.,-1.));
#8296 = DIRECTION('',(-5.738281734385E-14,-1.,0.));
#8297 = ADVANCED_FACE('',(#8298),#8309,.F.);
#8298 = FACE_BOUND('',#8299,.T.);
#8299 = EDGE_LOOP('',(#8300,#8301,#8307,#8308));
#8300 = ORIENTED_EDGE('',*,*,#1068,.T.);
#8301 = ORIENTED_EDGE('',*,*,#8302,.T.);
#8302 = EDGE_CURVE('',#1069,#4394,#8303,.T.);
#8303 = LINE('',#8304,#8305);
#8304 = CARTESIAN_POINT('',(236.887829,-211.252613,-4.6E-02));
#8305 = VECTOR('',#8306,1.);
#8306 = DIRECTION('',(0.,0.,1.));
#8307 = ORIENTED_EDGE('',*,*,#4393,.F.);
#8308 = ORIENTED_EDGE('',*,*,#8302,.F.);
#8309 = CYLINDRICAL_SURFACE('',#8310,0.4953);
#8310 = AXIS2_PLACEMENT_3D('',#8311,#8312,#8313);
#8311 = CARTESIAN_POINT('',(236.887829,-210.757313,-4.6E-02));
#8312 = DIRECTION('',(-0.,-0.,-1.));
#8313 = DIRECTION('',(-0.,-1.,0.));
#8314 = ADVANCED_FACE('',(#8315),#8326,.F.);
#8315 = FACE_BOUND('',#8316,.T.);
#8316 = EDGE_LOOP('',(#8317,#8318,#8324,#8325));
#8317 = ORIENTED_EDGE('',*,*,#1079,.T.);
#8318 = ORIENTED_EDGE('',*,*,#8319,.T.);
#8319 = EDGE_CURVE('',#1080,#4405,#8320,.T.);
#8320 = LINE('',#8321,#8322);
#8321 = CARTESIAN_POINT('',(245.929135,-216.472614,-4.6E-02));
#8322 = VECTOR('',#8323,1.);
#8323 = DIRECTION('',(0.,0.,1.));
#8324 = ORIENTED_EDGE('',*,*,#4404,.F.);
#8325 = ORIENTED_EDGE('',*,*,#8319,.F.);
#8326 = CYLINDRICAL_SURFACE('',#8327,0.4953);
#8327 = AXIS2_PLACEMENT_3D('',#8328,#8329,#8330);
#8328 = CARTESIAN_POINT('',(245.929135,-215.977314,-4.6E-02));
#8329 = DIRECTION('',(-0.,0.,-1.));
#8330 = DIRECTION('',(5.738281734384E-14,-1.,-0.));
#8331 = ADVANCED_FACE('',(#8332),#8343,.F.);
#8332 = FACE_BOUND('',#8333,.T.);
#8333 = EDGE_LOOP('',(#8334,#8335,#8341,#8342));
#8334 = ORIENTED_EDGE('',*,*,#1090,.T.);
#8335 = ORIENTED_EDGE('',*,*,#8336,.T.);
#8336 = EDGE_CURVE('',#1091,#4416,#8337,.T.);
#8337 = LINE('',#8338,#8339);
#8338 = CARTESIAN_POINT('',(243.508482,-211.444507,-4.6E-02));
#8339 = VECTOR('',#8340,1.);
#8340 = DIRECTION('',(0.,0.,1.));
#8341 = ORIENTED_EDGE('',*,*,#4415,.F.);
#8342 = ORIENTED_EDGE('',*,*,#8336,.F.);
#8343 = CYLINDRICAL_SURFACE('',#8344,1.7145);
#8344 = AXIS2_PLACEMENT_3D('',#8345,#8346,#8347);
#8345 = CARTESIAN_POINT('',(243.508482,-209.730007,-4.6E-02));
#8346 = DIRECTION('',(-0.,-0.,-1.));
#8347 = DIRECTION('',(-1.657725834378E-14,-1.,0.));
#8348 = ADVANCED_FACE('',(#8349),#8360,.F.);
#8349 = FACE_BOUND('',#8350,.T.);
#8350 = EDGE_LOOP('',(#8351,#8352,#8358,#8359));
#8351 = ORIENTED_EDGE('',*,*,#1101,.T.);
#8352 = ORIENTED_EDGE('',*,*,#8353,.T.);
#8353 = EDGE_CURVE('',#1102,#4427,#8354,.T.);
#8354 = LINE('',#8355,#8356);
#8355 = CARTESIAN_POINT('',(248.271622,-213.330907,-4.6E-02));
#8356 = VECTOR('',#8357,1.);
#8357 = DIRECTION('',(0.,0.,1.));
#8358 = ORIENTED_EDGE('',*,*,#4426,.F.);
#8359 = ORIENTED_EDGE('',*,*,#8353,.F.);
#8360 = CYLINDRICAL_SURFACE('',#8361,0.8509);
#8361 = AXIS2_PLACEMENT_3D('',#8362,#8363,#8364);
#8362 = CARTESIAN_POINT('',(248.271622,-212.480007,-4.6E-02));
#8363 = DIRECTION('',(-0.,-0.,-1.));
#8364 = DIRECTION('',(-0.,-1.,0.));
#8365 = ADVANCED_FACE('',(#8366),#8377,.F.);
#8366 = FACE_BOUND('',#8367,.T.);
#8367 = EDGE_LOOP('',(#8368,#8369,#8375,#8376));
#8368 = ORIENTED_EDGE('',*,*,#1112,.T.);
#8369 = ORIENTED_EDGE('',*,*,#8370,.T.);
#8370 = EDGE_CURVE('',#1113,#4438,#8371,.T.);
#8371 = LINE('',#8372,#8373);
#8372 = CARTESIAN_POINT('',(238.745342,-207.830907,-4.6E-02));
#8373 = VECTOR('',#8374,1.);
#8374 = DIRECTION('',(0.,0.,1.));
#8375 = ORIENTED_EDGE('',*,*,#4437,.F.);
#8376 = ORIENTED_EDGE('',*,*,#8370,.F.);
#8377 = CYLINDRICAL_SURFACE('',#8378,0.8509);
#8378 = AXIS2_PLACEMENT_3D('',#8379,#8380,#8381);
#8379 = CARTESIAN_POINT('',(238.745342,-206.980007,-4.6E-02));
#8380 = DIRECTION('',(-0.,-0.,-1.));
#8381 = DIRECTION('',(-0.,-1.,0.));
#8382 = ADVANCED_FACE('',(#8383),#8394,.F.);
#8383 = FACE_BOUND('',#8384,.T.);
#8384 = EDGE_LOOP('',(#8385,#8386,#8392,#8393));
#8385 = ORIENTED_EDGE('',*,*,#1123,.T.);
#8386 = ORIENTED_EDGE('',*,*,#8387,.T.);
#8387 = EDGE_CURVE('',#1124,#4449,#8388,.T.);
#8388 = LINE('',#8389,#8390);
#8389 = CARTESIAN_POINT('',(241.053355,-205.482412,-4.6E-02));
#8390 = VECTOR('',#8391,1.);
#8391 = DIRECTION('',(0.,0.,1.));
#8392 = ORIENTED_EDGE('',*,*,#4448,.F.);
#8393 = ORIENTED_EDGE('',*,*,#8387,.F.);
#8394 = CYLINDRICAL_SURFACE('',#8395,1.5);
#8395 = AXIS2_PLACEMENT_3D('',#8396,#8397,#8398);
#8396 = CARTESIAN_POINT('',(241.053355,-203.982412,-4.6E-02));
#8397 = DIRECTION('',(-0.,-0.,-1.));
#8398 = DIRECTION('',(-0.,-1.,0.));
#8399 = ADVANCED_FACE('',(#8400),#8411,.F.);
#8400 = FACE_BOUND('',#8401,.T.);
#8401 = EDGE_LOOP('',(#8402,#8403,#8409,#8410));
#8402 = ORIENTED_EDGE('',*,*,#1134,.T.);
#8403 = ORIENTED_EDGE('',*,*,#8404,.T.);
#8404 = EDGE_CURVE('',#1135,#4460,#8405,.T.);
#8405 = LINE('',#8406,#8407);
#8406 = CARTESIAN_POINT('',(249.713608,-210.482411,-4.6E-02));
#8407 = VECTOR('',#8408,1.);
#8408 = DIRECTION('',(0.,0.,1.));
#8409 = ORIENTED_EDGE('',*,*,#4459,.F.);
#8410 = ORIENTED_EDGE('',*,*,#8404,.F.);
#8411 = CYLINDRICAL_SURFACE('',#8412,1.5);
#8412 = AXIS2_PLACEMENT_3D('',#8413,#8414,#8415);
#8413 = CARTESIAN_POINT('',(249.713608,-208.982411,-4.6E-02));
#8414 = DIRECTION('',(-0.,-0.,-1.));
#8415 = DIRECTION('',(-0.,-1.,0.));
#8416 = ADVANCED_FACE('',(#8417),#8428,.F.);
#8417 = FACE_BOUND('',#8418,.T.);
#8418 = EDGE_LOOP('',(#8419,#8420,#8426,#8427));
#8419 = ORIENTED_EDGE('',*,*,#1145,.T.);
#8420 = ORIENTED_EDGE('',*,*,#8421,.T.);
#8421 = EDGE_CURVE('',#1146,#4471,#8422,.T.);
#8422 = LINE('',#8423,#8424);
#8423 = CARTESIAN_POINT('',(246.483482,-206.077156,-4.6E-02));
#8424 = VECTOR('',#8425,1.);
#8425 = DIRECTION('',(0.,0.,1.));
#8426 = ORIENTED_EDGE('',*,*,#4470,.F.);
#8427 = ORIENTED_EDGE('',*,*,#8421,.F.);
#8428 = CYLINDRICAL_SURFACE('',#8429,1.5);
#8429 = AXIS2_PLACEMENT_3D('',#8430,#8431,#8432);
#8430 = CARTESIAN_POINT('',(246.483482,-204.577156,-4.6E-02));
#8431 = DIRECTION('',(-0.,-0.,-1.));
#8432 = DIRECTION('',(-0.,-1.,0.));
#8433 = ADVANCED_FACE('',(#8434),#8445,.F.);
#8434 = FACE_BOUND('',#8435,.T.);
#8435 = EDGE_LOOP('',(#8436,#8437,#8443,#8444));
#8436 = ORIENTED_EDGE('',*,*,#1156,.T.);
#8437 = ORIENTED_EDGE('',*,*,#8438,.T.);
#8438 = EDGE_CURVE('',#1157,#4482,#8439,.T.);
#8439 = LINE('',#8440,#8441);
#8440 = CARTESIAN_POINT('',(217.294361,-202.45296,-4.6E-02));
#8441 = VECTOR('',#8442,1.);
#8442 = DIRECTION('',(0.,0.,1.));
#8443 = ORIENTED_EDGE('',*,*,#4481,.F.);
#8444 = ORIENTED_EDGE('',*,*,#8438,.F.);
#8445 = CYLINDRICAL_SURFACE('',#8446,0.4953);
#8446 = AXIS2_PLACEMENT_3D('',#8447,#8448,#8449);
#8447 = CARTESIAN_POINT('',(217.294361,-201.95766,-4.6E-02));
#8448 = DIRECTION('',(-0.,0.,-1.));
#8449 = DIRECTION('',(5.738281734384E-14,-1.,-0.));
#8450 = ADVANCED_FACE('',(#8451),#8462,.F.);
#8451 = FACE_BOUND('',#8452,.T.);
#8452 = EDGE_LOOP('',(#8453,#8454,#8460,#8461));
#8453 = ORIENTED_EDGE('',*,*,#1167,.T.);
#8454 = ORIENTED_EDGE('',*,*,#8455,.T.);
#8455 = EDGE_CURVE('',#1168,#4493,#8456,.T.);
#8456 = LINE('',#8457,#8458);
#8457 = CARTESIAN_POINT('',(223.636041,-201.510796,-4.6E-02));
#8458 = VECTOR('',#8459,1.);
#8459 = DIRECTION('',(0.,0.,1.));
#8460 = ORIENTED_EDGE('',*,*,#4492,.F.);
#8461 = ORIENTED_EDGE('',*,*,#8455,.F.);
#8462 = CYLINDRICAL_SURFACE('',#8463,1.7145);
#8463 = AXIS2_PLACEMENT_3D('',#8464,#8465,#8466);
#8464 = CARTESIAN_POINT('',(223.636041,-199.796296,-4.6E-02));
#8465 = DIRECTION('',(-0.,0.,-1.));
#8466 = DIRECTION('',(1.657725834378E-14,-1.,-0.));
#8467 = ADVANCED_FACE('',(#8468),#8479,.F.);
#8468 = FACE_BOUND('',#8469,.T.);
#8469 = EDGE_LOOP('',(#8470,#8471,#8477,#8478));
#8470 = ORIENTED_EDGE('',*,*,#1178,.T.);
#8471 = ORIENTED_EDGE('',*,*,#8472,.T.);
#8472 = EDGE_CURVE('',#1179,#4504,#8473,.T.);
#8473 = LINE('',#8474,#8475);
#8474 = CARTESIAN_POINT('',(218.467732,-198.766085,-4.6E-02));
#8475 = VECTOR('',#8476,1.);
#8476 = DIRECTION('',(0.,0.,1.));
#8477 = ORIENTED_EDGE('',*,*,#4503,.F.);
#8478 = ORIENTED_EDGE('',*,*,#8472,.F.);
#8479 = CYLINDRICAL_SURFACE('',#8480,0.8509);
#8480 = AXIS2_PLACEMENT_3D('',#8481,#8482,#8483);
#8481 = CARTESIAN_POINT('',(218.467732,-197.915185,-4.6E-02));
#8482 = DIRECTION('',(-0.,-0.,-1.));
#8483 = DIRECTION('',(-0.,-1.,0.));
#8484 = ADVANCED_FACE('',(#8485),#8496,.F.);
#8485 = FACE_BOUND('',#8486,.T.);
#8486 = EDGE_LOOP('',(#8487,#8488,#8494,#8495));
#8487 = ORIENTED_EDGE('',*,*,#1189,.T.);
#8488 = ORIENTED_EDGE('',*,*,#8489,.T.);
#8489 = EDGE_CURVE('',#1190,#4515,#8490,.T.);
#8490 = LINE('',#8491,#8492);
#8491 = CARTESIAN_POINT('',(228.80435,-202.528307,-4.6E-02));
#8492 = VECTOR('',#8493,1.);
#8493 = DIRECTION('',(0.,0.,1.));
#8494 = ORIENTED_EDGE('',*,*,#4514,.F.);
#8495 = ORIENTED_EDGE('',*,*,#8489,.F.);
#8496 = CYLINDRICAL_SURFACE('',#8497,0.8509);
#8497 = AXIS2_PLACEMENT_3D('',#8498,#8499,#8500);
#8498 = CARTESIAN_POINT('',(228.80435,-201.677407,-4.6E-02));
#8499 = DIRECTION('',(-0.,-0.,-1.));
#8500 = DIRECTION('',(-0.,-1.,0.));
#8501 = ADVANCED_FACE('',(#8502),#8513,.F.);
#8502 = FACE_BOUND('',#8503,.T.);
#8503 = EDGE_LOOP('',(#8504,#8505,#8511,#8512));
#8504 = ORIENTED_EDGE('',*,*,#1200,.T.);
#8505 = ORIENTED_EDGE('',*,*,#8506,.T.);
#8506 = EDGE_CURVE('',#1201,#4526,#8507,.T.);
#8507 = LINE('',#8508,#8509);
#8508 = CARTESIAN_POINT('',(229.61708,-199.482549,-4.6E-02));
#8509 = VECTOR('',#8510,1.);
#8510 = DIRECTION('',(0.,0.,1.));
#8511 = ORIENTED_EDGE('',*,*,#4525,.F.);
#8512 = ORIENTED_EDGE('',*,*,#8506,.F.);
#8513 = CYLINDRICAL_SURFACE('',#8514,1.5);
#8514 = AXIS2_PLACEMENT_3D('',#8515,#8516,#8517);
#8515 = CARTESIAN_POINT('',(229.61708,-197.982549,-4.6E-02));
#8516 = DIRECTION('',(-0.,-0.,-1.));
#8517 = DIRECTION('',(-0.,-1.,0.));
#8518 = ADVANCED_FACE('',(#8519),#8530,.F.);
#8519 = FACE_BOUND('',#8520,.T.);
#8520 = EDGE_LOOP('',(#8521,#8522,#8528,#8529));
#8521 = ORIENTED_EDGE('',*,*,#1211,.T.);
#8522 = ORIENTED_EDGE('',*,*,#8523,.T.);
#8523 = EDGE_CURVE('',#1212,#4537,#8524,.T.);
#8524 = LINE('',#8525,#8526);
#8525 = CARTESIAN_POINT('',(220.220153,-196.062348,-4.6E-02));
#8526 = VECTOR('',#8527,1.);
#8527 = DIRECTION('',(0.,0.,1.));
#8528 = ORIENTED_EDGE('',*,*,#4536,.F.);
#8529 = ORIENTED_EDGE('',*,*,#8523,.F.);
#8530 = CYLINDRICAL_SURFACE('',#8531,1.5);
#8531 = AXIS2_PLACEMENT_3D('',#8532,#8533,#8534);
#8532 = CARTESIAN_POINT('',(220.220153,-194.562348,-4.6E-02));
#8533 = DIRECTION('',(-0.,-0.,-1.));
#8534 = DIRECTION('',(-0.,-1.,0.));
#8535 = ADVANCED_FACE('',(#8536),#8547,.F.);
#8536 = FACE_BOUND('',#8537,.T.);
#8537 = EDGE_LOOP('',(#8538,#8539,#8545,#8546));
#8538 = ORIENTED_EDGE('',*,*,#1222,.T.);
#8539 = ORIENTED_EDGE('',*,*,#8540,.T.);
#8540 = EDGE_CURVE('',#1223,#4548,#8541,.T.);
#8541 = LINE('',#8542,#8543);
#8542 = CARTESIAN_POINT('',(225.671061,-195.705125,-4.6E-02));
#8543 = VECTOR('',#8544,1.);
#8544 = DIRECTION('',(0.,0.,1.));
#8545 = ORIENTED_EDGE('',*,*,#4547,.F.);
#8546 = ORIENTED_EDGE('',*,*,#8540,.F.);
#8547 = CYLINDRICAL_SURFACE('',#8548,1.5);
#8548 = AXIS2_PLACEMENT_3D('',#8549,#8550,#8551);
#8549 = CARTESIAN_POINT('',(225.671061,-194.205125,-4.6E-02));
#8550 = DIRECTION('',(-0.,-0.,-1.));
#8551 = DIRECTION('',(-0.,-1.,0.));
#8552 = ADVANCED_FACE('',(#8553),#8564,.F.);
#8553 = FACE_BOUND('',#8554,.T.);
#8554 = EDGE_LOOP('',(#8555,#8556,#8562,#8563));
#8555 = ORIENTED_EDGE('',*,*,#1233,.T.);
#8556 = ORIENTED_EDGE('',*,*,#8557,.T.);
#8557 = EDGE_CURVE('',#1234,#4559,#8558,.T.);
#8558 = LINE('',#8559,#8560);
#8559 = CARTESIAN_POINT('',(183.480852,-188.836713,-4.6E-02));
#8560 = VECTOR('',#8561,1.);
#8561 = DIRECTION('',(0.,0.,1.));
#8562 = ORIENTED_EDGE('',*,*,#4558,.F.);
#8563 = ORIENTED_EDGE('',*,*,#8557,.F.);
#8564 = CYLINDRICAL_SURFACE('',#8565,1.5);
#8565 = AXIS2_PLACEMENT_3D('',#8566,#8567,#8568);
#8566 = CARTESIAN_POINT('',(183.480852,-187.336713,-4.6E-02));
#8567 = DIRECTION('',(-0.,-0.,-1.));
#8568 = DIRECTION('',(-0.,-1.,0.));
#8569 = ADVANCED_FACE('',(#8570),#8581,.F.);
#8570 = FACE_BOUND('',#8571,.T.);
#8571 = EDGE_LOOP('',(#8572,#8573,#8579,#8580));
#8572 = ORIENTED_EDGE('',*,*,#1244,.T.);
#8573 = ORIENTED_EDGE('',*,*,#8574,.T.);
#8574 = EDGE_CURVE('',#1245,#4570,#8575,.T.);
#8575 = LINE('',#8576,#8577);
#8576 = CARTESIAN_POINT('',(191.560852,-178.082013,-4.6E-02));
#8577 = VECTOR('',#8578,1.);
#8578 = DIRECTION('',(0.,0.,1.));
#8579 = ORIENTED_EDGE('',*,*,#4569,.F.);
#8580 = ORIENTED_EDGE('',*,*,#8574,.F.);
#8581 = CYLINDRICAL_SURFACE('',#8582,0.4953);
#8582 = AXIS2_PLACEMENT_3D('',#8583,#8584,#8585);
#8583 = CARTESIAN_POINT('',(191.560852,-177.586713,-4.6E-02));
#8584 = DIRECTION('',(-0.,-0.,-1.));
#8585 = DIRECTION('',(-0.,-1.,0.));
#8586 = ADVANCED_FACE('',(#8587),#8598,.F.);
#8587 = FACE_BOUND('',#8588,.T.);
#8588 = EDGE_LOOP('',(#8589,#8590,#8596,#8597));
#8589 = ORIENTED_EDGE('',*,*,#1255,.T.);
#8590 = ORIENTED_EDGE('',*,*,#8591,.T.);
#8591 = EDGE_CURVE('',#1256,#4581,#8592,.T.);
#8592 = LINE('',#8593,#8594);
#8593 = CARTESIAN_POINT('',(202.000852,-178.082013,-4.6E-02));
#8594 = VECTOR('',#8595,1.);
#8595 = DIRECTION('',(0.,0.,1.));
#8596 = ORIENTED_EDGE('',*,*,#4580,.F.);
#8597 = ORIENTED_EDGE('',*,*,#8591,.F.);
#8598 = CYLINDRICAL_SURFACE('',#8599,0.4953);
#8599 = AXIS2_PLACEMENT_3D('',#8600,#8601,#8602);
#8600 = CARTESIAN_POINT('',(202.000852,-177.586713,-4.6E-02));
#8601 = DIRECTION('',(-0.,-0.,-1.));
#8602 = DIRECTION('',(-0.,-1.,0.));
#8603 = ADVANCED_FACE('',(#8604),#8615,.F.);
#8604 = FACE_BOUND('',#8605,.T.);
#8605 = EDGE_LOOP('',(#8606,#8607,#8613,#8614));
#8606 = ORIENTED_EDGE('',*,*,#1266,.T.);
#8607 = ORIENTED_EDGE('',*,*,#8608,.T.);
#8608 = EDGE_CURVE('',#1267,#4592,#8609,.T.);
#8609 = LINE('',#8610,#8611);
#8610 = CARTESIAN_POINT('',(210.560852,-178.082013,-4.6E-02));
#8611 = VECTOR('',#8612,1.);
#8612 = DIRECTION('',(0.,0.,1.));
#8613 = ORIENTED_EDGE('',*,*,#4591,.F.);
#8614 = ORIENTED_EDGE('',*,*,#8608,.F.);
#8615 = CYLINDRICAL_SURFACE('',#8616,0.4953);
#8616 = AXIS2_PLACEMENT_3D('',#8617,#8618,#8619);
#8617 = CARTESIAN_POINT('',(210.560852,-177.586713,-4.6E-02));
#8618 = DIRECTION('',(-0.,-0.,-1.));
#8619 = DIRECTION('',(-0.,-1.,0.));
#8620 = ADVANCED_FACE('',(#8621),#8632,.F.);
#8621 = FACE_BOUND('',#8622,.T.);
#8622 = EDGE_LOOP('',(#8623,#8624,#8630,#8631));
#8623 = ORIENTED_EDGE('',*,*,#1277,.T.);
#8624 = ORIENTED_EDGE('',*,*,#8625,.T.);
#8625 = EDGE_CURVE('',#1278,#4603,#8626,.T.);
#8626 = LINE('',#8627,#8628);
#8627 = CARTESIAN_POINT('',(183.000852,-171.082013,-4.6E-02));
#8628 = VECTOR('',#8629,1.);
#8629 = DIRECTION('',(0.,0.,1.));
#8630 = ORIENTED_EDGE('',*,*,#4602,.F.);
#8631 = ORIENTED_EDGE('',*,*,#8625,.F.);
#8632 = CYLINDRICAL_SURFACE('',#8633,0.4953);
#8633 = AXIS2_PLACEMENT_3D('',#8634,#8635,#8636);
#8634 = CARTESIAN_POINT('',(183.000852,-170.586713,-4.6E-02));
#8635 = DIRECTION('',(-0.,-0.,-1.));
#8636 = DIRECTION('',(-0.,-1.,0.));
#8637 = ADVANCED_FACE('',(#8638),#8649,.F.);
#8638 = FACE_BOUND('',#8639,.T.);
#8639 = EDGE_LOOP('',(#8640,#8641,#8647,#8648));
#8640 = ORIENTED_EDGE('',*,*,#1288,.T.);
#8641 = ORIENTED_EDGE('',*,*,#8642,.T.);
#8642 = EDGE_CURVE('',#1289,#4614,#8643,.T.);
#8643 = LINE('',#8644,#8645);
#8644 = CARTESIAN_POINT('',(191.280852,-174.237613,-4.6E-02));
#8645 = VECTOR('',#8646,1.);
#8646 = DIRECTION('',(0.,0.,1.));
#8647 = ORIENTED_EDGE('',*,*,#4613,.F.);
#8648 = ORIENTED_EDGE('',*,*,#8642,.F.);
#8649 = CYLINDRICAL_SURFACE('',#8650,0.8509);
#8650 = AXIS2_PLACEMENT_3D('',#8651,#8652,#8653);
#8651 = CARTESIAN_POINT('',(191.280852,-173.386713,-4.6E-02));
#8652 = DIRECTION('',(-0.,0.,-1.));
#8653 = DIRECTION('',(3.340193845388E-14,-1.,-0.));
#8654 = ADVANCED_FACE('',(#8655),#8666,.F.);
#8655 = FACE_BOUND('',#8656,.T.);
#8656 = EDGE_LOOP('',(#8657,#8658,#8664,#8665));
#8657 = ORIENTED_EDGE('',*,*,#1299,.T.);
#8658 = ORIENTED_EDGE('',*,*,#8659,.T.);
#8659 = EDGE_CURVE('',#1300,#4625,#8660,.T.);
#8660 = LINE('',#8661,#8662);
#8661 = CARTESIAN_POINT('',(183.280852,-167.237613,-4.6E-02));
#8662 = VECTOR('',#8663,1.);
#8663 = DIRECTION('',(0.,0.,1.));
#8664 = ORIENTED_EDGE('',*,*,#4624,.F.);
#8665 = ORIENTED_EDGE('',*,*,#8659,.F.);
#8666 = CYLINDRICAL_SURFACE('',#8667,0.8509);
#8667 = AXIS2_PLACEMENT_3D('',#8668,#8669,#8670);
#8668 = CARTESIAN_POINT('',(183.280852,-166.386713,-4.6E-02));
#8669 = DIRECTION('',(-0.,0.,-1.));
#8670 = DIRECTION('',(3.340193845388E-14,-1.,-0.));
#8671 = ADVANCED_FACE('',(#8672),#8683,.F.);
#8672 = FACE_BOUND('',#8673,.T.);
#8673 = EDGE_LOOP('',(#8674,#8675,#8681,#8682));
#8674 = ORIENTED_EDGE('',*,*,#1310,.T.);
#8675 = ORIENTED_EDGE('',*,*,#8676,.T.);
#8676 = EDGE_CURVE('',#1311,#4636,#8677,.T.);
#8677 = LINE('',#8678,#8679);
#8678 = CARTESIAN_POINT('',(196.780852,-175.101213,-4.6E-02));
#8679 = VECTOR('',#8680,1.);
#8680 = DIRECTION('',(0.,0.,1.));
#8681 = ORIENTED_EDGE('',*,*,#4635,.F.);
#8682 = ORIENTED_EDGE('',*,*,#8676,.F.);
#8683 = CYLINDRICAL_SURFACE('',#8684,1.7145);
#8684 = AXIS2_PLACEMENT_3D('',#8685,#8686,#8687);
#8685 = CARTESIAN_POINT('',(196.780852,-173.386713,-4.6E-02));
#8686 = DIRECTION('',(-0.,0.,-1.));
#8687 = DIRECTION('',(1.657725834378E-14,-1.,-0.));
#8688 = ADVANCED_FACE('',(#8689),#8700,.F.);
#8689 = FACE_BOUND('',#8690,.T.);
#8690 = EDGE_LOOP('',(#8691,#8692,#8698,#8699));
#8691 = ORIENTED_EDGE('',*,*,#1321,.T.);
#8692 = ORIENTED_EDGE('',*,*,#8693,.T.);
#8693 = EDGE_CURVE('',#1322,#4647,#8694,.T.);
#8694 = LINE('',#8695,#8696);
#8695 = CARTESIAN_POINT('',(191.780852,-171.136713,-4.6E-02));
#8696 = VECTOR('',#8697,1.);
#8697 = DIRECTION('',(0.,0.,1.));
#8698 = ORIENTED_EDGE('',*,*,#4646,.F.);
#8699 = ORIENTED_EDGE('',*,*,#8693,.F.);
#8700 = CYLINDRICAL_SURFACE('',#8701,1.5);
#8701 = AXIS2_PLACEMENT_3D('',#8702,#8703,#8704);
#8702 = CARTESIAN_POINT('',(191.780852,-169.636713,-4.6E-02));
#8703 = DIRECTION('',(-0.,-0.,-1.));
#8704 = DIRECTION('',(-0.,-1.,0.));
#8705 = ADVANCED_FACE('',(#8706),#8717,.F.);
#8706 = FACE_BOUND('',#8707,.T.);
#8707 = EDGE_LOOP('',(#8708,#8709,#8715,#8716));
#8708 = ORIENTED_EDGE('',*,*,#1332,.T.);
#8709 = ORIENTED_EDGE('',*,*,#8710,.T.);
#8710 = EDGE_CURVE('',#1333,#4658,#8711,.T.);
#8711 = LINE('',#8712,#8713);
#8712 = CARTESIAN_POINT('',(196.780852,-168.936713,-4.6E-02));
#8713 = VECTOR('',#8714,1.);
#8714 = DIRECTION('',(0.,0.,1.));
#8715 = ORIENTED_EDGE('',*,*,#4657,.F.);
#8716 = ORIENTED_EDGE('',*,*,#8710,.F.);
#8717 = CYLINDRICAL_SURFACE('',#8718,1.5);
#8718 = AXIS2_PLACEMENT_3D('',#8719,#8720,#8721);
#8719 = CARTESIAN_POINT('',(196.780852,-167.436713,-4.6E-02));
#8720 = DIRECTION('',(-0.,-0.,-1.));
#8721 = DIRECTION('',(-0.,-1.,0.));
#8722 = ADVANCED_FACE('',(#8723),#8734,.F.);
#8723 = FACE_BOUND('',#8724,.T.);
#8724 = EDGE_LOOP('',(#8725,#8726,#8732,#8733));
#8725 = ORIENTED_EDGE('',*,*,#1343,.T.);
#8726 = ORIENTED_EDGE('',*,*,#8727,.T.);
#8727 = EDGE_CURVE('',#1344,#4669,#8728,.T.);
#8728 = LINE('',#8729,#8730);
#8729 = CARTESIAN_POINT('',(202.280852,-174.237613,-4.6E-02));
#8730 = VECTOR('',#8731,1.);
#8731 = DIRECTION('',(0.,0.,1.));
#8732 = ORIENTED_EDGE('',*,*,#4668,.F.);
#8733 = ORIENTED_EDGE('',*,*,#8727,.F.);
#8734 = CYLINDRICAL_SURFACE('',#8735,0.8509);
#8735 = AXIS2_PLACEMENT_3D('',#8736,#8737,#8738);
#8736 = CARTESIAN_POINT('',(202.280852,-173.386713,-4.6E-02));
#8737 = DIRECTION('',(-0.,0.,-1.));
#8738 = DIRECTION('',(3.340193845388E-14,-1.,-0.));
#8739 = ADVANCED_FACE('',(#8740),#8751,.F.);
#8740 = FACE_BOUND('',#8741,.T.);
#8741 = EDGE_LOOP('',(#8742,#8743,#8749,#8750));
#8742 = ORIENTED_EDGE('',*,*,#1354,.T.);
#8743 = ORIENTED_EDGE('',*,*,#8744,.T.);
#8744 = EDGE_CURVE('',#1355,#4680,#8745,.T.);
#8745 = LINE('',#8746,#8747);
#8746 = CARTESIAN_POINT('',(201.780852,-171.136713,-4.6E-02));
#8747 = VECTOR('',#8748,1.);
#8748 = DIRECTION('',(0.,0.,1.));
#8749 = ORIENTED_EDGE('',*,*,#4679,.F.);
#8750 = ORIENTED_EDGE('',*,*,#8744,.F.);
#8751 = CYLINDRICAL_SURFACE('',#8752,1.5);
#8752 = AXIS2_PLACEMENT_3D('',#8753,#8754,#8755);
#8753 = CARTESIAN_POINT('',(201.780852,-169.636713,-4.6E-02));
#8754 = DIRECTION('',(-0.,-0.,-1.));
#8755 = DIRECTION('',(-0.,-1.,0.));
#8756 = ADVANCED_FACE('',(#8757),#8768,.F.);
#8757 = FACE_BOUND('',#8758,.T.);
#8758 = EDGE_LOOP('',(#8759,#8760,#8766,#8767));
#8759 = ORIENTED_EDGE('',*,*,#1365,.T.);
#8760 = ORIENTED_EDGE('',*,*,#8761,.T.);
#8761 = EDGE_CURVE('',#1366,#4691,#8762,.T.);
#8762 = LINE('',#8763,#8764);
#8763 = CARTESIAN_POINT('',(210.280852,-174.237613,-4.6E-02));
#8764 = VECTOR('',#8765,1.);
#8765 = DIRECTION('',(0.,0.,1.));
#8766 = ORIENTED_EDGE('',*,*,#4690,.F.);
#8767 = ORIENTED_EDGE('',*,*,#8761,.F.);
#8768 = CYLINDRICAL_SURFACE('',#8769,0.8509);
#8769 = AXIS2_PLACEMENT_3D('',#8770,#8771,#8772);
#8770 = CARTESIAN_POINT('',(210.280852,-173.386713,-4.6E-02));
#8771 = DIRECTION('',(-0.,0.,-1.));
#8772 = DIRECTION('',(3.340193845388E-14,-1.,-0.));
#8773 = ADVANCED_FACE('',(#8774),#8785,.F.);
#8774 = FACE_BOUND('',#8775,.T.);
#8775 = EDGE_LOOP('',(#8776,#8777,#8783,#8784));
#8776 = ORIENTED_EDGE('',*,*,#1376,.T.);
#8777 = ORIENTED_EDGE('',*,*,#8778,.T.);
#8778 = EDGE_CURVE('',#1377,#4702,#8779,.T.);
#8779 = LINE('',#8780,#8781);
#8780 = CARTESIAN_POINT('',(215.780852,-175.101213,-4.6E-02));
#8781 = VECTOR('',#8782,1.);
#8782 = DIRECTION('',(0.,0.,1.));
#8783 = ORIENTED_EDGE('',*,*,#4701,.F.);
#8784 = ORIENTED_EDGE('',*,*,#8778,.F.);
#8785 = CYLINDRICAL_SURFACE('',#8786,1.7145);
#8786 = AXIS2_PLACEMENT_3D('',#8787,#8788,#8789);
#8787 = CARTESIAN_POINT('',(215.780852,-173.386713,-4.6E-02));
#8788 = DIRECTION('',(-0.,0.,-1.));
#8789 = DIRECTION('',(1.657725834378E-14,-1.,-0.));
#8790 = ADVANCED_FACE('',(#8791),#8802,.F.);
#8791 = FACE_BOUND('',#8792,.T.);
#8792 = EDGE_LOOP('',(#8793,#8794,#8800,#8801));
#8793 = ORIENTED_EDGE('',*,*,#1387,.T.);
#8794 = ORIENTED_EDGE('',*,*,#8795,.T.);
#8795 = EDGE_CURVE('',#1388,#4713,#8796,.T.);
#8796 = LINE('',#8797,#8798);
#8797 = CARTESIAN_POINT('',(210.780852,-171.136713,-4.6E-02));
#8798 = VECTOR('',#8799,1.);
#8799 = DIRECTION('',(0.,0.,1.));
#8800 = ORIENTED_EDGE('',*,*,#4712,.F.);
#8801 = ORIENTED_EDGE('',*,*,#8795,.F.);
#8802 = CYLINDRICAL_SURFACE('',#8803,1.5);
#8803 = AXIS2_PLACEMENT_3D('',#8804,#8805,#8806);
#8804 = CARTESIAN_POINT('',(210.780852,-169.636713,-4.6E-02));
#8805 = DIRECTION('',(-0.,-0.,-1.));
#8806 = DIRECTION('',(-0.,-1.,0.));
#8807 = ADVANCED_FACE('',(#8808),#8819,.F.);
#8808 = FACE_BOUND('',#8809,.T.);
#8809 = EDGE_LOOP('',(#8810,#8811,#8817,#8818));
#8810 = ORIENTED_EDGE('',*,*,#1398,.T.);
#8811 = ORIENTED_EDGE('',*,*,#8812,.T.);
#8812 = EDGE_CURVE('',#1399,#4724,#8813,.T.);
#8813 = LINE('',#8814,#8815);
#8814 = CARTESIAN_POINT('',(215.780852,-168.936713,-4.6E-02));
#8815 = VECTOR('',#8816,1.);
#8816 = DIRECTION('',(0.,0.,1.));
#8817 = ORIENTED_EDGE('',*,*,#4723,.F.);
#8818 = ORIENTED_EDGE('',*,*,#8812,.F.);
#8819 = CYLINDRICAL_SURFACE('',#8820,1.5);
#8820 = AXIS2_PLACEMENT_3D('',#8821,#8822,#8823);
#8821 = CARTESIAN_POINT('',(215.780852,-167.436713,-4.6E-02));
#8822 = DIRECTION('',(-0.,-0.,-1.));
#8823 = DIRECTION('',(-0.,-1.,0.));
#8824 = ADVANCED_FACE('',(#8825),#8836,.F.);
#8825 = FACE_BOUND('',#8826,.T.);
#8826 = EDGE_LOOP('',(#8827,#8828,#8834,#8835));
#8827 = ORIENTED_EDGE('',*,*,#1409,.T.);
#8828 = ORIENTED_EDGE('',*,*,#8829,.T.);
#8829 = EDGE_CURVE('',#1410,#4735,#8830,.T.);
#8830 = LINE('',#8831,#8832);
#8831 = CARTESIAN_POINT('',(221.000852,-178.082013,-4.6E-02));
#8832 = VECTOR('',#8833,1.);
#8833 = DIRECTION('',(0.,0.,1.));
#8834 = ORIENTED_EDGE('',*,*,#4734,.F.);
#8835 = ORIENTED_EDGE('',*,*,#8829,.F.);
#8836 = CYLINDRICAL_SURFACE('',#8837,0.4953);
#8837 = AXIS2_PLACEMENT_3D('',#8838,#8839,#8840);
#8838 = CARTESIAN_POINT('',(221.000852,-177.586713,-4.6E-02));
#8839 = DIRECTION('',(-0.,-0.,-1.));
#8840 = DIRECTION('',(-0.,-1.,0.));
#8841 = ADVANCED_FACE('',(#8842),#8858,.F.);
#8842 = FACE_BOUND('',#8843,.T.);
#8843 = EDGE_LOOP('',(#8844,#8845,#8851,#8852));
#8844 = ORIENTED_EDGE('',*,*,#1420,.T.);
#8845 = ORIENTED_EDGE('',*,*,#8846,.T.);
#8846 = EDGE_CURVE('',#1423,#4748,#8847,.T.);
#8847 = LINE('',#8848,#8849);
#8848 = CARTESIAN_POINT('',(247.15,-186.035,-4.6E-02));
#8849 = VECTOR('',#8850,1.);
#8850 = DIRECTION('',(0.,0.,1.));
#8851 = ORIENTED_EDGE('',*,*,#4745,.F.);
#8852 = ORIENTED_EDGE('',*,*,#8853,.F.);
#8853 = EDGE_CURVE('',#1421,#4746,#8854,.T.);
#8854 = LINE('',#8855,#8856);
#8855 = CARTESIAN_POINT('',(247.15,-185.435,-4.6E-02));
#8856 = VECTOR('',#8857,1.);
#8857 = DIRECTION('',(0.,0.,1.));
#8858 = CYLINDRICAL_SURFACE('',#8859,0.3);
#8859 = AXIS2_PLACEMENT_3D('',#8860,#8861,#8862);
#8860 = CARTESIAN_POINT('',(247.15,-185.735,-4.6E-02));
#8861 = DIRECTION('',(-0.,-0.,-1.));
#8862 = DIRECTION('',(-0.,-1.,0.));
#8863 = ADVANCED_FACE('',(#8864),#8875,.T.);
#8864 = FACE_BOUND('',#8865,.T.);
#8865 = EDGE_LOOP('',(#8866,#8867,#8868,#8869));
#8866 = ORIENTED_EDGE('',*,*,#1448,.T.);
#8867 = ORIENTED_EDGE('',*,*,#8853,.T.);
#8868 = ORIENTED_EDGE('',*,*,#4773,.F.);
#8869 = ORIENTED_EDGE('',*,*,#8870,.F.);
#8870 = EDGE_CURVE('',#1440,#4765,#8871,.T.);
#8871 = LINE('',#8872,#8873);
#8872 = CARTESIAN_POINT('',(246.05,-185.435,-4.6E-02));
#8873 = VECTOR('',#8874,1.);
#8874 = DIRECTION('',(0.,0.,1.));
#8875 = PLANE('',#8876);
#8876 = AXIS2_PLACEMENT_3D('',#8877,#8878,#8879);
#8877 = CARTESIAN_POINT('',(247.15,-185.435,-4.6E-02));
#8878 = DIRECTION('',(0.,-1.,0.));
#8879 = DIRECTION('',(-1.,0.,0.));
#8880 = ADVANCED_FACE('',(#8881),#8892,.F.);
#8881 = FACE_BOUND('',#8882,.T.);
#8882 = EDGE_LOOP('',(#8883,#8884,#8885,#8886));
#8883 = ORIENTED_EDGE('',*,*,#1439,.T.);
#8884 = ORIENTED_EDGE('',*,*,#8870,.T.);
#8885 = ORIENTED_EDGE('',*,*,#4764,.F.);
#8886 = ORIENTED_EDGE('',*,*,#8887,.F.);
#8887 = EDGE_CURVE('',#1432,#4757,#8888,.T.);
#8888 = LINE('',#8889,#8890);
#8889 = CARTESIAN_POINT('',(246.05,-186.035,-4.6E-02));
#8890 = VECTOR('',#8891,1.);
#8891 = DIRECTION('',(0.,0.,1.));
#8892 = CYLINDRICAL_SURFACE('',#8893,0.3);
#8893 = AXIS2_PLACEMENT_3D('',#8894,#8895,#8896);
#8894 = CARTESIAN_POINT('',(246.05,-185.735,-4.6E-02));
#8895 = DIRECTION('',(-0.,-0.,-1.));
#8896 = DIRECTION('',(9.473903143469E-14,1.,-0.));
#8897 = ADVANCED_FACE('',(#8898),#8904,.T.);
#8898 = FACE_BOUND('',#8899,.T.);
#8899 = EDGE_LOOP('',(#8900,#8901,#8902,#8903));
#8900 = ORIENTED_EDGE('',*,*,#1431,.T.);
#8901 = ORIENTED_EDGE('',*,*,#8887,.T.);
#8902 = ORIENTED_EDGE('',*,*,#4756,.F.);
#8903 = ORIENTED_EDGE('',*,*,#8846,.F.);
#8904 = PLANE('',#8905);
#8905 = AXIS2_PLACEMENT_3D('',#8906,#8907,#8908);
#8906 = CARTESIAN_POINT('',(246.05,-186.035,-4.6E-02));
#8907 = DIRECTION('',(0.,1.,0.));
#8908 = DIRECTION('',(1.,0.,0.));
#8909 = ADVANCED_FACE('',(#8910),#8921,.F.);
#8910 = FACE_BOUND('',#8911,.T.);
#8911 = EDGE_LOOP('',(#8912,#8913,#8919,#8920));
#8912 = ORIENTED_EDGE('',*,*,#1456,.T.);
#8913 = ORIENTED_EDGE('',*,*,#8914,.T.);
#8914 = EDGE_CURVE('',#1457,#4782,#8915,.T.);
#8915 = LINE('',#8916,#8917);
#8916 = CARTESIAN_POINT('',(247.12,-184.63,-4.6E-02));
#8917 = VECTOR('',#8918,1.);
#8918 = DIRECTION('',(0.,0.,1.));
#8919 = ORIENTED_EDGE('',*,*,#4781,.F.);
#8920 = ORIENTED_EDGE('',*,*,#8914,.F.);
#8921 = CYLINDRICAL_SURFACE('',#8922,0.325);
#8922 = AXIS2_PLACEMENT_3D('',#8923,#8924,#8925);
#8923 = CARTESIAN_POINT('',(247.12,-184.305,-4.6E-02));
#8924 = DIRECTION('',(-0.,-0.,-1.));
#8925 = DIRECTION('',(-0.,-1.,0.));
#8926 = ADVANCED_FACE('',(#8927),#8943,.F.);
#8927 = FACE_BOUND('',#8928,.T.);
#8928 = EDGE_LOOP('',(#8929,#8930,#8936,#8937));
#8929 = ORIENTED_EDGE('',*,*,#1467,.T.);
#8930 = ORIENTED_EDGE('',*,*,#8931,.T.);
#8931 = EDGE_CURVE('',#1470,#4795,#8932,.T.);
#8932 = LINE('',#8933,#8934);
#8933 = CARTESIAN_POINT('',(251.2,-186.035,-4.6E-02));
#8934 = VECTOR('',#8935,1.);
#8935 = DIRECTION('',(0.,0.,1.));
#8936 = ORIENTED_EDGE('',*,*,#4792,.F.);
#8937 = ORIENTED_EDGE('',*,*,#8938,.F.);
#8938 = EDGE_CURVE('',#1468,#4793,#8939,.T.);
#8939 = LINE('',#8940,#8941);
#8940 = CARTESIAN_POINT('',(251.2,-185.435,-4.6E-02));
#8941 = VECTOR('',#8942,1.);
#8942 = DIRECTION('',(0.,0.,1.));
#8943 = CYLINDRICAL_SURFACE('',#8944,0.3);
#8944 = AXIS2_PLACEMENT_3D('',#8945,#8946,#8947);
#8945 = CARTESIAN_POINT('',(251.2,-185.735,-4.6E-02));
#8946 = DIRECTION('',(-0.,-0.,-1.));
#8947 = DIRECTION('',(-9.473903143468E-14,-1.,0.));
#8948 = ADVANCED_FACE('',(#8949),#8960,.T.);
#8949 = FACE_BOUND('',#8950,.T.);
#8950 = EDGE_LOOP('',(#8951,#8952,#8953,#8954));
#8951 = ORIENTED_EDGE('',*,*,#1495,.T.);
#8952 = ORIENTED_EDGE('',*,*,#8938,.T.);
#8953 = ORIENTED_EDGE('',*,*,#4820,.F.);
#8954 = ORIENTED_EDGE('',*,*,#8955,.F.);
#8955 = EDGE_CURVE('',#1487,#4812,#8956,.T.);
#8956 = LINE('',#8957,#8958);
#8957 = CARTESIAN_POINT('',(250.4,-185.435,-4.6E-02));
#8958 = VECTOR('',#8959,1.);
#8959 = DIRECTION('',(0.,0.,1.));
#8960 = PLANE('',#8961);
#8961 = AXIS2_PLACEMENT_3D('',#8962,#8963,#8964);
#8962 = CARTESIAN_POINT('',(251.2,-185.435,-4.6E-02));
#8963 = DIRECTION('',(0.,-1.,0.));
#8964 = DIRECTION('',(-1.,0.,0.));
#8965 = ADVANCED_FACE('',(#8966),#8977,.F.);
#8966 = FACE_BOUND('',#8967,.T.);
#8967 = EDGE_LOOP('',(#8968,#8969,#8970,#8971));
#8968 = ORIENTED_EDGE('',*,*,#1486,.T.);
#8969 = ORIENTED_EDGE('',*,*,#8955,.T.);
#8970 = ORIENTED_EDGE('',*,*,#4811,.F.);
#8971 = ORIENTED_EDGE('',*,*,#8972,.F.);
#8972 = EDGE_CURVE('',#1479,#4804,#8973,.T.);
#8973 = LINE('',#8974,#8975);
#8974 = CARTESIAN_POINT('',(250.4,-186.035,-4.6E-02));
#8975 = VECTOR('',#8976,1.);
#8976 = DIRECTION('',(0.,0.,1.));
#8977 = CYLINDRICAL_SURFACE('',#8978,0.3);
#8978 = AXIS2_PLACEMENT_3D('',#8979,#8980,#8981);
#8979 = CARTESIAN_POINT('',(250.4,-185.735,-4.6E-02));
#8980 = DIRECTION('',(-0.,-0.,-1.));
#8981 = DIRECTION('',(9.473903143469E-14,1.,-0.));
#8982 = ADVANCED_FACE('',(#8983),#8989,.T.);
#8983 = FACE_BOUND('',#8984,.T.);
#8984 = EDGE_LOOP('',(#8985,#8986,#8987,#8988));
#8985 = ORIENTED_EDGE('',*,*,#1478,.T.);
#8986 = ORIENTED_EDGE('',*,*,#8972,.T.);
#8987 = ORIENTED_EDGE('',*,*,#4803,.F.);
#8988 = ORIENTED_EDGE('',*,*,#8931,.F.);
#8989 = PLANE('',#8990);
#8990 = AXIS2_PLACEMENT_3D('',#8991,#8992,#8993);
#8991 = CARTESIAN_POINT('',(250.4,-186.035,-4.6E-02));
#8992 = DIRECTION('',(0.,1.,0.));
#8993 = DIRECTION('',(1.,0.,0.));
#8994 = ADVANCED_FACE('',(#8995),#9006,.F.);
#8995 = FACE_BOUND('',#8996,.T.);
#8996 = EDGE_LOOP('',(#8997,#8998,#9004,#9005));
#8997 = ORIENTED_EDGE('',*,*,#1503,.T.);
#8998 = ORIENTED_EDGE('',*,*,#8999,.T.);
#8999 = EDGE_CURVE('',#1504,#4829,#9000,.T.);
#9000 = LINE('',#9001,#9002);
#9001 = CARTESIAN_POINT('',(247.12,-178.85,-4.6E-02));
#9002 = VECTOR('',#9003,1.);
#9003 = DIRECTION('',(0.,0.,1.));
#9004 = ORIENTED_EDGE('',*,*,#4828,.F.);
#9005 = ORIENTED_EDGE('',*,*,#8999,.F.);
#9006 = CYLINDRICAL_SURFACE('',#9007,0.325);
#9007 = AXIS2_PLACEMENT_3D('',#9008,#9009,#9010);
#9008 = CARTESIAN_POINT('',(247.12,-178.525,-4.6E-02));
#9009 = DIRECTION('',(-0.,-0.,-1.));
#9010 = DIRECTION('',(-0.,-1.,0.));
#9011 = ADVANCED_FACE('',(#9012),#9028,.F.);
#9012 = FACE_BOUND('',#9013,.T.);
#9013 = EDGE_LOOP('',(#9014,#9015,#9021,#9022));
#9014 = ORIENTED_EDGE('',*,*,#1514,.T.);
#9015 = ORIENTED_EDGE('',*,*,#9016,.T.);
#9016 = EDGE_CURVE('',#1517,#4842,#9017,.T.);
#9017 = LINE('',#9018,#9019);
#9018 = CARTESIAN_POINT('',(247.15,-177.395,-4.6E-02));
#9019 = VECTOR('',#9020,1.);
#9020 = DIRECTION('',(0.,0.,1.));
#9021 = ORIENTED_EDGE('',*,*,#4839,.F.);
#9022 = ORIENTED_EDGE('',*,*,#9023,.F.);
#9023 = EDGE_CURVE('',#1515,#4840,#9024,.T.);
#9024 = LINE('',#9025,#9026);
#9025 = CARTESIAN_POINT('',(247.15,-176.795,-4.6E-02));
#9026 = VECTOR('',#9027,1.);
#9027 = DIRECTION('',(0.,0.,1.));
#9028 = CYLINDRICAL_SURFACE('',#9029,0.3);
#9029 = AXIS2_PLACEMENT_3D('',#9030,#9031,#9032);
#9030 = CARTESIAN_POINT('',(247.15,-177.095,-4.6E-02));
#9031 = DIRECTION('',(-0.,-0.,-1.));
#9032 = DIRECTION('',(-0.,-1.,0.));
#9033 = ADVANCED_FACE('',(#9034),#9045,.T.);
#9034 = FACE_BOUND('',#9035,.T.);
#9035 = EDGE_LOOP('',(#9036,#9037,#9038,#9039));
#9036 = ORIENTED_EDGE('',*,*,#1542,.T.);
#9037 = ORIENTED_EDGE('',*,*,#9023,.T.);
#9038 = ORIENTED_EDGE('',*,*,#4867,.F.);
#9039 = ORIENTED_EDGE('',*,*,#9040,.F.);
#9040 = EDGE_CURVE('',#1534,#4859,#9041,.T.);
#9041 = LINE('',#9042,#9043);
#9042 = CARTESIAN_POINT('',(246.05,-176.795,-4.6E-02));
#9043 = VECTOR('',#9044,1.);
#9044 = DIRECTION('',(0.,0.,1.));
#9045 = PLANE('',#9046);
#9046 = AXIS2_PLACEMENT_3D('',#9047,#9048,#9049);
#9047 = CARTESIAN_POINT('',(247.15,-176.795,-4.6E-02));
#9048 = DIRECTION('',(0.,-1.,0.));
#9049 = DIRECTION('',(-1.,0.,0.));
#9050 = ADVANCED_FACE('',(#9051),#9062,.F.);
#9051 = FACE_BOUND('',#9052,.T.);
#9052 = EDGE_LOOP('',(#9053,#9054,#9055,#9056));
#9053 = ORIENTED_EDGE('',*,*,#1533,.T.);
#9054 = ORIENTED_EDGE('',*,*,#9040,.T.);
#9055 = ORIENTED_EDGE('',*,*,#4858,.F.);
#9056 = ORIENTED_EDGE('',*,*,#9057,.F.);
#9057 = EDGE_CURVE('',#1526,#4851,#9058,.T.);
#9058 = LINE('',#9059,#9060);
#9059 = CARTESIAN_POINT('',(246.05,-177.395,-4.6E-02));
#9060 = VECTOR('',#9061,1.);
#9061 = DIRECTION('',(0.,0.,1.));
#9062 = CYLINDRICAL_SURFACE('',#9063,0.3);
#9063 = AXIS2_PLACEMENT_3D('',#9064,#9065,#9066);
#9064 = CARTESIAN_POINT('',(246.05,-177.095,-4.6E-02));
#9065 = DIRECTION('',(-0.,0.,-1.));
#9066 = DIRECTION('',(0.,1.,0.));
#9067 = ADVANCED_FACE('',(#9068),#9074,.T.);
#9068 = FACE_BOUND('',#9069,.T.);
#9069 = EDGE_LOOP('',(#9070,#9071,#9072,#9073));
#9070 = ORIENTED_EDGE('',*,*,#1525,.T.);
#9071 = ORIENTED_EDGE('',*,*,#9057,.T.);
#9072 = ORIENTED_EDGE('',*,*,#4850,.F.);
#9073 = ORIENTED_EDGE('',*,*,#9016,.F.);
#9074 = PLANE('',#9075);
#9075 = AXIS2_PLACEMENT_3D('',#9076,#9077,#9078);
#9076 = CARTESIAN_POINT('',(246.05,-177.395,-4.6E-02));
#9077 = DIRECTION('',(0.,1.,0.));
#9078 = DIRECTION('',(1.,0.,0.));
#9079 = ADVANCED_FACE('',(#9080),#9096,.F.);
#9080 = FACE_BOUND('',#9081,.T.);
#9081 = EDGE_LOOP('',(#9082,#9083,#9089,#9090));
#9082 = ORIENTED_EDGE('',*,*,#1550,.T.);
#9083 = ORIENTED_EDGE('',*,*,#9084,.T.);
#9084 = EDGE_CURVE('',#1553,#4878,#9085,.T.);
#9085 = LINE('',#9086,#9087);
#9086 = CARTESIAN_POINT('',(251.2,-177.395,-4.6E-02));
#9087 = VECTOR('',#9088,1.);
#9088 = DIRECTION('',(0.,0.,1.));
#9089 = ORIENTED_EDGE('',*,*,#4875,.F.);
#9090 = ORIENTED_EDGE('',*,*,#9091,.F.);
#9091 = EDGE_CURVE('',#1551,#4876,#9092,.T.);
#9092 = LINE('',#9093,#9094);
#9093 = CARTESIAN_POINT('',(251.2,-176.795,-4.6E-02));
#9094 = VECTOR('',#9095,1.);
#9095 = DIRECTION('',(0.,0.,1.));
#9096 = CYLINDRICAL_SURFACE('',#9097,0.3);
#9097 = AXIS2_PLACEMENT_3D('',#9098,#9099,#9100);
#9098 = CARTESIAN_POINT('',(251.2,-177.095,-4.6E-02));
#9099 = DIRECTION('',(-0.,-0.,-1.));
#9100 = DIRECTION('',(-0.,-1.,0.));
#9101 = ADVANCED_FACE('',(#9102),#9113,.T.);
#9102 = FACE_BOUND('',#9103,.T.);
#9103 = EDGE_LOOP('',(#9104,#9105,#9106,#9107));
#9104 = ORIENTED_EDGE('',*,*,#1578,.T.);
#9105 = ORIENTED_EDGE('',*,*,#9091,.T.);
#9106 = ORIENTED_EDGE('',*,*,#4903,.F.);
#9107 = ORIENTED_EDGE('',*,*,#9108,.F.);
#9108 = EDGE_CURVE('',#1570,#4895,#9109,.T.);
#9109 = LINE('',#9110,#9111);
#9110 = CARTESIAN_POINT('',(250.4,-176.795,-4.6E-02));
#9111 = VECTOR('',#9112,1.);
#9112 = DIRECTION('',(0.,0.,1.));
#9113 = PLANE('',#9114);
#9114 = AXIS2_PLACEMENT_3D('',#9115,#9116,#9117);
#9115 = CARTESIAN_POINT('',(251.2,-176.795,-4.6E-02));
#9116 = DIRECTION('',(0.,-1.,0.));
#9117 = DIRECTION('',(-1.,0.,0.));
#9118 = ADVANCED_FACE('',(#9119),#9130,.F.);
#9119 = FACE_BOUND('',#9120,.T.);
#9120 = EDGE_LOOP('',(#9121,#9122,#9123,#9124));
#9121 = ORIENTED_EDGE('',*,*,#1569,.T.);
#9122 = ORIENTED_EDGE('',*,*,#9108,.T.);
#9123 = ORIENTED_EDGE('',*,*,#4894,.F.);
#9124 = ORIENTED_EDGE('',*,*,#9125,.F.);
#9125 = EDGE_CURVE('',#1562,#4887,#9126,.T.);
#9126 = LINE('',#9127,#9128);
#9127 = CARTESIAN_POINT('',(250.4,-177.395,-4.6E-02));
#9128 = VECTOR('',#9129,1.);
#9129 = DIRECTION('',(0.,0.,1.));
#9130 = CYLINDRICAL_SURFACE('',#9131,0.3);
#9131 = AXIS2_PLACEMENT_3D('',#9132,#9133,#9134);
#9132 = CARTESIAN_POINT('',(250.4,-177.095,-4.6E-02));
#9133 = DIRECTION('',(-0.,0.,-1.));
#9134 = DIRECTION('',(0.,1.,0.));
#9135 = ADVANCED_FACE('',(#9136),#9142,.T.);
#9136 = FACE_BOUND('',#9137,.T.);
#9137 = EDGE_LOOP('',(#9138,#9139,#9140,#9141));
#9138 = ORIENTED_EDGE('',*,*,#1561,.T.);
#9139 = ORIENTED_EDGE('',*,*,#9125,.T.);
#9140 = ORIENTED_EDGE('',*,*,#4886,.F.);
#9141 = ORIENTED_EDGE('',*,*,#9084,.F.);
#9142 = PLANE('',#9143);
#9143 = AXIS2_PLACEMENT_3D('',#9144,#9145,#9146);
#9144 = CARTESIAN_POINT('',(250.4,-177.395,-4.6E-02));
#9145 = DIRECTION('',(0.,1.,0.));
#9146 = DIRECTION('',(1.,0.,0.));
#9147 = ADVANCED_FACE('',(#9148),#9159,.F.);
#9148 = FACE_BOUND('',#9149,.T.);
#9149 = EDGE_LOOP('',(#9150,#9151,#9157,#9158));
#9150 = ORIENTED_EDGE('',*,*,#1586,.T.);
#9151 = ORIENTED_EDGE('',*,*,#9152,.T.);
#9152 = EDGE_CURVE('',#1587,#4912,#9153,.T.);
#9153 = LINE('',#9154,#9155);
#9154 = CARTESIAN_POINT('',(221.280852,-174.237613,-4.6E-02));
#9155 = VECTOR('',#9156,1.);
#9156 = DIRECTION('',(0.,0.,1.));
#9157 = ORIENTED_EDGE('',*,*,#4911,.F.);
#9158 = ORIENTED_EDGE('',*,*,#9152,.F.);
#9159 = CYLINDRICAL_SURFACE('',#9160,0.8509);
#9160 = AXIS2_PLACEMENT_3D('',#9161,#9162,#9163);
#9161 = CARTESIAN_POINT('',(221.280852,-173.386713,-4.6E-02));
#9162 = DIRECTION('',(-0.,0.,-1.));
#9163 = DIRECTION('',(3.340193845388E-14,-1.,-0.));
#9164 = ADVANCED_FACE('',(#9165),#9176,.F.);
#9165 = FACE_BOUND('',#9166,.T.);
#9166 = EDGE_LOOP('',(#9167,#9168,#9174,#9175));
#9167 = ORIENTED_EDGE('',*,*,#1597,.T.);
#9168 = ORIENTED_EDGE('',*,*,#9169,.T.);
#9169 = EDGE_CURVE('',#1598,#4923,#9170,.T.);
#9170 = LINE('',#9171,#9172);
#9171 = CARTESIAN_POINT('',(220.780852,-171.136713,-4.6E-02));
#9172 = VECTOR('',#9173,1.);
#9173 = DIRECTION('',(0.,0.,1.));
#9174 = ORIENTED_EDGE('',*,*,#4922,.F.);
#9175 = ORIENTED_EDGE('',*,*,#9169,.F.);
#9176 = CYLINDRICAL_SURFACE('',#9177,1.5);
#9177 = AXIS2_PLACEMENT_3D('',#9178,#9179,#9180);
#9178 = CARTESIAN_POINT('',(220.780852,-169.636713,-4.6E-02));
#9179 = DIRECTION('',(-0.,-0.,-1.));
#9180 = DIRECTION('',(-0.,-1.,0.));
#9181 = ADVANCED_FACE('',(#9182),#9193,.F.);
#9182 = FACE_BOUND('',#9183,.T.);
#9183 = EDGE_LOOP('',(#9184,#9185,#9191,#9192));
#9184 = ORIENTED_EDGE('',*,*,#1608,.T.);
#9185 = ORIENTED_EDGE('',*,*,#9186,.T.);
#9186 = EDGE_CURVE('',#1609,#4934,#9187,.T.);
#9187 = LINE('',#9188,#9189);
#9188 = CARTESIAN_POINT('',(232.91,-167.96,-4.6E-02));
#9189 = VECTOR('',#9190,1.);
#9190 = DIRECTION('',(0.,0.,1.));
#9191 = ORIENTED_EDGE('',*,*,#4933,.F.);
#9192 = ORIENTED_EDGE('',*,*,#9186,.F.);
#9193 = CYLINDRICAL_SURFACE('',#9194,0.5);
#9194 = AXIS2_PLACEMENT_3D('',#9195,#9196,#9197);
#9195 = CARTESIAN_POINT('',(232.91,-167.46,-4.6E-02));
#9196 = DIRECTION('',(-0.,-0.,-1.));
#9197 = DIRECTION('',(-0.,-1.,0.));
#9198 = ADVANCED_FACE('',(#9199),#9210,.F.);
#9199 = FACE_BOUND('',#9200,.T.);
#9200 = EDGE_LOOP('',(#9201,#9202,#9208,#9209));
#9201 = ORIENTED_EDGE('',*,*,#1619,.T.);
#9202 = ORIENTED_EDGE('',*,*,#9203,.T.);
#9203 = EDGE_CURVE('',#1620,#4945,#9204,.T.);
#9204 = LINE('',#9205,#9206);
#9205 = CARTESIAN_POINT('',(232.91,-162.96,-4.6E-02));
#9206 = VECTOR('',#9207,1.);
#9207 = DIRECTION('',(0.,0.,1.));
#9208 = ORIENTED_EDGE('',*,*,#4944,.F.);
#9209 = ORIENTED_EDGE('',*,*,#9203,.F.);
#9210 = CYLINDRICAL_SURFACE('',#9211,0.5);
#9211 = AXIS2_PLACEMENT_3D('',#9212,#9213,#9214);
#9212 = CARTESIAN_POINT('',(232.91,-162.46,-4.6E-02));
#9213 = DIRECTION('',(-0.,-0.,-1.));
#9214 = DIRECTION('',(-0.,-1.,0.));
#9215 = ADVANCED_FACE('',(#9216),#9232,.F.);
#9216 = FACE_BOUND('',#9217,.T.);
#9217 = EDGE_LOOP('',(#9218,#9219,#9225,#9226));
#9218 = ORIENTED_EDGE('',*,*,#1630,.T.);
#9219 = ORIENTED_EDGE('',*,*,#9220,.T.);
#9220 = EDGE_CURVE('',#1633,#4958,#9221,.T.);
#9221 = LINE('',#9222,#9223);
#9222 = CARTESIAN_POINT('',(239.26,-169.81,-4.6E-02));
#9223 = VECTOR('',#9224,1.);
#9224 = DIRECTION('',(0.,0.,1.));
#9225 = ORIENTED_EDGE('',*,*,#4955,.F.);
#9226 = ORIENTED_EDGE('',*,*,#9227,.F.);
#9227 = EDGE_CURVE('',#1631,#4956,#9228,.T.);
#9228 = LINE('',#9229,#9230);
#9229 = CARTESIAN_POINT('',(239.26,-171.31,-4.6E-02));
#9230 = VECTOR('',#9231,1.);
#9231 = DIRECTION('',(0.,0.,1.));
#9232 = CYLINDRICAL_SURFACE('',#9233,0.75);
#9233 = AXIS2_PLACEMENT_3D('',#9234,#9235,#9236);
#9234 = CARTESIAN_POINT('',(239.26,-170.56,-4.6E-02));
#9235 = DIRECTION('',(-0.,0.,-1.));
#9236 = DIRECTION('',(0.,1.,0.));
#9237 = ADVANCED_FACE('',(#9238),#9249,.T.);
#9238 = FACE_BOUND('',#9239,.T.);
#9239 = EDGE_LOOP('',(#9240,#9241,#9242,#9243));
#9240 = ORIENTED_EDGE('',*,*,#1658,.T.);
#9241 = ORIENTED_EDGE('',*,*,#9227,.T.);
#9242 = ORIENTED_EDGE('',*,*,#4983,.F.);
#9243 = ORIENTED_EDGE('',*,*,#9244,.F.);
#9244 = EDGE_CURVE('',#1650,#4975,#9245,.T.);
#9245 = LINE('',#9246,#9247);
#9246 = CARTESIAN_POINT('',(240.56,-171.31,-4.6E-02));
#9247 = VECTOR('',#9248,1.);
#9248 = DIRECTION('',(0.,0.,1.));
#9249 = PLANE('',#9250);
#9250 = AXIS2_PLACEMENT_3D('',#9251,#9252,#9253);
#9251 = CARTESIAN_POINT('',(239.26,-171.31,-4.6E-02));
#9252 = DIRECTION('',(0.,1.,0.));
#9253 = DIRECTION('',(1.,0.,0.));
#9254 = ADVANCED_FACE('',(#9255),#9266,.F.);
#9255 = FACE_BOUND('',#9256,.T.);
#9256 = EDGE_LOOP('',(#9257,#9258,#9259,#9260));
#9257 = ORIENTED_EDGE('',*,*,#1649,.T.);
#9258 = ORIENTED_EDGE('',*,*,#9244,.T.);
#9259 = ORIENTED_EDGE('',*,*,#4974,.F.);
#9260 = ORIENTED_EDGE('',*,*,#9261,.F.);
#9261 = EDGE_CURVE('',#1642,#4967,#9262,.T.);
#9262 = LINE('',#9263,#9264);
#9263 = CARTESIAN_POINT('',(240.56,-169.81,-4.6E-02));
#9264 = VECTOR('',#9265,1.);
#9265 = DIRECTION('',(0.,0.,1.));
#9266 = CYLINDRICAL_SURFACE('',#9267,0.75);
#9267 = AXIS2_PLACEMENT_3D('',#9268,#9269,#9270);
#9268 = CARTESIAN_POINT('',(240.56,-170.56,-4.6E-02));
#9269 = DIRECTION('',(-0.,-0.,-1.));
#9270 = DIRECTION('',(-0.,-1.,0.));
#9271 = ADVANCED_FACE('',(#9272),#9278,.T.);
#9272 = FACE_BOUND('',#9273,.T.);
#9273 = EDGE_LOOP('',(#9274,#9275,#9276,#9277));
#9274 = ORIENTED_EDGE('',*,*,#1641,.T.);
#9275 = ORIENTED_EDGE('',*,*,#9261,.T.);
#9276 = ORIENTED_EDGE('',*,*,#4966,.F.);
#9277 = ORIENTED_EDGE('',*,*,#9220,.F.);
#9278 = PLANE('',#9279);
#9279 = AXIS2_PLACEMENT_3D('',#9280,#9281,#9282);
#9280 = CARTESIAN_POINT('',(240.56,-169.81,-4.6E-02));
#9281 = DIRECTION('',(0.,-1.,0.));
#9282 = DIRECTION('',(-1.,0.,0.));
#9283 = ADVANCED_FACE('',(#9284),#9295,.F.);
#9284 = FACE_BOUND('',#9285,.T.);
#9285 = EDGE_LOOP('',(#9286,#9287,#9293,#9294));
#9286 = ORIENTED_EDGE('',*,*,#1666,.T.);
#9287 = ORIENTED_EDGE('',*,*,#9288,.T.);
#9288 = EDGE_CURVE('',#1667,#4992,#9289,.T.);
#9289 = LINE('',#9290,#9291);
#9290 = CARTESIAN_POINT('',(247.41,-167.96,-4.6E-02));
#9291 = VECTOR('',#9292,1.);
#9292 = DIRECTION('',(0.,0.,1.));
#9293 = ORIENTED_EDGE('',*,*,#4991,.F.);
#9294 = ORIENTED_EDGE('',*,*,#9288,.F.);
#9295 = CYLINDRICAL_SURFACE('',#9296,0.5);
#9296 = AXIS2_PLACEMENT_3D('',#9297,#9298,#9299);
#9297 = CARTESIAN_POINT('',(247.41,-167.46,-4.6E-02));
#9298 = DIRECTION('',(-0.,-0.,-1.));
#9299 = DIRECTION('',(-0.,-1.,0.));
#9300 = ADVANCED_FACE('',(#9301),#9317,.F.);
#9301 = FACE_BOUND('',#9302,.T.);
#9302 = EDGE_LOOP('',(#9303,#9304,#9310,#9311));
#9303 = ORIENTED_EDGE('',*,*,#1677,.T.);
#9304 = ORIENTED_EDGE('',*,*,#9305,.T.);
#9305 = EDGE_CURVE('',#1680,#5005,#9306,.T.);
#9306 = LINE('',#9307,#9308);
#9307 = CARTESIAN_POINT('',(239.26,-158.61,-4.6E-02));
#9308 = VECTOR('',#9309,1.);
#9309 = DIRECTION('',(0.,0.,1.));
#9310 = ORIENTED_EDGE('',*,*,#5002,.F.);
#9311 = ORIENTED_EDGE('',*,*,#9312,.F.);
#9312 = EDGE_CURVE('',#1678,#5003,#9313,.T.);
#9313 = LINE('',#9314,#9315);
#9314 = CARTESIAN_POINT('',(239.26,-160.11,-4.6E-02));
#9315 = VECTOR('',#9316,1.);
#9316 = DIRECTION('',(0.,0.,1.));
#9317 = CYLINDRICAL_SURFACE('',#9318,0.75);
#9318 = AXIS2_PLACEMENT_3D('',#9319,#9320,#9321);
#9319 = CARTESIAN_POINT('',(239.26,-159.36,-4.6E-02));
#9320 = DIRECTION('',(-0.,0.,-1.));
#9321 = DIRECTION('',(0.,1.,0.));
#9322 = ADVANCED_FACE('',(#9323),#9334,.T.);
#9323 = FACE_BOUND('',#9324,.T.);
#9324 = EDGE_LOOP('',(#9325,#9326,#9327,#9328));
#9325 = ORIENTED_EDGE('',*,*,#1705,.T.);
#9326 = ORIENTED_EDGE('',*,*,#9312,.T.);
#9327 = ORIENTED_EDGE('',*,*,#5030,.F.);
#9328 = ORIENTED_EDGE('',*,*,#9329,.F.);
#9329 = EDGE_CURVE('',#1697,#5022,#9330,.T.);
#9330 = LINE('',#9331,#9332);
#9331 = CARTESIAN_POINT('',(240.56,-160.11,-4.6E-02));
#9332 = VECTOR('',#9333,1.);
#9333 = DIRECTION('',(0.,0.,1.));
#9334 = PLANE('',#9335);
#9335 = AXIS2_PLACEMENT_3D('',#9336,#9337,#9338);
#9336 = CARTESIAN_POINT('',(239.26,-160.11,-4.6E-02));
#9337 = DIRECTION('',(0.,1.,0.));
#9338 = DIRECTION('',(1.,0.,0.));
#9339 = ADVANCED_FACE('',(#9340),#9351,.F.);
#9340 = FACE_BOUND('',#9341,.T.);
#9341 = EDGE_LOOP('',(#9342,#9343,#9344,#9345));
#9342 = ORIENTED_EDGE('',*,*,#1696,.T.);
#9343 = ORIENTED_EDGE('',*,*,#9329,.T.);
#9344 = ORIENTED_EDGE('',*,*,#5021,.F.);
#9345 = ORIENTED_EDGE('',*,*,#9346,.F.);
#9346 = EDGE_CURVE('',#1689,#5014,#9347,.T.);
#9347 = LINE('',#9348,#9349);
#9348 = CARTESIAN_POINT('',(240.56,-158.61,-4.6E-02));
#9349 = VECTOR('',#9350,1.);
#9350 = DIRECTION('',(0.,0.,1.));
#9351 = CYLINDRICAL_SURFACE('',#9352,0.75);
#9352 = AXIS2_PLACEMENT_3D('',#9353,#9354,#9355);
#9353 = CARTESIAN_POINT('',(240.56,-159.36,-4.6E-02));
#9354 = DIRECTION('',(-0.,-0.,-1.));
#9355 = DIRECTION('',(-0.,-1.,0.));
#9356 = ADVANCED_FACE('',(#9357),#9363,.T.);
#9357 = FACE_BOUND('',#9358,.T.);
#9358 = EDGE_LOOP('',(#9359,#9360,#9361,#9362));
#9359 = ORIENTED_EDGE('',*,*,#1688,.T.);
#9360 = ORIENTED_EDGE('',*,*,#9346,.T.);
#9361 = ORIENTED_EDGE('',*,*,#5013,.F.);
#9362 = ORIENTED_EDGE('',*,*,#9305,.F.);
#9363 = PLANE('',#9364);
#9364 = AXIS2_PLACEMENT_3D('',#9365,#9366,#9367);
#9365 = CARTESIAN_POINT('',(240.56,-158.61,-4.6E-02));
#9366 = DIRECTION('',(0.,-1.,0.));
#9367 = DIRECTION('',(-1.,0.,0.));
#9368 = ADVANCED_FACE('',(#9369),#9380,.F.);
#9369 = FACE_BOUND('',#9370,.T.);
#9370 = EDGE_LOOP('',(#9371,#9372,#9378,#9379));
#9371 = ORIENTED_EDGE('',*,*,#1713,.T.);
#9372 = ORIENTED_EDGE('',*,*,#9373,.T.);
#9373 = EDGE_CURVE('',#1714,#5039,#9374,.T.);
#9374 = LINE('',#9375,#9376);
#9375 = CARTESIAN_POINT('',(247.41,-165.46,-4.6E-02));
#9376 = VECTOR('',#9377,1.);
#9377 = DIRECTION('',(0.,0.,1.));
#9378 = ORIENTED_EDGE('',*,*,#5038,.F.);
#9379 = ORIENTED_EDGE('',*,*,#9373,.F.);
#9380 = CYLINDRICAL_SURFACE('',#9381,0.5);
#9381 = AXIS2_PLACEMENT_3D('',#9382,#9383,#9384);
#9382 = CARTESIAN_POINT('',(247.41,-164.96,-4.6E-02));
#9383 = DIRECTION('',(-0.,-0.,-1.));
#9384 = DIRECTION('',(-0.,-1.,0.));
#9385 = ADVANCED_FACE('',(#9386),#9397,.F.);
#9386 = FACE_BOUND('',#9387,.T.);
#9387 = EDGE_LOOP('',(#9388,#9389,#9395,#9396));
#9388 = ORIENTED_EDGE('',*,*,#1724,.T.);
#9389 = ORIENTED_EDGE('',*,*,#9390,.T.);
#9390 = EDGE_CURVE('',#1725,#5050,#9391,.T.);
#9391 = LINE('',#9392,#9393);
#9392 = CARTESIAN_POINT('',(247.41,-162.96,-4.6E-02));
#9393 = VECTOR('',#9394,1.);
#9394 = DIRECTION('',(0.,0.,1.));
#9395 = ORIENTED_EDGE('',*,*,#5049,.F.);
#9396 = ORIENTED_EDGE('',*,*,#9390,.F.);
#9397 = CYLINDRICAL_SURFACE('',#9398,0.5);
#9398 = AXIS2_PLACEMENT_3D('',#9399,#9400,#9401);
#9399 = CARTESIAN_POINT('',(247.41,-162.46,-4.6E-02));
#9400 = DIRECTION('',(-0.,-0.,-1.));
#9401 = DIRECTION('',(-0.,-1.,0.));
#9402 = ADVANCED_FACE('',(#9403),#9414,.F.);
#9403 = FACE_BOUND('',#9404,.T.);
#9404 = EDGE_LOOP('',(#9405,#9406,#9412,#9413));
#9405 = ORIENTED_EDGE('',*,*,#1735,.T.);
#9406 = ORIENTED_EDGE('',*,*,#9407,.T.);
#9407 = EDGE_CURVE('',#1736,#5061,#9408,.T.);
#9408 = LINE('',#9409,#9410);
#9409 = CARTESIAN_POINT('',(120.780852,-159.936713,-4.6E-02));
#9410 = VECTOR('',#9411,1.);
#9411 = DIRECTION('',(0.,0.,1.));
#9412 = ORIENTED_EDGE('',*,*,#5060,.F.);
#9413 = ORIENTED_EDGE('',*,*,#9407,.F.);
#9414 = CYLINDRICAL_SURFACE('',#9415,1.5);
#9415 = AXIS2_PLACEMENT_3D('',#9416,#9417,#9418);
#9416 = CARTESIAN_POINT('',(120.780852,-158.436713,-4.6E-02));
#9417 = DIRECTION('',(-0.,-0.,-1.));
#9418 = DIRECTION('',(-0.,-1.,0.));
#9419 = ADVANCED_FACE('',(#9420),#9431,.F.);
#9420 = FACE_BOUND('',#9421,.T.);
#9421 = EDGE_LOOP('',(#9422,#9423,#9429,#9430));
#9422 = ORIENTED_EDGE('',*,*,#1746,.T.);
#9423 = ORIENTED_EDGE('',*,*,#9424,.T.);
#9424 = EDGE_CURVE('',#1747,#5072,#9425,.T.);
#9425 = LINE('',#9426,#9427);
#9426 = CARTESIAN_POINT('',(115.560852,-150.082013,-4.6E-02));
#9427 = VECTOR('',#9428,1.);
#9428 = DIRECTION('',(0.,0.,1.));
#9429 = ORIENTED_EDGE('',*,*,#5071,.F.);
#9430 = ORIENTED_EDGE('',*,*,#9424,.F.);
#9431 = CYLINDRICAL_SURFACE('',#9432,0.4953);
#9432 = AXIS2_PLACEMENT_3D('',#9433,#9434,#9435);
#9433 = CARTESIAN_POINT('',(115.560852,-149.586713,-4.6E-02));
#9434 = DIRECTION('',(-0.,-0.,-1.));
#9435 = DIRECTION('',(-0.,-1.,0.));
#9436 = ADVANCED_FACE('',(#9437),#9448,.F.);
#9437 = FACE_BOUND('',#9438,.T.);
#9438 = EDGE_LOOP('',(#9439,#9440,#9446,#9447));
#9439 = ORIENTED_EDGE('',*,*,#1757,.T.);
#9440 = ORIENTED_EDGE('',*,*,#9441,.T.);
#9441 = EDGE_CURVE('',#1758,#5083,#9442,.T.);
#9442 = LINE('',#9443,#9444);
#9443 = CARTESIAN_POINT('',(115.280852,-146.237613,-4.6E-02));
#9444 = VECTOR('',#9445,1.);
#9445 = DIRECTION('',(0.,0.,1.));
#9446 = ORIENTED_EDGE('',*,*,#5082,.F.);
#9447 = ORIENTED_EDGE('',*,*,#9441,.F.);
#9448 = CYLINDRICAL_SURFACE('',#9449,0.8509);
#9449 = AXIS2_PLACEMENT_3D('',#9450,#9451,#9452);
#9450 = CARTESIAN_POINT('',(115.280852,-145.386713,-4.6E-02));
#9451 = DIRECTION('',(-0.,-0.,-1.));
#9452 = DIRECTION('',(-1.670096922694E-14,-1.,0.));
#9453 = ADVANCED_FACE('',(#9454),#9465,.F.);
#9454 = FACE_BOUND('',#9455,.T.);
#9455 = EDGE_LOOP('',(#9456,#9457,#9463,#9464));
#9456 = ORIENTED_EDGE('',*,*,#1768,.T.);
#9457 = ORIENTED_EDGE('',*,*,#9458,.T.);
#9458 = EDGE_CURVE('',#1769,#5094,#9459,.T.);
#9459 = LINE('',#9460,#9461);
#9460 = CARTESIAN_POINT('',(120.780852,-147.101213,-4.6E-02));
#9461 = VECTOR('',#9462,1.);
#9462 = DIRECTION('',(0.,0.,1.));
#9463 = ORIENTED_EDGE('',*,*,#5093,.F.);
#9464 = ORIENTED_EDGE('',*,*,#9458,.F.);
#9465 = CYLINDRICAL_SURFACE('',#9466,1.7145);
#9466 = AXIS2_PLACEMENT_3D('',#9467,#9468,#9469);
#9467 = CARTESIAN_POINT('',(120.780852,-145.386713,-4.6E-02));
#9468 = DIRECTION('',(-0.,-0.,-1.));
#9469 = DIRECTION('',(-0.,-1.,0.));
#9470 = ADVANCED_FACE('',(#9471),#9482,.F.);
#9471 = FACE_BOUND('',#9472,.T.);
#9472 = EDGE_LOOP('',(#9473,#9474,#9480,#9481));
#9473 = ORIENTED_EDGE('',*,*,#1779,.T.);
#9474 = ORIENTED_EDGE('',*,*,#9475,.T.);
#9475 = EDGE_CURVE('',#1780,#5105,#9476,.T.);
#9476 = LINE('',#9477,#9478);
#9477 = CARTESIAN_POINT('',(126.000852,-150.082013,-4.6E-02));
#9478 = VECTOR('',#9479,1.);
#9479 = DIRECTION('',(0.,0.,1.));
#9480 = ORIENTED_EDGE('',*,*,#5104,.F.);
#9481 = ORIENTED_EDGE('',*,*,#9475,.F.);
#9482 = CYLINDRICAL_SURFACE('',#9483,0.4953);
#9483 = AXIS2_PLACEMENT_3D('',#9484,#9485,#9486);
#9484 = CARTESIAN_POINT('',(126.000852,-149.586713,-4.6E-02));
#9485 = DIRECTION('',(-0.,-0.,-1.));
#9486 = DIRECTION('',(-0.,-1.,0.));
#9487 = ADVANCED_FACE('',(#9488),#9499,.F.);
#9488 = FACE_BOUND('',#9489,.T.);
#9489 = EDGE_LOOP('',(#9490,#9491,#9497,#9498));
#9490 = ORIENTED_EDGE('',*,*,#1790,.T.);
#9491 = ORIENTED_EDGE('',*,*,#9492,.T.);
#9492 = EDGE_CURVE('',#1791,#5116,#9493,.T.);
#9493 = LINE('',#9494,#9495);
#9494 = CARTESIAN_POINT('',(126.280852,-146.237613,-4.6E-02));
#9495 = VECTOR('',#9496,1.);
#9496 = DIRECTION('',(0.,0.,1.));
#9497 = ORIENTED_EDGE('',*,*,#5115,.F.);
#9498 = ORIENTED_EDGE('',*,*,#9492,.F.);
#9499 = CYLINDRICAL_SURFACE('',#9500,0.8509);
#9500 = AXIS2_PLACEMENT_3D('',#9501,#9502,#9503);
#9501 = CARTESIAN_POINT('',(126.280852,-145.386713,-4.6E-02));
#9502 = DIRECTION('',(-0.,-0.,-1.));
#9503 = DIRECTION('',(-1.670096922694E-14,-1.,0.));
#9504 = ADVANCED_FACE('',(#9505),#9516,.F.);
#9505 = FACE_BOUND('',#9506,.T.);
#9506 = EDGE_LOOP('',(#9507,#9508,#9514,#9515));
#9507 = ORIENTED_EDGE('',*,*,#1801,.T.);
#9508 = ORIENTED_EDGE('',*,*,#9509,.T.);
#9509 = EDGE_CURVE('',#1802,#5127,#9510,.T.);
#9510 = LINE('',#9511,#9512);
#9511 = CARTESIAN_POINT('',(139.780852,-159.936713,-4.6E-02));
#9512 = VECTOR('',#9513,1.);
#9513 = DIRECTION('',(0.,0.,1.));
#9514 = ORIENTED_EDGE('',*,*,#5126,.F.);
#9515 = ORIENTED_EDGE('',*,*,#9509,.F.);
#9516 = CYLINDRICAL_SURFACE('',#9517,1.5);
#9517 = AXIS2_PLACEMENT_3D('',#9518,#9519,#9520);
#9518 = CARTESIAN_POINT('',(139.780852,-158.436713,-4.6E-02));
#9519 = DIRECTION('',(-0.,-0.,-1.));
#9520 = DIRECTION('',(-0.,-1.,0.));
#9521 = ADVANCED_FACE('',(#9522),#9533,.F.);
#9522 = FACE_BOUND('',#9523,.T.);
#9523 = EDGE_LOOP('',(#9524,#9525,#9531,#9532));
#9524 = ORIENTED_EDGE('',*,*,#1812,.T.);
#9525 = ORIENTED_EDGE('',*,*,#9526,.T.);
#9526 = EDGE_CURVE('',#1813,#5138,#9527,.T.);
#9527 = LINE('',#9528,#9529);
#9528 = CARTESIAN_POINT('',(134.560852,-150.082013,-4.6E-02));
#9529 = VECTOR('',#9530,1.);
#9530 = DIRECTION('',(0.,0.,1.));
#9531 = ORIENTED_EDGE('',*,*,#5137,.F.);
#9532 = ORIENTED_EDGE('',*,*,#9526,.F.);
#9533 = CYLINDRICAL_SURFACE('',#9534,0.4953);
#9534 = AXIS2_PLACEMENT_3D('',#9535,#9536,#9537);
#9535 = CARTESIAN_POINT('',(134.560852,-149.586713,-4.6E-02));
#9536 = DIRECTION('',(-0.,-0.,-1.));
#9537 = DIRECTION('',(-0.,-1.,0.));
#9538 = ADVANCED_FACE('',(#9539),#9550,.F.);
#9539 = FACE_BOUND('',#9540,.T.);
#9540 = EDGE_LOOP('',(#9541,#9542,#9548,#9549));
#9541 = ORIENTED_EDGE('',*,*,#1823,.T.);
#9542 = ORIENTED_EDGE('',*,*,#9543,.T.);
#9543 = EDGE_CURVE('',#1824,#5149,#9544,.T.);
#9544 = LINE('',#9545,#9546);
#9545 = CARTESIAN_POINT('',(134.280852,-146.237613,-4.6E-02));
#9546 = VECTOR('',#9547,1.);
#9547 = DIRECTION('',(0.,0.,1.));
#9548 = ORIENTED_EDGE('',*,*,#5148,.F.);
#9549 = ORIENTED_EDGE('',*,*,#9543,.F.);
#9550 = CYLINDRICAL_SURFACE('',#9551,0.8509);
#9551 = AXIS2_PLACEMENT_3D('',#9552,#9553,#9554);
#9552 = CARTESIAN_POINT('',(134.280852,-145.386713,-4.6E-02));
#9553 = DIRECTION('',(-0.,0.,-1.));
#9554 = DIRECTION('',(3.340193845388E-14,-1.,-0.));
#9555 = ADVANCED_FACE('',(#9556),#9567,.F.);
#9556 = FACE_BOUND('',#9557,.T.);
#9557 = EDGE_LOOP('',(#9558,#9559,#9565,#9566));
#9558 = ORIENTED_EDGE('',*,*,#1834,.T.);
#9559 = ORIENTED_EDGE('',*,*,#9560,.T.);
#9560 = EDGE_CURVE('',#1835,#5160,#9561,.T.);
#9561 = LINE('',#9562,#9563);
#9562 = CARTESIAN_POINT('',(139.780852,-147.101213,-4.6E-02));
#9563 = VECTOR('',#9564,1.);
#9564 = DIRECTION('',(0.,0.,1.));
#9565 = ORIENTED_EDGE('',*,*,#5159,.F.);
#9566 = ORIENTED_EDGE('',*,*,#9560,.F.);
#9567 = CYLINDRICAL_SURFACE('',#9568,1.7145);
#9568 = AXIS2_PLACEMENT_3D('',#9569,#9570,#9571);
#9569 = CARTESIAN_POINT('',(139.780852,-145.386713,-4.6E-02));
#9570 = DIRECTION('',(-0.,0.,-1.));
#9571 = DIRECTION('',(1.657725834378E-14,-1.,-0.));
#9572 = ADVANCED_FACE('',(#9573),#9584,.F.);
#9573 = FACE_BOUND('',#9574,.T.);
#9574 = EDGE_LOOP('',(#9575,#9576,#9582,#9583));
#9575 = ORIENTED_EDGE('',*,*,#1845,.T.);
#9576 = ORIENTED_EDGE('',*,*,#9577,.T.);
#9577 = EDGE_CURVE('',#1846,#5171,#9578,.T.);
#9578 = LINE('',#9579,#9580);
#9579 = CARTESIAN_POINT('',(145.000852,-150.082013,-4.6E-02));
#9580 = VECTOR('',#9581,1.);
#9581 = DIRECTION('',(0.,0.,1.));
#9582 = ORIENTED_EDGE('',*,*,#5170,.F.);
#9583 = ORIENTED_EDGE('',*,*,#9577,.F.);
#9584 = CYLINDRICAL_SURFACE('',#9585,0.4953);
#9585 = AXIS2_PLACEMENT_3D('',#9586,#9587,#9588);
#9586 = CARTESIAN_POINT('',(145.000852,-149.586713,-4.6E-02));
#9587 = DIRECTION('',(-0.,-0.,-1.));
#9588 = DIRECTION('',(-0.,-1.,0.));
#9589 = ADVANCED_FACE('',(#9590),#9601,.F.);
#9590 = FACE_BOUND('',#9591,.T.);
#9591 = EDGE_LOOP('',(#9592,#9593,#9599,#9600));
#9592 = ORIENTED_EDGE('',*,*,#1856,.T.);
#9593 = ORIENTED_EDGE('',*,*,#9594,.T.);
#9594 = EDGE_CURVE('',#1857,#5182,#9595,.T.);
#9595 = LINE('',#9596,#9597);
#9596 = CARTESIAN_POINT('',(145.280852,-146.237613,-4.6E-02));
#9597 = VECTOR('',#9598,1.);
#9598 = DIRECTION('',(0.,0.,1.));
#9599 = ORIENTED_EDGE('',*,*,#5181,.F.);
#9600 = ORIENTED_EDGE('',*,*,#9594,.F.);
#9601 = CYLINDRICAL_SURFACE('',#9602,0.8509);
#9602 = AXIS2_PLACEMENT_3D('',#9603,#9604,#9605);
#9603 = CARTESIAN_POINT('',(145.280852,-145.386713,-4.6E-02));
#9604 = DIRECTION('',(-0.,0.,-1.));
#9605 = DIRECTION('',(3.340193845388E-14,-1.,-0.));
#9606 = ADVANCED_FACE('',(#9607),#9618,.F.);
#9607 = FACE_BOUND('',#9608,.T.);
#9608 = EDGE_LOOP('',(#9609,#9610,#9616,#9617));
#9609 = ORIENTED_EDGE('',*,*,#1867,.T.);
#9610 = ORIENTED_EDGE('',*,*,#9611,.T.);
#9611 = EDGE_CURVE('',#1868,#5193,#9612,.T.);
#9612 = LINE('',#9613,#9614);
#9613 = CARTESIAN_POINT('',(115.780852,-143.136713,-4.6E-02));
#9614 = VECTOR('',#9615,1.);
#9615 = DIRECTION('',(0.,0.,1.));
#9616 = ORIENTED_EDGE('',*,*,#5192,.F.);
#9617 = ORIENTED_EDGE('',*,*,#9611,.F.);
#9618 = CYLINDRICAL_SURFACE('',#9619,1.5);
#9619 = AXIS2_PLACEMENT_3D('',#9620,#9621,#9622);
#9620 = CARTESIAN_POINT('',(115.780852,-141.636713,-4.6E-02));
#9621 = DIRECTION('',(-0.,-0.,-1.));
#9622 = DIRECTION('',(-0.,-1.,0.));
#9623 = ADVANCED_FACE('',(#9624),#9635,.F.);
#9624 = FACE_BOUND('',#9625,.T.);
#9625 = EDGE_LOOP('',(#9626,#9627,#9633,#9634));
#9626 = ORIENTED_EDGE('',*,*,#1878,.T.);
#9627 = ORIENTED_EDGE('',*,*,#9628,.T.);
#9628 = EDGE_CURVE('',#1879,#5204,#9629,.T.);
#9629 = LINE('',#9630,#9631);
#9630 = CARTESIAN_POINT('',(120.780852,-140.936713,-4.6E-02));
#9631 = VECTOR('',#9632,1.);
#9632 = DIRECTION('',(0.,0.,1.));
#9633 = ORIENTED_EDGE('',*,*,#5203,.F.);
#9634 = ORIENTED_EDGE('',*,*,#9628,.F.);
#9635 = CYLINDRICAL_SURFACE('',#9636,1.5);
#9636 = AXIS2_PLACEMENT_3D('',#9637,#9638,#9639);
#9637 = CARTESIAN_POINT('',(120.780852,-139.436713,-4.6E-02));
#9638 = DIRECTION('',(-0.,-0.,-1.));
#9639 = DIRECTION('',(-0.,-1.,0.));
#9640 = ADVANCED_FACE('',(#9641),#9652,.F.);
#9641 = FACE_BOUND('',#9642,.T.);
#9642 = EDGE_LOOP('',(#9643,#9644,#9650,#9651));
#9643 = ORIENTED_EDGE('',*,*,#1889,.T.);
#9644 = ORIENTED_EDGE('',*,*,#9645,.T.);
#9645 = EDGE_CURVE('',#1890,#5215,#9646,.T.);
#9646 = LINE('',#9647,#9648);
#9647 = CARTESIAN_POINT('',(125.780852,-143.136713,-4.6E-02));
#9648 = VECTOR('',#9649,1.);
#9649 = DIRECTION('',(0.,0.,1.));
#9650 = ORIENTED_EDGE('',*,*,#5214,.F.);
#9651 = ORIENTED_EDGE('',*,*,#9645,.F.);
#9652 = CYLINDRICAL_SURFACE('',#9653,1.5);
#9653 = AXIS2_PLACEMENT_3D('',#9654,#9655,#9656);
#9654 = CARTESIAN_POINT('',(125.780852,-141.636713,-4.6E-02));
#9655 = DIRECTION('',(-0.,-0.,-1.));
#9656 = DIRECTION('',(-0.,-1.,0.));
#9657 = ADVANCED_FACE('',(#9658),#9669,.F.);
#9658 = FACE_BOUND('',#9659,.T.);
#9659 = EDGE_LOOP('',(#9660,#9661,#9667,#9668));
#9660 = ORIENTED_EDGE('',*,*,#1900,.T.);
#9661 = ORIENTED_EDGE('',*,*,#9662,.T.);
#9662 = EDGE_CURVE('',#1901,#5226,#9663,.T.);
#9663 = LINE('',#9664,#9665);
#9664 = CARTESIAN_POINT('',(115.560852,-131.082013,-4.6E-02));
#9665 = VECTOR('',#9666,1.);
#9666 = DIRECTION('',(0.,0.,1.));
#9667 = ORIENTED_EDGE('',*,*,#5225,.F.);
#9668 = ORIENTED_EDGE('',*,*,#9662,.F.);
#9669 = CYLINDRICAL_SURFACE('',#9670,0.4953);
#9670 = AXIS2_PLACEMENT_3D('',#9671,#9672,#9673);
#9671 = CARTESIAN_POINT('',(115.560852,-130.586713,-4.6E-02));
#9672 = DIRECTION('',(-0.,-0.,-1.));
#9673 = DIRECTION('',(-0.,-1.,0.));
#9674 = ADVANCED_FACE('',(#9675),#9686,.F.);
#9675 = FACE_BOUND('',#9676,.T.);
#9676 = EDGE_LOOP('',(#9677,#9678,#9684,#9685));
#9677 = ORIENTED_EDGE('',*,*,#1911,.T.);
#9678 = ORIENTED_EDGE('',*,*,#9679,.T.);
#9679 = EDGE_CURVE('',#1912,#5237,#9680,.T.);
#9680 = LINE('',#9681,#9682);
#9681 = CARTESIAN_POINT('',(126.000852,-131.082013,-4.6E-02));
#9682 = VECTOR('',#9683,1.);
#9683 = DIRECTION('',(0.,0.,1.));
#9684 = ORIENTED_EDGE('',*,*,#5236,.F.);
#9685 = ORIENTED_EDGE('',*,*,#9679,.F.);
#9686 = CYLINDRICAL_SURFACE('',#9687,0.4953);
#9687 = AXIS2_PLACEMENT_3D('',#9688,#9689,#9690);
#9688 = CARTESIAN_POINT('',(126.000852,-130.586713,-4.6E-02));
#9689 = DIRECTION('',(-0.,-0.,-1.));
#9690 = DIRECTION('',(-0.,-1.,0.));
#9691 = ADVANCED_FACE('',(#9692),#9703,.F.);
#9692 = FACE_BOUND('',#9693,.T.);
#9693 = EDGE_LOOP('',(#9694,#9695,#9701,#9702));
#9694 = ORIENTED_EDGE('',*,*,#1922,.T.);
#9695 = ORIENTED_EDGE('',*,*,#9696,.T.);
#9696 = EDGE_CURVE('',#1923,#5248,#9697,.T.);
#9697 = LINE('',#9698,#9699);
#9698 = CARTESIAN_POINT('',(134.780852,-143.136713,-4.6E-02));
#9699 = VECTOR('',#9700,1.);
#9700 = DIRECTION('',(0.,0.,1.));
#9701 = ORIENTED_EDGE('',*,*,#5247,.F.);
#9702 = ORIENTED_EDGE('',*,*,#9696,.F.);
#9703 = CYLINDRICAL_SURFACE('',#9704,1.5);
#9704 = AXIS2_PLACEMENT_3D('',#9705,#9706,#9707);
#9705 = CARTESIAN_POINT('',(134.780852,-141.636713,-4.6E-02));
#9706 = DIRECTION('',(-0.,-0.,-1.));
#9707 = DIRECTION('',(-0.,-1.,0.));
#9708 = ADVANCED_FACE('',(#9709),#9720,.F.);
#9709 = FACE_BOUND('',#9710,.T.);
#9710 = EDGE_LOOP('',(#9711,#9712,#9718,#9719));
#9711 = ORIENTED_EDGE('',*,*,#1933,.T.);
#9712 = ORIENTED_EDGE('',*,*,#9713,.T.);
#9713 = EDGE_CURVE('',#1934,#5259,#9714,.T.);
#9714 = LINE('',#9715,#9716);
#9715 = CARTESIAN_POINT('',(139.780852,-140.936713,-4.6E-02));
#9716 = VECTOR('',#9717,1.);
#9717 = DIRECTION('',(0.,0.,1.));
#9718 = ORIENTED_EDGE('',*,*,#5258,.F.);
#9719 = ORIENTED_EDGE('',*,*,#9713,.F.);
#9720 = CYLINDRICAL_SURFACE('',#9721,1.5);
#9721 = AXIS2_PLACEMENT_3D('',#9722,#9723,#9724);
#9722 = CARTESIAN_POINT('',(139.780852,-139.436713,-4.6E-02));
#9723 = DIRECTION('',(-0.,-0.,-1.));
#9724 = DIRECTION('',(-0.,-1.,0.));
#9725 = ADVANCED_FACE('',(#9726),#9737,.F.);
#9726 = FACE_BOUND('',#9727,.T.);
#9727 = EDGE_LOOP('',(#9728,#9729,#9735,#9736));
#9728 = ORIENTED_EDGE('',*,*,#1944,.T.);
#9729 = ORIENTED_EDGE('',*,*,#9730,.T.);
#9730 = EDGE_CURVE('',#1945,#5270,#9731,.T.);
#9731 = LINE('',#9732,#9733);
#9732 = CARTESIAN_POINT('',(144.780852,-143.136713,-4.6E-02));
#9733 = VECTOR('',#9734,1.);
#9734 = DIRECTION('',(0.,0.,1.));
#9735 = ORIENTED_EDGE('',*,*,#5269,.F.);
#9736 = ORIENTED_EDGE('',*,*,#9730,.F.);
#9737 = CYLINDRICAL_SURFACE('',#9738,1.5);
#9738 = AXIS2_PLACEMENT_3D('',#9739,#9740,#9741);
#9739 = CARTESIAN_POINT('',(144.780852,-141.636713,-4.6E-02));
#9740 = DIRECTION('',(-0.,-0.,-1.));
#9741 = DIRECTION('',(-0.,-1.,0.));
#9742 = ADVANCED_FACE('',(#9743),#9754,.F.);
#9743 = FACE_BOUND('',#9744,.T.);
#9744 = EDGE_LOOP('',(#9745,#9746,#9752,#9753));
#9745 = ORIENTED_EDGE('',*,*,#1955,.T.);
#9746 = ORIENTED_EDGE('',*,*,#9747,.T.);
#9747 = EDGE_CURVE('',#1956,#5281,#9748,.T.);
#9748 = LINE('',#9749,#9750);
#9749 = CARTESIAN_POINT('',(134.560852,-131.082013,-4.6E-02));
#9750 = VECTOR('',#9751,1.);
#9751 = DIRECTION('',(0.,0.,1.));
#9752 = ORIENTED_EDGE('',*,*,#5280,.F.);
#9753 = ORIENTED_EDGE('',*,*,#9747,.F.);
#9754 = CYLINDRICAL_SURFACE('',#9755,0.4953);
#9755 = AXIS2_PLACEMENT_3D('',#9756,#9757,#9758);
#9756 = CARTESIAN_POINT('',(134.560852,-130.586713,-4.6E-02));
#9757 = DIRECTION('',(-0.,-0.,-1.));
#9758 = DIRECTION('',(-0.,-1.,0.));
#9759 = ADVANCED_FACE('',(#9760),#9771,.F.);
#9760 = FACE_BOUND('',#9761,.T.);
#9761 = EDGE_LOOP('',(#9762,#9763,#9769,#9770));
#9762 = ORIENTED_EDGE('',*,*,#1966,.T.);
#9763 = ORIENTED_EDGE('',*,*,#9764,.T.);
#9764 = EDGE_CURVE('',#1967,#5292,#9765,.T.);
#9765 = LINE('',#9766,#9767);
#9766 = CARTESIAN_POINT('',(145.000852,-131.082013,-4.6E-02));
#9767 = VECTOR('',#9768,1.);
#9768 = DIRECTION('',(0.,0.,1.));
#9769 = ORIENTED_EDGE('',*,*,#5291,.F.);
#9770 = ORIENTED_EDGE('',*,*,#9764,.F.);
#9771 = CYLINDRICAL_SURFACE('',#9772,0.4953);
#9772 = AXIS2_PLACEMENT_3D('',#9773,#9774,#9775);
#9773 = CARTESIAN_POINT('',(145.000852,-130.586713,-4.6E-02));
#9774 = DIRECTION('',(-0.,-0.,-1.));
#9775 = DIRECTION('',(-0.,-1.,0.));
#9776 = ADVANCED_FACE('',(#9777),#9788,.F.);
#9777 = FACE_BOUND('',#9778,.T.);
#9778 = EDGE_LOOP('',(#9779,#9780,#9786,#9787));
#9779 = ORIENTED_EDGE('',*,*,#1977,.T.);
#9780 = ORIENTED_EDGE('',*,*,#9781,.T.);
#9781 = EDGE_CURVE('',#1978,#5303,#9782,.T.);
#9782 = LINE('',#9783,#9784);
#9783 = CARTESIAN_POINT('',(153.560852,-157.082013,-4.6E-02));
#9784 = VECTOR('',#9785,1.);
#9785 = DIRECTION('',(0.,0.,1.));
#9786 = ORIENTED_EDGE('',*,*,#5302,.F.);
#9787 = ORIENTED_EDGE('',*,*,#9781,.F.);
#9788 = CYLINDRICAL_SURFACE('',#9789,0.4953);
#9789 = AXIS2_PLACEMENT_3D('',#9790,#9791,#9792);
#9790 = CARTESIAN_POINT('',(153.560852,-156.586713,-4.6E-02));
#9791 = DIRECTION('',(-0.,-0.,-1.));
#9792 = DIRECTION('',(-0.,-1.,0.));
#9793 = ADVANCED_FACE('',(#9794),#9805,.F.);
#9794 = FACE_BOUND('',#9795,.T.);
#9795 = EDGE_LOOP('',(#9796,#9797,#9803,#9804));
#9796 = ORIENTED_EDGE('',*,*,#1988,.T.);
#9797 = ORIENTED_EDGE('',*,*,#9798,.T.);
#9798 = EDGE_CURVE('',#1989,#5314,#9799,.T.);
#9799 = LINE('',#9800,#9801);
#9800 = CARTESIAN_POINT('',(153.280852,-153.237613,-4.6E-02));
#9801 = VECTOR('',#9802,1.);
#9802 = DIRECTION('',(0.,0.,1.));
#9803 = ORIENTED_EDGE('',*,*,#5313,.F.);
#9804 = ORIENTED_EDGE('',*,*,#9798,.F.);
#9805 = CYLINDRICAL_SURFACE('',#9806,0.8509);
#9806 = AXIS2_PLACEMENT_3D('',#9807,#9808,#9809);
#9807 = CARTESIAN_POINT('',(153.280852,-152.386713,-4.6E-02));
#9808 = DIRECTION('',(-0.,0.,-1.));
#9809 = DIRECTION('',(3.340193845388E-14,-1.,-0.));
#9810 = ADVANCED_FACE('',(#9811),#9822,.F.);
#9811 = FACE_BOUND('',#9812,.T.);
#9812 = EDGE_LOOP('',(#9813,#9814,#9820,#9821));
#9813 = ORIENTED_EDGE('',*,*,#1999,.T.);
#9814 = ORIENTED_EDGE('',*,*,#9815,.T.);
#9815 = EDGE_CURVE('',#2000,#5325,#9816,.T.);
#9816 = LINE('',#9817,#9818);
#9817 = CARTESIAN_POINT('',(164.000852,-157.082013,-4.6E-02));
#9818 = VECTOR('',#9819,1.);
#9819 = DIRECTION('',(0.,0.,1.));
#9820 = ORIENTED_EDGE('',*,*,#5324,.F.);
#9821 = ORIENTED_EDGE('',*,*,#9815,.F.);
#9822 = CYLINDRICAL_SURFACE('',#9823,0.4953);
#9823 = AXIS2_PLACEMENT_3D('',#9824,#9825,#9826);
#9824 = CARTESIAN_POINT('',(164.000852,-156.586713,-4.6E-02));
#9825 = DIRECTION('',(-0.,-0.,-1.));
#9826 = DIRECTION('',(-0.,-1.,0.));
#9827 = ADVANCED_FACE('',(#9828),#9839,.F.);
#9828 = FACE_BOUND('',#9829,.T.);
#9829 = EDGE_LOOP('',(#9830,#9831,#9837,#9838));
#9830 = ORIENTED_EDGE('',*,*,#2010,.T.);
#9831 = ORIENTED_EDGE('',*,*,#9832,.T.);
#9832 = EDGE_CURVE('',#2011,#5336,#9833,.T.);
#9833 = LINE('',#9834,#9835);
#9834 = CARTESIAN_POINT('',(158.780852,-154.101213,-4.6E-02));
#9835 = VECTOR('',#9836,1.);
#9836 = DIRECTION('',(0.,0.,1.));
#9837 = ORIENTED_EDGE('',*,*,#5335,.F.);
#9838 = ORIENTED_EDGE('',*,*,#9832,.F.);
#9839 = CYLINDRICAL_SURFACE('',#9840,1.7145);
#9840 = AXIS2_PLACEMENT_3D('',#9841,#9842,#9843);
#9841 = CARTESIAN_POINT('',(158.780852,-152.386713,-4.6E-02));
#9842 = DIRECTION('',(-0.,0.,-1.));
#9843 = DIRECTION('',(1.657725834378E-14,-1.,-0.));
#9844 = ADVANCED_FACE('',(#9845),#9856,.F.);
#9845 = FACE_BOUND('',#9846,.T.);
#9846 = EDGE_LOOP('',(#9847,#9848,#9854,#9855));
#9847 = ORIENTED_EDGE('',*,*,#2021,.T.);
#9848 = ORIENTED_EDGE('',*,*,#9849,.T.);
#9849 = EDGE_CURVE('',#2022,#5347,#9850,.T.);
#9850 = LINE('',#9851,#9852);
#9851 = CARTESIAN_POINT('',(164.280852,-153.237613,-4.6E-02));
#9852 = VECTOR('',#9853,1.);
#9853 = DIRECTION('',(0.,0.,1.));
#9854 = ORIENTED_EDGE('',*,*,#5346,.F.);
#9855 = ORIENTED_EDGE('',*,*,#9849,.F.);
#9856 = CYLINDRICAL_SURFACE('',#9857,0.8509);
#9857 = AXIS2_PLACEMENT_3D('',#9858,#9859,#9860);
#9858 = CARTESIAN_POINT('',(164.280852,-152.386713,-4.6E-02));
#9859 = DIRECTION('',(-0.,0.,-1.));
#9860 = DIRECTION('',(3.340193845388E-14,-1.,-0.));
#9861 = ADVANCED_FACE('',(#9862),#9873,.F.);
#9862 = FACE_BOUND('',#9863,.T.);
#9863 = EDGE_LOOP('',(#9864,#9865,#9871,#9872));
#9864 = ORIENTED_EDGE('',*,*,#2032,.T.);
#9865 = ORIENTED_EDGE('',*,*,#9866,.T.);
#9866 = EDGE_CURVE('',#2033,#5358,#9867,.T.);
#9867 = LINE('',#9868,#9869);
#9868 = CARTESIAN_POINT('',(153.780852,-150.136713,-4.6E-02));
#9869 = VECTOR('',#9870,1.);
#9870 = DIRECTION('',(0.,0.,1.));
#9871 = ORIENTED_EDGE('',*,*,#5357,.F.);
#9872 = ORIENTED_EDGE('',*,*,#9866,.F.);
#9873 = CYLINDRICAL_SURFACE('',#9874,1.5);
#9874 = AXIS2_PLACEMENT_3D('',#9875,#9876,#9877);
#9875 = CARTESIAN_POINT('',(153.780852,-148.636713,-4.6E-02));
#9876 = DIRECTION('',(-0.,-0.,-1.));
#9877 = DIRECTION('',(-0.,-1.,0.));
#9878 = ADVANCED_FACE('',(#9879),#9890,.F.);
#9879 = FACE_BOUND('',#9880,.T.);
#9880 = EDGE_LOOP('',(#9881,#9882,#9888,#9889));
#9881 = ORIENTED_EDGE('',*,*,#2043,.T.);
#9882 = ORIENTED_EDGE('',*,*,#9883,.T.);
#9883 = EDGE_CURVE('',#2044,#5369,#9884,.T.);
#9884 = LINE('',#9885,#9886);
#9885 = CARTESIAN_POINT('',(163.780852,-150.136713,-4.6E-02));
#9886 = VECTOR('',#9887,1.);
#9887 = DIRECTION('',(0.,0.,1.));
#9888 = ORIENTED_EDGE('',*,*,#5368,.F.);
#9889 = ORIENTED_EDGE('',*,*,#9883,.F.);
#9890 = CYLINDRICAL_SURFACE('',#9891,1.5);
#9891 = AXIS2_PLACEMENT_3D('',#9892,#9893,#9894);
#9892 = CARTESIAN_POINT('',(163.780852,-148.636713,-4.6E-02));
#9893 = DIRECTION('',(-0.,-0.,-1.));
#9894 = DIRECTION('',(-0.,-1.,0.));
#9895 = ADVANCED_FACE('',(#9896),#9907,.F.);
#9896 = FACE_BOUND('',#9897,.T.);
#9897 = EDGE_LOOP('',(#9898,#9899,#9905,#9906));
#9898 = ORIENTED_EDGE('',*,*,#2054,.T.);
#9899 = ORIENTED_EDGE('',*,*,#9900,.T.);
#9900 = EDGE_CURVE('',#2055,#5380,#9901,.T.);
#9901 = LINE('',#9902,#9903);
#9902 = CARTESIAN_POINT('',(158.780852,-147.936713,-4.6E-02));
#9903 = VECTOR('',#9904,1.);
#9904 = DIRECTION('',(0.,0.,1.));
#9905 = ORIENTED_EDGE('',*,*,#5379,.F.);
#9906 = ORIENTED_EDGE('',*,*,#9900,.F.);
#9907 = CYLINDRICAL_SURFACE('',#9908,1.5);
#9908 = AXIS2_PLACEMENT_3D('',#9909,#9910,#9911);
#9909 = CARTESIAN_POINT('',(158.780852,-146.436713,-4.6E-02));
#9910 = DIRECTION('',(-0.,-0.,-1.));
#9911 = DIRECTION('',(-0.,-1.,0.));
#9912 = ADVANCED_FACE('',(#9913),#9924,.F.);
#9913 = FACE_BOUND('',#9914,.T.);
#9914 = EDGE_LOOP('',(#9915,#9916,#9922,#9923));
#9915 = ORIENTED_EDGE('',*,*,#2065,.T.);
#9916 = ORIENTED_EDGE('',*,*,#9917,.T.);
#9917 = EDGE_CURVE('',#2066,#5391,#9918,.T.);
#9918 = LINE('',#9919,#9920);
#9919 = CARTESIAN_POINT('',(172.560852,-152.082013,-4.6E-02));
#9920 = VECTOR('',#9921,1.);
#9921 = DIRECTION('',(0.,0.,1.));
#9922 = ORIENTED_EDGE('',*,*,#5390,.F.);
#9923 = ORIENTED_EDGE('',*,*,#9917,.F.);
#9924 = CYLINDRICAL_SURFACE('',#9925,0.4953);
#9925 = AXIS2_PLACEMENT_3D('',#9926,#9927,#9928);
#9926 = CARTESIAN_POINT('',(172.560852,-151.586713,-4.6E-02));
#9927 = DIRECTION('',(-0.,-0.,-1.));
#9928 = DIRECTION('',(-0.,-1.,0.));
#9929 = ADVANCED_FACE('',(#9930),#9941,.F.);
#9930 = FACE_BOUND('',#9931,.T.);
#9931 = EDGE_LOOP('',(#9932,#9933,#9939,#9940));
#9932 = ORIENTED_EDGE('',*,*,#2076,.T.);
#9933 = ORIENTED_EDGE('',*,*,#9934,.T.);
#9934 = EDGE_CURVE('',#2077,#5402,#9935,.T.);
#9935 = LINE('',#9936,#9937);
#9936 = CARTESIAN_POINT('',(172.280852,-148.237613,-4.6E-02));
#9937 = VECTOR('',#9938,1.);
#9938 = DIRECTION('',(0.,0.,1.));
#9939 = ORIENTED_EDGE('',*,*,#5401,.F.);
#9940 = ORIENTED_EDGE('',*,*,#9934,.F.);
#9941 = CYLINDRICAL_SURFACE('',#9942,0.8509);
#9942 = AXIS2_PLACEMENT_3D('',#9943,#9944,#9945);
#9943 = CARTESIAN_POINT('',(172.280852,-147.386713,-4.6E-02));
#9944 = DIRECTION('',(-0.,0.,-1.));
#9945 = DIRECTION('',(3.340193845388E-14,-1.,-0.));
#9946 = ADVANCED_FACE('',(#9947),#9958,.F.);
#9947 = FACE_BOUND('',#9948,.T.);
#9948 = EDGE_LOOP('',(#9949,#9950,#9956,#9957));
#9949 = ORIENTED_EDGE('',*,*,#2087,.T.);
#9950 = ORIENTED_EDGE('',*,*,#9951,.T.);
#9951 = EDGE_CURVE('',#2088,#5413,#9952,.T.);
#9952 = LINE('',#9953,#9954);
#9953 = CARTESIAN_POINT('',(177.780852,-149.101213,-4.6E-02));
#9954 = VECTOR('',#9955,1.);
#9955 = DIRECTION('',(0.,0.,1.));
#9956 = ORIENTED_EDGE('',*,*,#5412,.F.);
#9957 = ORIENTED_EDGE('',*,*,#9951,.F.);
#9958 = CYLINDRICAL_SURFACE('',#9959,1.7145);
#9959 = AXIS2_PLACEMENT_3D('',#9960,#9961,#9962);
#9960 = CARTESIAN_POINT('',(177.780852,-147.386713,-4.6E-02));
#9961 = DIRECTION('',(-0.,0.,-1.));
#9962 = DIRECTION('',(1.657725834378E-14,-1.,-0.));
#9963 = ADVANCED_FACE('',(#9964),#9975,.F.);
#9964 = FACE_BOUND('',#9965,.T.);
#9965 = EDGE_LOOP('',(#9966,#9967,#9973,#9974));
#9966 = ORIENTED_EDGE('',*,*,#2098,.T.);
#9967 = ORIENTED_EDGE('',*,*,#9968,.T.);
#9968 = EDGE_CURVE('',#2099,#5424,#9969,.T.);
#9969 = LINE('',#9970,#9971);
#9970 = CARTESIAN_POINT('',(153.560852,-138.082013,-4.6E-02));
#9971 = VECTOR('',#9972,1.);
#9972 = DIRECTION('',(0.,0.,1.));
#9973 = ORIENTED_EDGE('',*,*,#5423,.F.);
#9974 = ORIENTED_EDGE('',*,*,#9968,.F.);
#9975 = CYLINDRICAL_SURFACE('',#9976,0.4953);
#9976 = AXIS2_PLACEMENT_3D('',#9977,#9978,#9979);
#9977 = CARTESIAN_POINT('',(153.560852,-137.586713,-4.6E-02));
#9978 = DIRECTION('',(-0.,-0.,-1.));
#9979 = DIRECTION('',(-0.,-1.,0.));
#9980 = ADVANCED_FACE('',(#9981),#9992,.F.);
#9981 = FACE_BOUND('',#9982,.T.);
#9982 = EDGE_LOOP('',(#9983,#9984,#9990,#9991));
#9983 = ORIENTED_EDGE('',*,*,#2109,.T.);
#9984 = ORIENTED_EDGE('',*,*,#9985,.T.);
#9985 = EDGE_CURVE('',#2110,#5435,#9986,.T.);
#9986 = LINE('',#9987,#9988);
#9987 = CARTESIAN_POINT('',(153.280852,-134.237613,-4.6E-02));
#9988 = VECTOR('',#9989,1.);
#9989 = DIRECTION('',(0.,0.,1.));
#9990 = ORIENTED_EDGE('',*,*,#5434,.F.);
#9991 = ORIENTED_EDGE('',*,*,#9985,.F.);
#9992 = CYLINDRICAL_SURFACE('',#9993,0.8509);
#9993 = AXIS2_PLACEMENT_3D('',#9994,#9995,#9996);
#9994 = CARTESIAN_POINT('',(153.280852,-133.386713,-4.6E-02));
#9995 = DIRECTION('',(-0.,0.,-1.));
#9996 = DIRECTION('',(3.340193845388E-14,-1.,-0.));
#9997 = ADVANCED_FACE('',(#9998),#10009,.F.);
#9998 = FACE_BOUND('',#9999,.T.);
#9999 = EDGE_LOOP('',(#10000,#10001,#10007,#10008));
#10000 = ORIENTED_EDGE('',*,*,#2120,.T.);
#10001 = ORIENTED_EDGE('',*,*,#10002,.T.);
#10002 = EDGE_CURVE('',#2121,#5446,#10003,.T.);
#10003 = LINE('',#10004,#10005);
#10004 = CARTESIAN_POINT('',(164.000852,-138.082013,-4.6E-02));
#10005 = VECTOR('',#10006,1.);
#10006 = DIRECTION('',(0.,0.,1.));
#10007 = ORIENTED_EDGE('',*,*,#5445,.F.);
#10008 = ORIENTED_EDGE('',*,*,#10002,.F.);
#10009 = CYLINDRICAL_SURFACE('',#10010,0.4953);
#10010 = AXIS2_PLACEMENT_3D('',#10011,#10012,#10013);
#10011 = CARTESIAN_POINT('',(164.000852,-137.586713,-4.6E-02));
#10012 = DIRECTION('',(-0.,-0.,-1.));
#10013 = DIRECTION('',(-0.,-1.,0.));
#10014 = ADVANCED_FACE('',(#10015),#10026,.F.);
#10015 = FACE_BOUND('',#10016,.T.);
#10016 = EDGE_LOOP('',(#10017,#10018,#10024,#10025));
#10017 = ORIENTED_EDGE('',*,*,#2131,.T.);
#10018 = ORIENTED_EDGE('',*,*,#10019,.T.);
#10019 = EDGE_CURVE('',#2132,#5457,#10020,.T.);
#10020 = LINE('',#10021,#10022);
#10021 = CARTESIAN_POINT('',(158.780852,-135.101213,-4.6E-02));
#10022 = VECTOR('',#10023,1.);
#10023 = DIRECTION('',(0.,0.,1.));
#10024 = ORIENTED_EDGE('',*,*,#5456,.F.);
#10025 = ORIENTED_EDGE('',*,*,#10019,.F.);
#10026 = CYLINDRICAL_SURFACE('',#10027,1.7145);
#10027 = AXIS2_PLACEMENT_3D('',#10028,#10029,#10030);
#10028 = CARTESIAN_POINT('',(158.780852,-133.386713,-4.6E-02));
#10029 = DIRECTION('',(-0.,0.,-1.));
#10030 = DIRECTION('',(1.657725834378E-14,-1.,-0.));
#10031 = ADVANCED_FACE('',(#10032),#10043,.F.);
#10032 = FACE_BOUND('',#10033,.T.);
#10033 = EDGE_LOOP('',(#10034,#10035,#10041,#10042));
#10034 = ORIENTED_EDGE('',*,*,#2142,.T.);
#10035 = ORIENTED_EDGE('',*,*,#10036,.T.);
#10036 = EDGE_CURVE('',#2143,#5468,#10037,.T.);
#10037 = LINE('',#10038,#10039);
#10038 = CARTESIAN_POINT('',(164.280852,-134.237613,-4.6E-02));
#10039 = VECTOR('',#10040,1.);
#10040 = DIRECTION('',(0.,0.,1.));
#10041 = ORIENTED_EDGE('',*,*,#5467,.F.);
#10042 = ORIENTED_EDGE('',*,*,#10036,.F.);
#10043 = CYLINDRICAL_SURFACE('',#10044,0.8509);
#10044 = AXIS2_PLACEMENT_3D('',#10045,#10046,#10047);
#10045 = CARTESIAN_POINT('',(164.280852,-133.386713,-4.6E-02));
#10046 = DIRECTION('',(-0.,0.,-1.));
#10047 = DIRECTION('',(3.340193845388E-14,-1.,-0.));
#10048 = ADVANCED_FACE('',(#10049),#10060,.F.);
#10049 = FACE_BOUND('',#10050,.T.);
#10050 = EDGE_LOOP('',(#10051,#10052,#10058,#10059));
#10051 = ORIENTED_EDGE('',*,*,#2153,.T.);
#10052 = ORIENTED_EDGE('',*,*,#10053,.T.);
#10053 = EDGE_CURVE('',#2154,#5479,#10054,.T.);
#10054 = LINE('',#10055,#10056);
#10055 = CARTESIAN_POINT('',(172.780852,-145.136713,-4.6E-02));
#10056 = VECTOR('',#10057,1.);
#10057 = DIRECTION('',(0.,0.,1.));
#10058 = ORIENTED_EDGE('',*,*,#5478,.F.);
#10059 = ORIENTED_EDGE('',*,*,#10053,.F.);
#10060 = CYLINDRICAL_SURFACE('',#10061,1.5);
#10061 = AXIS2_PLACEMENT_3D('',#10062,#10063,#10064);
#10062 = CARTESIAN_POINT('',(172.780852,-143.636713,-4.6E-02));
#10063 = DIRECTION('',(-0.,-0.,-1.));
#10064 = DIRECTION('',(-0.,-1.,0.));
#10065 = ADVANCED_FACE('',(#10066),#10077,.F.);
#10066 = FACE_BOUND('',#10067,.T.);
#10067 = EDGE_LOOP('',(#10068,#10069,#10075,#10076));
#10068 = ORIENTED_EDGE('',*,*,#2164,.T.);
#10069 = ORIENTED_EDGE('',*,*,#10070,.T.);
#10070 = EDGE_CURVE('',#2165,#5490,#10071,.T.);
#10071 = LINE('',#10072,#10073);
#10072 = CARTESIAN_POINT('',(177.780852,-142.936713,-4.6E-02));
#10073 = VECTOR('',#10074,1.);
#10074 = DIRECTION('',(0.,0.,1.));
#10075 = ORIENTED_EDGE('',*,*,#5489,.F.);
#10076 = ORIENTED_EDGE('',*,*,#10070,.F.);
#10077 = CYLINDRICAL_SURFACE('',#10078,1.5);
#10078 = AXIS2_PLACEMENT_3D('',#10079,#10080,#10081);
#10079 = CARTESIAN_POINT('',(177.780852,-141.436713,-4.6E-02));
#10080 = DIRECTION('',(-0.,-0.,-1.));
#10081 = DIRECTION('',(-0.,-1.,0.));
#10082 = ADVANCED_FACE('',(#10083),#10094,.F.);
#10083 = FACE_BOUND('',#10084,.T.);
#10084 = EDGE_LOOP('',(#10085,#10086,#10092,#10093));
#10085 = ORIENTED_EDGE('',*,*,#2175,.T.);
#10086 = ORIENTED_EDGE('',*,*,#10087,.T.);
#10087 = EDGE_CURVE('',#2176,#5501,#10088,.T.);
#10088 = LINE('',#10089,#10090);
#10089 = CARTESIAN_POINT('',(182.780852,-145.136713,-4.6E-02));
#10090 = VECTOR('',#10091,1.);
#10091 = DIRECTION('',(0.,0.,1.));
#10092 = ORIENTED_EDGE('',*,*,#5500,.F.);
#10093 = ORIENTED_EDGE('',*,*,#10087,.F.);
#10094 = CYLINDRICAL_SURFACE('',#10095,1.5);
#10095 = AXIS2_PLACEMENT_3D('',#10096,#10097,#10098);
#10096 = CARTESIAN_POINT('',(182.780852,-143.636713,-4.6E-02));
#10097 = DIRECTION('',(-0.,-0.,-1.));
#10098 = DIRECTION('',(-0.,-1.,0.));
#10099 = ADVANCED_FACE('',(#10100),#10111,.F.);
#10100 = FACE_BOUND('',#10101,.T.);
#10101 = EDGE_LOOP('',(#10102,#10103,#10109,#10110));
#10102 = ORIENTED_EDGE('',*,*,#2186,.T.);
#10103 = ORIENTED_EDGE('',*,*,#10104,.T.);
#10104 = EDGE_CURVE('',#2187,#5512,#10105,.T.);
#10105 = LINE('',#10106,#10107);
#10106 = CARTESIAN_POINT('',(172.560852,-133.082013,-4.6E-02));
#10107 = VECTOR('',#10108,1.);
#10108 = DIRECTION('',(0.,0.,1.));
#10109 = ORIENTED_EDGE('',*,*,#5511,.F.);
#10110 = ORIENTED_EDGE('',*,*,#10104,.F.);
#10111 = CYLINDRICAL_SURFACE('',#10112,0.4953);
#10112 = AXIS2_PLACEMENT_3D('',#10113,#10114,#10115);
#10113 = CARTESIAN_POINT('',(172.560852,-132.586713,-4.6E-02));
#10114 = DIRECTION('',(-0.,-0.,-1.));
#10115 = DIRECTION('',(-0.,-1.,0.));
#10116 = ADVANCED_FACE('',(#10117),#10128,.F.);
#10117 = FACE_BOUND('',#10118,.T.);
#10118 = EDGE_LOOP('',(#10119,#10120,#10126,#10127));
#10119 = ORIENTED_EDGE('',*,*,#2197,.T.);
#10120 = ORIENTED_EDGE('',*,*,#10121,.T.);
#10121 = EDGE_CURVE('',#2198,#5523,#10122,.T.);
#10122 = LINE('',#10123,#10124);
#10123 = CARTESIAN_POINT('',(115.280852,-127.237613,-4.6E-02));
#10124 = VECTOR('',#10125,1.);
#10125 = DIRECTION('',(0.,0.,1.));
#10126 = ORIENTED_EDGE('',*,*,#5522,.F.);
#10127 = ORIENTED_EDGE('',*,*,#10121,.F.);
#10128 = CYLINDRICAL_SURFACE('',#10129,0.8509);
#10129 = AXIS2_PLACEMENT_3D('',#10130,#10131,#10132);
#10130 = CARTESIAN_POINT('',(115.280852,-126.386713,-4.6E-02));
#10131 = DIRECTION('',(-0.,-0.,-1.));
#10132 = DIRECTION('',(-1.670096922694E-14,-1.,0.));
#10133 = ADVANCED_FACE('',(#10134),#10145,.F.);
#10134 = FACE_BOUND('',#10135,.T.);
#10135 = EDGE_LOOP('',(#10136,#10137,#10143,#10144));
#10136 = ORIENTED_EDGE('',*,*,#2208,.T.);
#10137 = ORIENTED_EDGE('',*,*,#10138,.T.);
#10138 = EDGE_CURVE('',#2209,#5534,#10139,.T.);
#10139 = LINE('',#10140,#10141);
#10140 = CARTESIAN_POINT('',(120.780852,-128.101213,-4.6E-02));
#10141 = VECTOR('',#10142,1.);
#10142 = DIRECTION('',(0.,0.,1.));
#10143 = ORIENTED_EDGE('',*,*,#5533,.F.);
#10144 = ORIENTED_EDGE('',*,*,#10138,.F.);
#10145 = CYLINDRICAL_SURFACE('',#10146,1.7145);
#10146 = AXIS2_PLACEMENT_3D('',#10147,#10148,#10149);
#10147 = CARTESIAN_POINT('',(120.780852,-126.386713,-4.6E-02));
#10148 = DIRECTION('',(-0.,-0.,-1.));
#10149 = DIRECTION('',(-0.,-1.,0.));
#10150 = ADVANCED_FACE('',(#10151),#10162,.F.);
#10151 = FACE_BOUND('',#10152,.T.);
#10152 = EDGE_LOOP('',(#10153,#10154,#10160,#10161));
#10153 = ORIENTED_EDGE('',*,*,#2219,.T.);
#10154 = ORIENTED_EDGE('',*,*,#10155,.T.);
#10155 = EDGE_CURVE('',#2220,#5545,#10156,.T.);
#10156 = LINE('',#10157,#10158);
#10157 = CARTESIAN_POINT('',(126.280852,-127.237613,-4.6E-02));
#10158 = VECTOR('',#10159,1.);
#10159 = DIRECTION('',(0.,0.,1.));
#10160 = ORIENTED_EDGE('',*,*,#5544,.F.);
#10161 = ORIENTED_EDGE('',*,*,#10155,.F.);
#10162 = CYLINDRICAL_SURFACE('',#10163,0.8509);
#10163 = AXIS2_PLACEMENT_3D('',#10164,#10165,#10166);
#10164 = CARTESIAN_POINT('',(126.280852,-126.386713,-4.6E-02));
#10165 = DIRECTION('',(-0.,-0.,-1.));
#10166 = DIRECTION('',(-1.670096922694E-14,-1.,0.));
#10167 = ADVANCED_FACE('',(#10168),#10179,.F.);
#10168 = FACE_BOUND('',#10169,.T.);
#10169 = EDGE_LOOP('',(#10170,#10171,#10177,#10178));
#10170 = ORIENTED_EDGE('',*,*,#2230,.T.);
#10171 = ORIENTED_EDGE('',*,*,#10172,.T.);
#10172 = EDGE_CURVE('',#2231,#5556,#10173,.T.);
#10173 = LINE('',#10174,#10175);
#10174 = CARTESIAN_POINT('',(115.780852,-124.136713,-4.6E-02));
#10175 = VECTOR('',#10176,1.);
#10176 = DIRECTION('',(0.,0.,1.));
#10177 = ORIENTED_EDGE('',*,*,#5555,.F.);
#10178 = ORIENTED_EDGE('',*,*,#10172,.F.);
#10179 = CYLINDRICAL_SURFACE('',#10180,1.5);
#10180 = AXIS2_PLACEMENT_3D('',#10181,#10182,#10183);
#10181 = CARTESIAN_POINT('',(115.780852,-122.636713,-4.6E-02));
#10182 = DIRECTION('',(-0.,-0.,-1.));
#10183 = DIRECTION('',(-0.,-1.,0.));
#10184 = ADVANCED_FACE('',(#10185),#10196,.F.);
#10185 = FACE_BOUND('',#10186,.T.);
#10186 = EDGE_LOOP('',(#10187,#10188,#10194,#10195));
#10187 = ORIENTED_EDGE('',*,*,#2241,.T.);
#10188 = ORIENTED_EDGE('',*,*,#10189,.T.);
#10189 = EDGE_CURVE('',#2242,#5567,#10190,.T.);
#10190 = LINE('',#10191,#10192);
#10191 = CARTESIAN_POINT('',(120.780852,-121.936713,-4.6E-02));
#10192 = VECTOR('',#10193,1.);
#10193 = DIRECTION('',(0.,0.,1.));
#10194 = ORIENTED_EDGE('',*,*,#5566,.F.);
#10195 = ORIENTED_EDGE('',*,*,#10189,.F.);
#10196 = CYLINDRICAL_SURFACE('',#10197,1.5);
#10197 = AXIS2_PLACEMENT_3D('',#10198,#10199,#10200);
#10198 = CARTESIAN_POINT('',(120.780852,-120.436713,-4.6E-02));
#10199 = DIRECTION('',(-0.,-0.,-1.));
#10200 = DIRECTION('',(-0.,-1.,0.));
#10201 = ADVANCED_FACE('',(#10202),#10213,.F.);
#10202 = FACE_BOUND('',#10203,.T.);
#10203 = EDGE_LOOP('',(#10204,#10205,#10211,#10212));
#10204 = ORIENTED_EDGE('',*,*,#2252,.T.);
#10205 = ORIENTED_EDGE('',*,*,#10206,.T.);
#10206 = EDGE_CURVE('',#2253,#5578,#10207,.T.);
#10207 = LINE('',#10208,#10209);
#10208 = CARTESIAN_POINT('',(125.780852,-124.136713,-4.6E-02));
#10209 = VECTOR('',#10210,1.);
#10210 = DIRECTION('',(0.,0.,1.));
#10211 = ORIENTED_EDGE('',*,*,#5577,.F.);
#10212 = ORIENTED_EDGE('',*,*,#10206,.F.);
#10213 = CYLINDRICAL_SURFACE('',#10214,1.5);
#10214 = AXIS2_PLACEMENT_3D('',#10215,#10216,#10217);
#10215 = CARTESIAN_POINT('',(125.780852,-122.636713,-4.6E-02));
#10216 = DIRECTION('',(-0.,-0.,-1.));
#10217 = DIRECTION('',(-0.,-1.,0.));
#10218 = ADVANCED_FACE('',(#10219),#10230,.F.);
#10219 = FACE_BOUND('',#10220,.T.);
#10220 = EDGE_LOOP('',(#10221,#10222,#10228,#10229));
#10221 = ORIENTED_EDGE('',*,*,#2263,.T.);
#10222 = ORIENTED_EDGE('',*,*,#10223,.T.);
#10223 = EDGE_CURVE('',#2264,#5589,#10224,.T.);
#10224 = LINE('',#10225,#10226);
#10225 = CARTESIAN_POINT('',(134.280852,-127.237613,-4.6E-02));
#10226 = VECTOR('',#10227,1.);
#10227 = DIRECTION('',(0.,0.,1.));
#10228 = ORIENTED_EDGE('',*,*,#5588,.F.);
#10229 = ORIENTED_EDGE('',*,*,#10223,.F.);
#10230 = CYLINDRICAL_SURFACE('',#10231,0.8509);
#10231 = AXIS2_PLACEMENT_3D('',#10232,#10233,#10234);
#10232 = CARTESIAN_POINT('',(134.280852,-126.386713,-4.6E-02));
#10233 = DIRECTION('',(-0.,0.,-1.));
#10234 = DIRECTION('',(3.340193845388E-14,-1.,-0.));
#10235 = ADVANCED_FACE('',(#10236),#10247,.F.);
#10236 = FACE_BOUND('',#10237,.T.);
#10237 = EDGE_LOOP('',(#10238,#10239,#10245,#10246));
#10238 = ORIENTED_EDGE('',*,*,#2274,.T.);
#10239 = ORIENTED_EDGE('',*,*,#10240,.T.);
#10240 = EDGE_CURVE('',#2275,#5600,#10241,.T.);
#10241 = LINE('',#10242,#10243);
#10242 = CARTESIAN_POINT('',(139.780852,-128.101213,-4.6E-02));
#10243 = VECTOR('',#10244,1.);
#10244 = DIRECTION('',(0.,0.,1.));
#10245 = ORIENTED_EDGE('',*,*,#5599,.F.);
#10246 = ORIENTED_EDGE('',*,*,#10240,.F.);
#10247 = CYLINDRICAL_SURFACE('',#10248,1.7145);
#10248 = AXIS2_PLACEMENT_3D('',#10249,#10250,#10251);
#10249 = CARTESIAN_POINT('',(139.780852,-126.386713,-4.6E-02));
#10250 = DIRECTION('',(-0.,0.,-1.));
#10251 = DIRECTION('',(1.657725834378E-14,-1.,-0.));
#10252 = ADVANCED_FACE('',(#10253),#10264,.F.);
#10253 = FACE_BOUND('',#10254,.T.);
#10254 = EDGE_LOOP('',(#10255,#10256,#10262,#10263));
#10255 = ORIENTED_EDGE('',*,*,#2285,.T.);
#10256 = ORIENTED_EDGE('',*,*,#10257,.T.);
#10257 = EDGE_CURVE('',#2286,#5611,#10258,.T.);
#10258 = LINE('',#10259,#10260);
#10259 = CARTESIAN_POINT('',(145.280852,-127.237613,-4.6E-02));
#10260 = VECTOR('',#10261,1.);
#10261 = DIRECTION('',(0.,0.,1.));
#10262 = ORIENTED_EDGE('',*,*,#5610,.F.);
#10263 = ORIENTED_EDGE('',*,*,#10257,.F.);
#10264 = CYLINDRICAL_SURFACE('',#10265,0.8509);
#10265 = AXIS2_PLACEMENT_3D('',#10266,#10267,#10268);
#10266 = CARTESIAN_POINT('',(145.280852,-126.386713,-4.6E-02));
#10267 = DIRECTION('',(-0.,0.,-1.));
#10268 = DIRECTION('',(3.340193845388E-14,-1.,-0.));
#10269 = ADVANCED_FACE('',(#10270),#10281,.F.);
#10270 = FACE_BOUND('',#10271,.T.);
#10271 = EDGE_LOOP('',(#10272,#10273,#10279,#10280));
#10272 = ORIENTED_EDGE('',*,*,#2296,.T.);
#10273 = ORIENTED_EDGE('',*,*,#10274,.T.);
#10274 = EDGE_CURVE('',#2297,#5622,#10275,.T.);
#10275 = LINE('',#10276,#10277);
#10276 = CARTESIAN_POINT('',(134.780852,-124.136713,-4.6E-02));
#10277 = VECTOR('',#10278,1.);
#10278 = DIRECTION('',(0.,0.,1.));
#10279 = ORIENTED_EDGE('',*,*,#5621,.F.);
#10280 = ORIENTED_EDGE('',*,*,#10274,.F.);
#10281 = CYLINDRICAL_SURFACE('',#10282,1.5);
#10282 = AXIS2_PLACEMENT_3D('',#10283,#10284,#10285);
#10283 = CARTESIAN_POINT('',(134.780852,-122.636713,-4.6E-02));
#10284 = DIRECTION('',(-0.,-0.,-1.));
#10285 = DIRECTION('',(-0.,-1.,0.));
#10286 = ADVANCED_FACE('',(#10287),#10298,.F.);
#10287 = FACE_BOUND('',#10288,.T.);
#10288 = EDGE_LOOP('',(#10289,#10290,#10296,#10297));
#10289 = ORIENTED_EDGE('',*,*,#2307,.T.);
#10290 = ORIENTED_EDGE('',*,*,#10291,.T.);
#10291 = EDGE_CURVE('',#2308,#5633,#10292,.T.);
#10292 = LINE('',#10293,#10294);
#10293 = CARTESIAN_POINT('',(139.780852,-121.936713,-4.6E-02));
#10294 = VECTOR('',#10295,1.);
#10295 = DIRECTION('',(0.,0.,1.));
#10296 = ORIENTED_EDGE('',*,*,#5632,.F.);
#10297 = ORIENTED_EDGE('',*,*,#10291,.F.);
#10298 = CYLINDRICAL_SURFACE('',#10299,1.5);
#10299 = AXIS2_PLACEMENT_3D('',#10300,#10301,#10302);
#10300 = CARTESIAN_POINT('',(139.780852,-120.436713,-4.6E-02));
#10301 = DIRECTION('',(-0.,-0.,-1.));
#10302 = DIRECTION('',(-0.,-1.,0.));
#10303 = ADVANCED_FACE('',(#10304),#10315,.F.);
#10304 = FACE_BOUND('',#10305,.T.);
#10305 = EDGE_LOOP('',(#10306,#10307,#10313,#10314));
#10306 = ORIENTED_EDGE('',*,*,#2318,.T.);
#10307 = ORIENTED_EDGE('',*,*,#10308,.T.);
#10308 = EDGE_CURVE('',#2319,#5644,#10309,.T.);
#10309 = LINE('',#10310,#10311);
#10310 = CARTESIAN_POINT('',(144.780852,-124.136713,-4.6E-02));
#10311 = VECTOR('',#10312,1.);
#10312 = DIRECTION('',(0.,0.,1.));
#10313 = ORIENTED_EDGE('',*,*,#5643,.F.);
#10314 = ORIENTED_EDGE('',*,*,#10308,.F.);
#10315 = CYLINDRICAL_SURFACE('',#10316,1.5);
#10316 = AXIS2_PLACEMENT_3D('',#10317,#10318,#10319);
#10317 = CARTESIAN_POINT('',(144.780852,-122.636713,-4.6E-02));
#10318 = DIRECTION('',(-0.,-0.,-1.));
#10319 = DIRECTION('',(-0.,-1.,0.));
#10320 = ADVANCED_FACE('',(#10321),#10332,.F.);
#10321 = FACE_BOUND('',#10322,.T.);
#10322 = EDGE_LOOP('',(#10323,#10324,#10330,#10331));
#10323 = ORIENTED_EDGE('',*,*,#2329,.T.);
#10324 = ORIENTED_EDGE('',*,*,#10325,.T.);
#10325 = EDGE_CURVE('',#2330,#5655,#10326,.T.);
#10326 = LINE('',#10327,#10328);
#10327 = CARTESIAN_POINT('',(153.780852,-131.136713,-4.6E-02));
#10328 = VECTOR('',#10329,1.);
#10329 = DIRECTION('',(0.,0.,1.));
#10330 = ORIENTED_EDGE('',*,*,#5654,.F.);
#10331 = ORIENTED_EDGE('',*,*,#10325,.F.);
#10332 = CYLINDRICAL_SURFACE('',#10333,1.5);
#10333 = AXIS2_PLACEMENT_3D('',#10334,#10335,#10336);
#10334 = CARTESIAN_POINT('',(153.780852,-129.636713,-4.6E-02));
#10335 = DIRECTION('',(-0.,-0.,-1.));
#10336 = DIRECTION('',(-0.,-1.,0.));
#10337 = ADVANCED_FACE('',(#10338),#10349,.F.);
#10338 = FACE_BOUND('',#10339,.T.);
#10339 = EDGE_LOOP('',(#10340,#10341,#10347,#10348));
#10340 = ORIENTED_EDGE('',*,*,#2340,.T.);
#10341 = ORIENTED_EDGE('',*,*,#10342,.T.);
#10342 = EDGE_CURVE('',#2341,#5666,#10343,.T.);
#10343 = LINE('',#10344,#10345);
#10344 = CARTESIAN_POINT('',(158.780852,-128.936713,-4.6E-02));
#10345 = VECTOR('',#10346,1.);
#10346 = DIRECTION('',(0.,0.,1.));
#10347 = ORIENTED_EDGE('',*,*,#5665,.F.);
#10348 = ORIENTED_EDGE('',*,*,#10342,.F.);
#10349 = CYLINDRICAL_SURFACE('',#10350,1.5);
#10350 = AXIS2_PLACEMENT_3D('',#10351,#10352,#10353);
#10351 = CARTESIAN_POINT('',(158.780852,-127.436713,-4.6E-02));
#10352 = DIRECTION('',(-0.,-0.,-1.));
#10353 = DIRECTION('',(-0.,-1.,0.));
#10354 = ADVANCED_FACE('',(#10355),#10366,.F.);
#10355 = FACE_BOUND('',#10356,.T.);
#10356 = EDGE_LOOP('',(#10357,#10358,#10364,#10365));
#10357 = ORIENTED_EDGE('',*,*,#2351,.T.);
#10358 = ORIENTED_EDGE('',*,*,#10359,.T.);
#10359 = EDGE_CURVE('',#2352,#5677,#10360,.T.);
#10360 = LINE('',#10361,#10362);
#10361 = CARTESIAN_POINT('',(163.780852,-131.136713,-4.6E-02));
#10362 = VECTOR('',#10363,1.);
#10363 = DIRECTION('',(0.,0.,1.));
#10364 = ORIENTED_EDGE('',*,*,#5676,.F.);
#10365 = ORIENTED_EDGE('',*,*,#10359,.F.);
#10366 = CYLINDRICAL_SURFACE('',#10367,1.5);
#10367 = AXIS2_PLACEMENT_3D('',#10368,#10369,#10370);
#10368 = CARTESIAN_POINT('',(163.780852,-129.636713,-4.6E-02));
#10369 = DIRECTION('',(-0.,-0.,-1.));
#10370 = DIRECTION('',(-0.,-1.,0.));
#10371 = ADVANCED_FACE('',(#10372),#10383,.F.);
#10372 = FACE_BOUND('',#10373,.T.);
#10373 = EDGE_LOOP('',(#10374,#10375,#10381,#10382));
#10374 = ORIENTED_EDGE('',*,*,#2362,.T.);
#10375 = ORIENTED_EDGE('',*,*,#10376,.T.);
#10376 = EDGE_CURVE('',#2363,#5688,#10377,.T.);
#10377 = LINE('',#10378,#10379);
#10378 = CARTESIAN_POINT('',(153.560852,-119.082013,-4.6E-02));
#10379 = VECTOR('',#10380,1.);
#10380 = DIRECTION('',(0.,0.,1.));
#10381 = ORIENTED_EDGE('',*,*,#5687,.F.);
#10382 = ORIENTED_EDGE('',*,*,#10376,.F.);
#10383 = CYLINDRICAL_SURFACE('',#10384,0.4953);
#10384 = AXIS2_PLACEMENT_3D('',#10385,#10386,#10387);
#10385 = CARTESIAN_POINT('',(153.560852,-118.586713,-4.6E-02));
#10386 = DIRECTION('',(-0.,-0.,-1.));
#10387 = DIRECTION('',(-0.,-1.,0.));
#10388 = ADVANCED_FACE('',(#10389),#10400,.F.);
#10389 = FACE_BOUND('',#10390,.T.);
#10390 = EDGE_LOOP('',(#10391,#10392,#10398,#10399));
#10391 = ORIENTED_EDGE('',*,*,#2373,.T.);
#10392 = ORIENTED_EDGE('',*,*,#10393,.T.);
#10393 = EDGE_CURVE('',#2374,#5699,#10394,.T.);
#10394 = LINE('',#10395,#10396);
#10395 = CARTESIAN_POINT('',(164.000852,-119.082013,-4.6E-02));
#10396 = VECTOR('',#10397,1.);
#10397 = DIRECTION('',(0.,0.,1.));
#10398 = ORIENTED_EDGE('',*,*,#5698,.F.);
#10399 = ORIENTED_EDGE('',*,*,#10393,.F.);
#10400 = CYLINDRICAL_SURFACE('',#10401,0.4953);
#10401 = AXIS2_PLACEMENT_3D('',#10402,#10403,#10404);
#10402 = CARTESIAN_POINT('',(164.000852,-118.586713,-4.6E-02));
#10403 = DIRECTION('',(-0.,-0.,-1.));
#10404 = DIRECTION('',(-0.,-1.,0.));
#10405 = ADVANCED_FACE('',(#10406),#10417,.F.);
#10406 = FACE_BOUND('',#10407,.T.);
#10407 = EDGE_LOOP('',(#10408,#10409,#10415,#10416));
#10408 = ORIENTED_EDGE('',*,*,#2384,.T.);
#10409 = ORIENTED_EDGE('',*,*,#10410,.T.);
#10410 = EDGE_CURVE('',#2385,#5710,#10411,.T.);
#10411 = LINE('',#10412,#10413);
#10412 = CARTESIAN_POINT('',(172.280852,-129.237613,-4.6E-02));
#10413 = VECTOR('',#10414,1.);
#10414 = DIRECTION('',(0.,0.,1.));
#10415 = ORIENTED_EDGE('',*,*,#5709,.F.);
#10416 = ORIENTED_EDGE('',*,*,#10410,.F.);
#10417 = CYLINDRICAL_SURFACE('',#10418,0.8509);
#10418 = AXIS2_PLACEMENT_3D('',#10419,#10420,#10421);
#10419 = CARTESIAN_POINT('',(172.280852,-128.386713,-4.6E-02));
#10420 = DIRECTION('',(-0.,0.,-1.));
#10421 = DIRECTION('',(3.340193845388E-14,-1.,-0.));
#10422 = ADVANCED_FACE('',(#10423),#10434,.F.);
#10423 = FACE_BOUND('',#10424,.T.);
#10424 = EDGE_LOOP('',(#10425,#10426,#10432,#10433));
#10425 = ORIENTED_EDGE('',*,*,#2395,.T.);
#10426 = ORIENTED_EDGE('',*,*,#10427,.T.);
#10427 = EDGE_CURVE('',#2396,#5721,#10428,.T.);
#10428 = LINE('',#10429,#10430);
#10429 = CARTESIAN_POINT('',(172.780852,-126.136713,-4.6E-02));
#10430 = VECTOR('',#10431,1.);
#10431 = DIRECTION('',(0.,0.,1.));
#10432 = ORIENTED_EDGE('',*,*,#5720,.F.);
#10433 = ORIENTED_EDGE('',*,*,#10427,.F.);
#10434 = CYLINDRICAL_SURFACE('',#10435,1.5);
#10435 = AXIS2_PLACEMENT_3D('',#10436,#10437,#10438);
#10436 = CARTESIAN_POINT('',(172.780852,-124.636713,-4.6E-02));
#10437 = DIRECTION('',(-0.,-0.,-1.));
#10438 = DIRECTION('',(-0.,-1.,0.));
#10439 = ADVANCED_FACE('',(#10440),#10451,.F.);
#10440 = FACE_BOUND('',#10441,.T.);
#10441 = EDGE_LOOP('',(#10442,#10443,#10449,#10450));
#10442 = ORIENTED_EDGE('',*,*,#2406,.T.);
#10443 = ORIENTED_EDGE('',*,*,#10444,.T.);
#10444 = EDGE_CURVE('',#2407,#5732,#10445,.T.);
#10445 = LINE('',#10446,#10447);
#10446 = CARTESIAN_POINT('',(177.780852,-130.101213,-4.6E-02));
#10447 = VECTOR('',#10448,1.);
#10448 = DIRECTION('',(0.,0.,1.));
#10449 = ORIENTED_EDGE('',*,*,#5731,.F.);
#10450 = ORIENTED_EDGE('',*,*,#10444,.F.);
#10451 = CYLINDRICAL_SURFACE('',#10452,1.7145);
#10452 = AXIS2_PLACEMENT_3D('',#10453,#10454,#10455);
#10453 = CARTESIAN_POINT('',(177.780852,-128.386713,-4.6E-02));
#10454 = DIRECTION('',(-0.,0.,-1.));
#10455 = DIRECTION('',(1.657725834378E-14,-1.,-0.));
#10456 = ADVANCED_FACE('',(#10457),#10468,.F.);
#10457 = FACE_BOUND('',#10458,.T.);
#10458 = EDGE_LOOP('',(#10459,#10460,#10466,#10467));
#10459 = ORIENTED_EDGE('',*,*,#2417,.T.);
#10460 = ORIENTED_EDGE('',*,*,#10461,.T.);
#10461 = EDGE_CURVE('',#2418,#5743,#10462,.T.);
#10462 = LINE('',#10463,#10464);
#10463 = CARTESIAN_POINT('',(182.780852,-126.136713,-4.6E-02));
#10464 = VECTOR('',#10465,1.);
#10465 = DIRECTION('',(0.,0.,1.));
#10466 = ORIENTED_EDGE('',*,*,#5742,.F.);
#10467 = ORIENTED_EDGE('',*,*,#10461,.F.);
#10468 = CYLINDRICAL_SURFACE('',#10469,1.5);
#10469 = AXIS2_PLACEMENT_3D('',#10470,#10471,#10472);
#10470 = CARTESIAN_POINT('',(182.780852,-124.636713,-4.6E-02));
#10471 = DIRECTION('',(-0.,-0.,-1.));
#10472 = DIRECTION('',(-0.,-1.,0.));
#10473 = ADVANCED_FACE('',(#10474),#10485,.F.);
#10474 = FACE_BOUND('',#10475,.T.);
#10475 = EDGE_LOOP('',(#10476,#10477,#10483,#10484));
#10476 = ORIENTED_EDGE('',*,*,#2428,.T.);
#10477 = ORIENTED_EDGE('',*,*,#10478,.T.);
#10478 = EDGE_CURVE('',#2429,#5754,#10479,.T.);
#10479 = LINE('',#10480,#10481);
#10480 = CARTESIAN_POINT('',(177.780852,-123.936713,-4.6E-02));
#10481 = VECTOR('',#10482,1.);
#10482 = DIRECTION('',(0.,0.,1.));
#10483 = ORIENTED_EDGE('',*,*,#5753,.F.);
#10484 = ORIENTED_EDGE('',*,*,#10478,.F.);
#10485 = CYLINDRICAL_SURFACE('',#10486,1.5);
#10486 = AXIS2_PLACEMENT_3D('',#10487,#10488,#10489);
#10487 = CARTESIAN_POINT('',(177.780852,-122.436713,-4.6E-02));
#10488 = DIRECTION('',(-0.,-0.,-1.));
#10489 = DIRECTION('',(-0.,-1.,0.));
#10490 = ADVANCED_FACE('',(#10491),#10502,.F.);
#10491 = FACE_BOUND('',#10492,.T.);
#10492 = EDGE_LOOP('',(#10493,#10494,#10500,#10501));
#10493 = ORIENTED_EDGE('',*,*,#2439,.T.);
#10494 = ORIENTED_EDGE('',*,*,#10495,.T.);
#10495 = EDGE_CURVE('',#2440,#5765,#10496,.T.);
#10496 = LINE('',#10497,#10498);
#10497 = CARTESIAN_POINT('',(153.280852,-115.237613,-4.6E-02));
#10498 = VECTOR('',#10499,1.);
#10499 = DIRECTION('',(0.,0.,1.));
#10500 = ORIENTED_EDGE('',*,*,#5764,.F.);
#10501 = ORIENTED_EDGE('',*,*,#10495,.F.);
#10502 = CYLINDRICAL_SURFACE('',#10503,0.8509);
#10503 = AXIS2_PLACEMENT_3D('',#10504,#10505,#10506);
#10504 = CARTESIAN_POINT('',(153.280852,-114.386713,-4.6E-02));
#10505 = DIRECTION('',(-0.,0.,-1.));
#10506 = DIRECTION('',(3.340193845388E-14,-1.,-0.));
#10507 = ADVANCED_FACE('',(#10508),#10519,.F.);
#10508 = FACE_BOUND('',#10509,.T.);
#10509 = EDGE_LOOP('',(#10510,#10511,#10517,#10518));
#10510 = ORIENTED_EDGE('',*,*,#2450,.T.);
#10511 = ORIENTED_EDGE('',*,*,#10512,.T.);
#10512 = EDGE_CURVE('',#2451,#5776,#10513,.T.);
#10513 = LINE('',#10514,#10515);
#10514 = CARTESIAN_POINT('',(153.780852,-112.136713,-4.6E-02));
#10515 = VECTOR('',#10516,1.);
#10516 = DIRECTION('',(0.,0.,1.));
#10517 = ORIENTED_EDGE('',*,*,#5775,.F.);
#10518 = ORIENTED_EDGE('',*,*,#10512,.F.);
#10519 = CYLINDRICAL_SURFACE('',#10520,1.5);
#10520 = AXIS2_PLACEMENT_3D('',#10521,#10522,#10523);
#10521 = CARTESIAN_POINT('',(153.780852,-110.636713,-4.6E-02));
#10522 = DIRECTION('',(-0.,-0.,-1.));
#10523 = DIRECTION('',(-0.,-1.,0.));
#10524 = ADVANCED_FACE('',(#10525),#10536,.F.);
#10525 = FACE_BOUND('',#10526,.T.);
#10526 = EDGE_LOOP('',(#10527,#10528,#10534,#10535));
#10527 = ORIENTED_EDGE('',*,*,#2461,.T.);
#10528 = ORIENTED_EDGE('',*,*,#10529,.T.);
#10529 = EDGE_CURVE('',#2462,#5787,#10530,.T.);
#10530 = LINE('',#10531,#10532);
#10531 = CARTESIAN_POINT('',(158.780852,-116.101213,-4.6E-02));
#10532 = VECTOR('',#10533,1.);
#10533 = DIRECTION('',(0.,0.,1.));
#10534 = ORIENTED_EDGE('',*,*,#5786,.F.);
#10535 = ORIENTED_EDGE('',*,*,#10529,.F.);
#10536 = CYLINDRICAL_SURFACE('',#10537,1.7145);
#10537 = AXIS2_PLACEMENT_3D('',#10538,#10539,#10540);
#10538 = CARTESIAN_POINT('',(158.780852,-114.386713,-4.6E-02));
#10539 = DIRECTION('',(-0.,0.,-1.));
#10540 = DIRECTION('',(1.657725834378E-14,-1.,-0.));
#10541 = ADVANCED_FACE('',(#10542),#10553,.F.);
#10542 = FACE_BOUND('',#10543,.T.);
#10543 = EDGE_LOOP('',(#10544,#10545,#10551,#10552));
#10544 = ORIENTED_EDGE('',*,*,#2472,.T.);
#10545 = ORIENTED_EDGE('',*,*,#10546,.T.);
#10546 = EDGE_CURVE('',#2473,#5798,#10547,.T.);
#10547 = LINE('',#10548,#10549);
#10548 = CARTESIAN_POINT('',(164.280852,-115.237613,-4.6E-02));
#10549 = VECTOR('',#10550,1.);
#10550 = DIRECTION('',(0.,0.,1.));
#10551 = ORIENTED_EDGE('',*,*,#5797,.F.);
#10552 = ORIENTED_EDGE('',*,*,#10546,.F.);
#10553 = CYLINDRICAL_SURFACE('',#10554,0.8509);
#10554 = AXIS2_PLACEMENT_3D('',#10555,#10556,#10557);
#10555 = CARTESIAN_POINT('',(164.280852,-114.386713,-4.6E-02));
#10556 = DIRECTION('',(-0.,0.,-1.));
#10557 = DIRECTION('',(3.340193845388E-14,-1.,-0.));
#10558 = ADVANCED_FACE('',(#10559),#10570,.F.);
#10559 = FACE_BOUND('',#10560,.T.);
#10560 = EDGE_LOOP('',(#10561,#10562,#10568,#10569));
#10561 = ORIENTED_EDGE('',*,*,#2483,.T.);
#10562 = ORIENTED_EDGE('',*,*,#10563,.T.);
#10563 = EDGE_CURVE('',#2484,#5809,#10564,.T.);
#10564 = LINE('',#10565,#10566);
#10565 = CARTESIAN_POINT('',(163.780852,-112.136713,-4.6E-02));
#10566 = VECTOR('',#10567,1.);
#10567 = DIRECTION('',(0.,0.,1.));
#10568 = ORIENTED_EDGE('',*,*,#5808,.F.);
#10569 = ORIENTED_EDGE('',*,*,#10563,.F.);
#10570 = CYLINDRICAL_SURFACE('',#10571,1.5);
#10571 = AXIS2_PLACEMENT_3D('',#10572,#10573,#10574);
#10572 = CARTESIAN_POINT('',(163.780852,-110.636713,-4.6E-02));
#10573 = DIRECTION('',(-0.,-0.,-1.));
#10574 = DIRECTION('',(-0.,-1.,0.));
#10575 = ADVANCED_FACE('',(#10576),#10587,.F.);
#10576 = FACE_BOUND('',#10577,.T.);
#10577 = EDGE_LOOP('',(#10578,#10579,#10585,#10586));
#10578 = ORIENTED_EDGE('',*,*,#2494,.T.);
#10579 = ORIENTED_EDGE('',*,*,#10580,.T.);
#10580 = EDGE_CURVE('',#2495,#5820,#10581,.T.);
#10581 = LINE('',#10582,#10583);
#10582 = CARTESIAN_POINT('',(158.780852,-109.936713,-4.6E-02));
#10583 = VECTOR('',#10584,1.);
#10584 = DIRECTION('',(0.,0.,1.));
#10585 = ORIENTED_EDGE('',*,*,#5819,.F.);
#10586 = ORIENTED_EDGE('',*,*,#10580,.F.);
#10587 = CYLINDRICAL_SURFACE('',#10588,1.5);
#10588 = AXIS2_PLACEMENT_3D('',#10589,#10590,#10591);
#10589 = CARTESIAN_POINT('',(158.780852,-108.436713,-4.6E-02));
#10590 = DIRECTION('',(-0.,-0.,-1.));
#10591 = DIRECTION('',(-0.,-1.,0.));
#10592 = ADVANCED_FACE('',(#10593),#10604,.F.);
#10593 = FACE_BOUND('',#10594,.T.);
#10594 = EDGE_LOOP('',(#10595,#10596,#10602,#10603));
#10595 = ORIENTED_EDGE('',*,*,#2505,.T.);
#10596 = ORIENTED_EDGE('',*,*,#10597,.T.);
#10597 = EDGE_CURVE('',#2506,#5831,#10598,.T.);
#10598 = LINE('',#10599,#10600);
#10599 = CARTESIAN_POINT('',(172.560852,-114.082013,-4.6E-02));
#10600 = VECTOR('',#10601,1.);
#10601 = DIRECTION('',(0.,0.,1.));
#10602 = ORIENTED_EDGE('',*,*,#5830,.F.);
#10603 = ORIENTED_EDGE('',*,*,#10597,.F.);
#10604 = CYLINDRICAL_SURFACE('',#10605,0.4953);
#10605 = AXIS2_PLACEMENT_3D('',#10606,#10607,#10608);
#10606 = CARTESIAN_POINT('',(172.560852,-113.586713,-4.6E-02));
#10607 = DIRECTION('',(-0.,-0.,-1.));
#10608 = DIRECTION('',(-0.,-1.,0.));
#10609 = ADVANCED_FACE('',(#10610),#10621,.F.);
#10610 = FACE_BOUND('',#10611,.T.);
#10611 = EDGE_LOOP('',(#10612,#10613,#10619,#10620));
#10612 = ORIENTED_EDGE('',*,*,#2516,.T.);
#10613 = ORIENTED_EDGE('',*,*,#10614,.T.);
#10614 = EDGE_CURVE('',#2517,#5842,#10615,.T.);
#10615 = LINE('',#10616,#10617);
#10616 = CARTESIAN_POINT('',(172.280852,-110.237613,-4.6E-02));
#10617 = VECTOR('',#10618,1.);
#10618 = DIRECTION('',(0.,0.,1.));
#10619 = ORIENTED_EDGE('',*,*,#5841,.F.);
#10620 = ORIENTED_EDGE('',*,*,#10614,.F.);
#10621 = CYLINDRICAL_SURFACE('',#10622,0.8509);
#10622 = AXIS2_PLACEMENT_3D('',#10623,#10624,#10625);
#10623 = CARTESIAN_POINT('',(172.280852,-109.386713,-4.6E-02));
#10624 = DIRECTION('',(-0.,0.,-1.));
#10625 = DIRECTION('',(3.340193845388E-14,-1.,-0.));
#10626 = ADVANCED_FACE('',(#10627),#10638,.F.);
#10627 = FACE_BOUND('',#10628,.T.);
#10628 = EDGE_LOOP('',(#10629,#10630,#10636,#10637));
#10629 = ORIENTED_EDGE('',*,*,#2527,.T.);
#10630 = ORIENTED_EDGE('',*,*,#10631,.T.);
#10631 = EDGE_CURVE('',#2528,#5853,#10632,.T.);
#10632 = LINE('',#10633,#10634);
#10633 = CARTESIAN_POINT('',(177.780852,-111.101213,-4.6E-02));
#10634 = VECTOR('',#10635,1.);
#10635 = DIRECTION('',(0.,0.,1.));
#10636 = ORIENTED_EDGE('',*,*,#5852,.F.);
#10637 = ORIENTED_EDGE('',*,*,#10631,.F.);
#10638 = CYLINDRICAL_SURFACE('',#10639,1.7145);
#10639 = AXIS2_PLACEMENT_3D('',#10640,#10641,#10642);
#10640 = CARTESIAN_POINT('',(177.780852,-109.386713,-4.6E-02));
#10641 = DIRECTION('',(-0.,0.,-1.));
#10642 = DIRECTION('',(1.657725834378E-14,-1.,-0.));
#10643 = ADVANCED_FACE('',(#10644),#10655,.F.);
#10644 = FACE_BOUND('',#10645,.T.);
#10645 = EDGE_LOOP('',(#10646,#10647,#10653,#10654));
#10646 = ORIENTED_EDGE('',*,*,#2538,.T.);
#10647 = ORIENTED_EDGE('',*,*,#10648,.T.);
#10648 = EDGE_CURVE('',#2539,#5864,#10649,.T.);
#10649 = LINE('',#10650,#10651);
#10650 = CARTESIAN_POINT('',(172.780852,-107.136713,-4.6E-02));
#10651 = VECTOR('',#10652,1.);
#10652 = DIRECTION('',(0.,0.,1.));
#10653 = ORIENTED_EDGE('',*,*,#5863,.F.);
#10654 = ORIENTED_EDGE('',*,*,#10648,.F.);
#10655 = CYLINDRICAL_SURFACE('',#10656,1.5);
#10656 = AXIS2_PLACEMENT_3D('',#10657,#10658,#10659);
#10657 = CARTESIAN_POINT('',(172.780852,-105.636713,-4.6E-02));
#10658 = DIRECTION('',(-0.,-0.,-1.));
#10659 = DIRECTION('',(-0.,-1.,0.));
#10660 = ADVANCED_FACE('',(#10661),#10672,.F.);
#10661 = FACE_BOUND('',#10662,.T.);
#10662 = EDGE_LOOP('',(#10663,#10664,#10670,#10671));
#10663 = ORIENTED_EDGE('',*,*,#2549,.T.);
#10664 = ORIENTED_EDGE('',*,*,#10665,.T.);
#10665 = EDGE_CURVE('',#2550,#5875,#10666,.T.);
#10666 = LINE('',#10667,#10668);
#10667 = CARTESIAN_POINT('',(182.780852,-107.136713,-4.6E-02));
#10668 = VECTOR('',#10669,1.);
#10669 = DIRECTION('',(0.,0.,1.));
#10670 = ORIENTED_EDGE('',*,*,#5874,.F.);
#10671 = ORIENTED_EDGE('',*,*,#10665,.F.);
#10672 = CYLINDRICAL_SURFACE('',#10673,1.5);
#10673 = AXIS2_PLACEMENT_3D('',#10674,#10675,#10676);
#10674 = CARTESIAN_POINT('',(182.780852,-105.636713,-4.6E-02));
#10675 = DIRECTION('',(-0.,-0.,-1.));
#10676 = DIRECTION('',(-0.,-1.,0.));
#10677 = ADVANCED_FACE('',(#10678),#10689,.F.);
#10678 = FACE_BOUND('',#10679,.T.);
#10679 = EDGE_LOOP('',(#10680,#10681,#10687,#10688));
#10680 = ORIENTED_EDGE('',*,*,#2560,.T.);
#10681 = ORIENTED_EDGE('',*,*,#10682,.T.);
#10682 = EDGE_CURVE('',#2561,#5886,#10683,.T.);
#10683 = LINE('',#10684,#10685);
#10684 = CARTESIAN_POINT('',(177.780852,-104.936713,-4.6E-02));
#10685 = VECTOR('',#10686,1.);
#10686 = DIRECTION('',(0.,0.,1.));
#10687 = ORIENTED_EDGE('',*,*,#5885,.F.);
#10688 = ORIENTED_EDGE('',*,*,#10682,.F.);
#10689 = CYLINDRICAL_SURFACE('',#10690,1.5);
#10690 = AXIS2_PLACEMENT_3D('',#10691,#10692,#10693);
#10691 = CARTESIAN_POINT('',(177.780852,-103.436713,-4.6E-02));
#10692 = DIRECTION('',(-0.,-0.,-1.));
#10693 = DIRECTION('',(-0.,-1.,0.));
#10694 = ADVANCED_FACE('',(#10695),#10706,.F.);
#10695 = FACE_BOUND('',#10696,.T.);
#10696 = EDGE_LOOP('',(#10697,#10698,#10704,#10705));
#10697 = ORIENTED_EDGE('',*,*,#2571,.T.);
#10698 = ORIENTED_EDGE('',*,*,#10699,.T.);
#10699 = EDGE_CURVE('',#2572,#5897,#10700,.T.);
#10700 = LINE('',#10701,#10702);
#10701 = CARTESIAN_POINT('',(191.280852,-155.237613,-4.6E-02));
#10702 = VECTOR('',#10703,1.);
#10703 = DIRECTION('',(0.,0.,1.));
#10704 = ORIENTED_EDGE('',*,*,#5896,.F.);
#10705 = ORIENTED_EDGE('',*,*,#10699,.F.);
#10706 = CYLINDRICAL_SURFACE('',#10707,0.8509);
#10707 = AXIS2_PLACEMENT_3D('',#10708,#10709,#10710);
#10708 = CARTESIAN_POINT('',(191.280852,-154.386713,-4.6E-02));
#10709 = DIRECTION('',(-0.,0.,-1.));
#10710 = DIRECTION('',(3.340193845388E-14,-1.,-0.));
#10711 = ADVANCED_FACE('',(#10712),#10723,.F.);
#10712 = FACE_BOUND('',#10713,.T.);
#10713 = EDGE_LOOP('',(#10714,#10715,#10721,#10722));
#10714 = ORIENTED_EDGE('',*,*,#2582,.T.);
#10715 = ORIENTED_EDGE('',*,*,#10716,.T.);
#10716 = EDGE_CURVE('',#2583,#5908,#10717,.T.);
#10717 = LINE('',#10718,#10719);
#10718 = CARTESIAN_POINT('',(191.560852,-159.082013,-4.6E-02));
#10719 = VECTOR('',#10720,1.);
#10720 = DIRECTION('',(0.,0.,1.));
#10721 = ORIENTED_EDGE('',*,*,#5907,.F.);
#10722 = ORIENTED_EDGE('',*,*,#10716,.F.);
#10723 = CYLINDRICAL_SURFACE('',#10724,0.4953);
#10724 = AXIS2_PLACEMENT_3D('',#10725,#10726,#10727);
#10725 = CARTESIAN_POINT('',(191.560852,-158.586713,-4.6E-02));
#10726 = DIRECTION('',(-0.,-0.,-1.));
#10727 = DIRECTION('',(-0.,-1.,0.));
#10728 = ADVANCED_FACE('',(#10729),#10740,.F.);
#10729 = FACE_BOUND('',#10730,.T.);
#10730 = EDGE_LOOP('',(#10731,#10732,#10738,#10739));
#10731 = ORIENTED_EDGE('',*,*,#2593,.T.);
#10732 = ORIENTED_EDGE('',*,*,#10733,.T.);
#10733 = EDGE_CURVE('',#2594,#5919,#10734,.T.);
#10734 = LINE('',#10735,#10736);
#10735 = CARTESIAN_POINT('',(196.780852,-156.101213,-4.6E-02));
#10736 = VECTOR('',#10737,1.);
#10737 = DIRECTION('',(0.,0.,1.));
#10738 = ORIENTED_EDGE('',*,*,#5918,.F.);
#10739 = ORIENTED_EDGE('',*,*,#10733,.F.);
#10740 = CYLINDRICAL_SURFACE('',#10741,1.7145);
#10741 = AXIS2_PLACEMENT_3D('',#10742,#10743,#10744);
#10742 = CARTESIAN_POINT('',(196.780852,-154.386713,-4.6E-02));
#10743 = DIRECTION('',(-0.,0.,-1.));
#10744 = DIRECTION('',(1.657725834378E-14,-1.,-0.));
#10745 = ADVANCED_FACE('',(#10746),#10757,.F.);
#10746 = FACE_BOUND('',#10747,.T.);
#10747 = EDGE_LOOP('',(#10748,#10749,#10755,#10756));
#10748 = ORIENTED_EDGE('',*,*,#2604,.T.);
#10749 = ORIENTED_EDGE('',*,*,#10750,.T.);
#10750 = EDGE_CURVE('',#2605,#5930,#10751,.T.);
#10751 = LINE('',#10752,#10753);
#10752 = CARTESIAN_POINT('',(183.000852,-152.082013,-4.6E-02));
#10753 = VECTOR('',#10754,1.);
#10754 = DIRECTION('',(0.,0.,1.));
#10755 = ORIENTED_EDGE('',*,*,#5929,.F.);
#10756 = ORIENTED_EDGE('',*,*,#10750,.F.);
#10757 = CYLINDRICAL_SURFACE('',#10758,0.4953);
#10758 = AXIS2_PLACEMENT_3D('',#10759,#10760,#10761);
#10759 = CARTESIAN_POINT('',(183.000852,-151.586713,-4.6E-02));
#10760 = DIRECTION('',(-0.,-0.,-1.));
#10761 = DIRECTION('',(-0.,-1.,0.));
#10762 = ADVANCED_FACE('',(#10763),#10774,.F.);
#10763 = FACE_BOUND('',#10764,.T.);
#10764 = EDGE_LOOP('',(#10765,#10766,#10772,#10773));
#10765 = ORIENTED_EDGE('',*,*,#2615,.T.);
#10766 = ORIENTED_EDGE('',*,*,#10767,.T.);
#10767 = EDGE_CURVE('',#2616,#5941,#10768,.T.);
#10768 = LINE('',#10769,#10770);
#10769 = CARTESIAN_POINT('',(183.280852,-148.237613,-4.6E-02));
#10770 = VECTOR('',#10771,1.);
#10771 = DIRECTION('',(0.,0.,1.));
#10772 = ORIENTED_EDGE('',*,*,#5940,.F.);
#10773 = ORIENTED_EDGE('',*,*,#10767,.F.);
#10774 = CYLINDRICAL_SURFACE('',#10775,0.8509);
#10775 = AXIS2_PLACEMENT_3D('',#10776,#10777,#10778);
#10776 = CARTESIAN_POINT('',(183.280852,-147.386713,-4.6E-02));
#10777 = DIRECTION('',(-0.,0.,-1.));
#10778 = DIRECTION('',(3.340193845388E-14,-1.,-0.));
#10779 = ADVANCED_FACE('',(#10780),#10791,.F.);
#10780 = FACE_BOUND('',#10781,.T.);
#10781 = EDGE_LOOP('',(#10782,#10783,#10789,#10790));
#10782 = ORIENTED_EDGE('',*,*,#2626,.T.);
#10783 = ORIENTED_EDGE('',*,*,#10784,.T.);
#10784 = EDGE_CURVE('',#2627,#5952,#10785,.T.);
#10785 = LINE('',#10786,#10787);
#10786 = CARTESIAN_POINT('',(191.780852,-152.136713,-4.6E-02));
#10787 = VECTOR('',#10788,1.);
#10788 = DIRECTION('',(0.,0.,1.));
#10789 = ORIENTED_EDGE('',*,*,#5951,.F.);
#10790 = ORIENTED_EDGE('',*,*,#10784,.F.);
#10791 = CYLINDRICAL_SURFACE('',#10792,1.5);
#10792 = AXIS2_PLACEMENT_3D('',#10793,#10794,#10795);
#10793 = CARTESIAN_POINT('',(191.780852,-150.636713,-4.6E-02));
#10794 = DIRECTION('',(-0.,-0.,-1.));
#10795 = DIRECTION('',(-0.,-1.,0.));
#10796 = ADVANCED_FACE('',(#10797),#10808,.F.);
#10797 = FACE_BOUND('',#10798,.T.);
#10798 = EDGE_LOOP('',(#10799,#10800,#10806,#10807));
#10799 = ORIENTED_EDGE('',*,*,#2637,.T.);
#10800 = ORIENTED_EDGE('',*,*,#10801,.T.);
#10801 = EDGE_CURVE('',#2638,#5963,#10802,.T.);
#10802 = LINE('',#10803,#10804);
#10803 = CARTESIAN_POINT('',(196.780852,-149.936713,-4.6E-02));
#10804 = VECTOR('',#10805,1.);
#10805 = DIRECTION('',(0.,0.,1.));
#10806 = ORIENTED_EDGE('',*,*,#5962,.F.);
#10807 = ORIENTED_EDGE('',*,*,#10801,.F.);
#10808 = CYLINDRICAL_SURFACE('',#10809,1.5);
#10809 = AXIS2_PLACEMENT_3D('',#10810,#10811,#10812);
#10810 = CARTESIAN_POINT('',(196.780852,-148.436713,-4.6E-02));
#10811 = DIRECTION('',(-0.,-0.,-1.));
#10812 = DIRECTION('',(-0.,-1.,0.));
#10813 = ADVANCED_FACE('',(#10814),#10825,.F.);
#10814 = FACE_BOUND('',#10815,.T.);
#10815 = EDGE_LOOP('',(#10816,#10817,#10823,#10824));
#10816 = ORIENTED_EDGE('',*,*,#2648,.T.);
#10817 = ORIENTED_EDGE('',*,*,#10818,.T.);
#10818 = EDGE_CURVE('',#2649,#5974,#10819,.T.);
#10819 = LINE('',#10820,#10821);
#10820 = CARTESIAN_POINT('',(202.000852,-159.082013,-4.6E-02));
#10821 = VECTOR('',#10822,1.);
#10822 = DIRECTION('',(0.,0.,1.));
#10823 = ORIENTED_EDGE('',*,*,#5973,.F.);
#10824 = ORIENTED_EDGE('',*,*,#10818,.F.);
#10825 = CYLINDRICAL_SURFACE('',#10826,0.4953);
#10826 = AXIS2_PLACEMENT_3D('',#10827,#10828,#10829);
#10827 = CARTESIAN_POINT('',(202.000852,-158.586713,-4.6E-02));
#10828 = DIRECTION('',(-0.,-0.,-1.));
#10829 = DIRECTION('',(-0.,-1.,0.));
#10830 = ADVANCED_FACE('',(#10831),#10842,.F.);
#10831 = FACE_BOUND('',#10832,.T.);
#10832 = EDGE_LOOP('',(#10833,#10834,#10840,#10841));
#10833 = ORIENTED_EDGE('',*,*,#2659,.T.);
#10834 = ORIENTED_EDGE('',*,*,#10835,.T.);
#10835 = EDGE_CURVE('',#2660,#5985,#10836,.T.);
#10836 = LINE('',#10837,#10838);
#10837 = CARTESIAN_POINT('',(202.280852,-155.237613,-4.6E-02));
#10838 = VECTOR('',#10839,1.);
#10839 = DIRECTION('',(0.,0.,1.));
#10840 = ORIENTED_EDGE('',*,*,#5984,.F.);
#10841 = ORIENTED_EDGE('',*,*,#10835,.F.);
#10842 = CYLINDRICAL_SURFACE('',#10843,0.8509);
#10843 = AXIS2_PLACEMENT_3D('',#10844,#10845,#10846);
#10844 = CARTESIAN_POINT('',(202.280852,-154.386713,-4.6E-02));
#10845 = DIRECTION('',(-0.,0.,-1.));
#10846 = DIRECTION('',(3.340193845388E-14,-1.,-0.));
#10847 = ADVANCED_FACE('',(#10848),#10859,.F.);
#10848 = FACE_BOUND('',#10849,.T.);
#10849 = EDGE_LOOP('',(#10850,#10851,#10857,#10858));
#10850 = ORIENTED_EDGE('',*,*,#2670,.T.);
#10851 = ORIENTED_EDGE('',*,*,#10852,.T.);
#10852 = EDGE_CURVE('',#2671,#5996,#10853,.T.);
#10853 = LINE('',#10854,#10855);
#10854 = CARTESIAN_POINT('',(210.560852,-159.082013,-4.6E-02));
#10855 = VECTOR('',#10856,1.);
#10856 = DIRECTION('',(0.,0.,1.));
#10857 = ORIENTED_EDGE('',*,*,#5995,.F.);
#10858 = ORIENTED_EDGE('',*,*,#10852,.F.);
#10859 = CYLINDRICAL_SURFACE('',#10860,0.4953);
#10860 = AXIS2_PLACEMENT_3D('',#10861,#10862,#10863);
#10861 = CARTESIAN_POINT('',(210.560852,-158.586713,-4.6E-02));
#10862 = DIRECTION('',(-0.,-0.,-1.));
#10863 = DIRECTION('',(-0.,-1.,0.));
#10864 = ADVANCED_FACE('',(#10865),#10876,.F.);
#10865 = FACE_BOUND('',#10866,.T.);
#10866 = EDGE_LOOP('',(#10867,#10868,#10874,#10875));
#10867 = ORIENTED_EDGE('',*,*,#2681,.T.);
#10868 = ORIENTED_EDGE('',*,*,#10869,.T.);
#10869 = EDGE_CURVE('',#2682,#6007,#10870,.T.);
#10870 = LINE('',#10871,#10872);
#10871 = CARTESIAN_POINT('',(210.280852,-155.237613,-4.6E-02));
#10872 = VECTOR('',#10873,1.);
#10873 = DIRECTION('',(0.,0.,1.));
#10874 = ORIENTED_EDGE('',*,*,#6006,.F.);
#10875 = ORIENTED_EDGE('',*,*,#10869,.F.);
#10876 = CYLINDRICAL_SURFACE('',#10877,0.8509);
#10877 = AXIS2_PLACEMENT_3D('',#10878,#10879,#10880);
#10878 = CARTESIAN_POINT('',(210.280852,-154.386713,-4.6E-02));
#10879 = DIRECTION('',(-0.,0.,-1.));
#10880 = DIRECTION('',(3.340193845388E-14,-1.,-0.));
#10881 = ADVANCED_FACE('',(#10882),#10893,.F.);
#10882 = FACE_BOUND('',#10883,.T.);
#10883 = EDGE_LOOP('',(#10884,#10885,#10891,#10892));
#10884 = ORIENTED_EDGE('',*,*,#2692,.T.);
#10885 = ORIENTED_EDGE('',*,*,#10886,.T.);
#10886 = EDGE_CURVE('',#2693,#6018,#10887,.T.);
#10887 = LINE('',#10888,#10889);
#10888 = CARTESIAN_POINT('',(215.780852,-156.101213,-4.6E-02));
#10889 = VECTOR('',#10890,1.);
#10890 = DIRECTION('',(0.,0.,1.));
#10891 = ORIENTED_EDGE('',*,*,#6017,.F.);
#10892 = ORIENTED_EDGE('',*,*,#10886,.F.);
#10893 = CYLINDRICAL_SURFACE('',#10894,1.7145);
#10894 = AXIS2_PLACEMENT_3D('',#10895,#10896,#10897);
#10895 = CARTESIAN_POINT('',(215.780852,-154.386713,-4.6E-02));
#10896 = DIRECTION('',(-0.,0.,-1.));
#10897 = DIRECTION('',(1.657725834378E-14,-1.,-0.));
#10898 = ADVANCED_FACE('',(#10899),#10910,.F.);
#10899 = FACE_BOUND('',#10900,.T.);
#10900 = EDGE_LOOP('',(#10901,#10902,#10908,#10909));
#10901 = ORIENTED_EDGE('',*,*,#2703,.T.);
#10902 = ORIENTED_EDGE('',*,*,#10903,.T.);
#10903 = EDGE_CURVE('',#2704,#6029,#10904,.T.);
#10904 = LINE('',#10905,#10906);
#10905 = CARTESIAN_POINT('',(201.780852,-152.136713,-4.6E-02));
#10906 = VECTOR('',#10907,1.);
#10907 = DIRECTION('',(0.,0.,1.));
#10908 = ORIENTED_EDGE('',*,*,#6028,.F.);
#10909 = ORIENTED_EDGE('',*,*,#10903,.F.);
#10910 = CYLINDRICAL_SURFACE('',#10911,1.5);
#10911 = AXIS2_PLACEMENT_3D('',#10912,#10913,#10914);
#10912 = CARTESIAN_POINT('',(201.780852,-150.636713,-4.6E-02));
#10913 = DIRECTION('',(-0.,-0.,-1.));
#10914 = DIRECTION('',(-0.,-1.,0.));
#10915 = ADVANCED_FACE('',(#10916),#10927,.F.);
#10916 = FACE_BOUND('',#10917,.T.);
#10917 = EDGE_LOOP('',(#10918,#10919,#10925,#10926));
#10918 = ORIENTED_EDGE('',*,*,#2714,.T.);
#10919 = ORIENTED_EDGE('',*,*,#10920,.T.);
#10920 = EDGE_CURVE('',#2715,#6040,#10921,.T.);
#10921 = LINE('',#10922,#10923);
#10922 = CARTESIAN_POINT('',(210.780852,-152.136713,-4.6E-02));
#10923 = VECTOR('',#10924,1.);
#10924 = DIRECTION('',(0.,0.,1.));
#10925 = ORIENTED_EDGE('',*,*,#6039,.F.);
#10926 = ORIENTED_EDGE('',*,*,#10920,.F.);
#10927 = CYLINDRICAL_SURFACE('',#10928,1.5);
#10928 = AXIS2_PLACEMENT_3D('',#10929,#10930,#10931);
#10929 = CARTESIAN_POINT('',(210.780852,-150.636713,-4.6E-02));
#10930 = DIRECTION('',(-0.,-0.,-1.));
#10931 = DIRECTION('',(-0.,-1.,0.));
#10932 = ADVANCED_FACE('',(#10933),#10944,.F.);
#10933 = FACE_BOUND('',#10934,.T.);
#10934 = EDGE_LOOP('',(#10935,#10936,#10942,#10943));
#10935 = ORIENTED_EDGE('',*,*,#2725,.T.);
#10936 = ORIENTED_EDGE('',*,*,#10937,.T.);
#10937 = EDGE_CURVE('',#2726,#6051,#10938,.T.);
#10938 = LINE('',#10939,#10940);
#10939 = CARTESIAN_POINT('',(215.780852,-149.936713,-4.6E-02));
#10940 = VECTOR('',#10941,1.);
#10941 = DIRECTION('',(0.,0.,1.));
#10942 = ORIENTED_EDGE('',*,*,#6050,.F.);
#10943 = ORIENTED_EDGE('',*,*,#10937,.F.);
#10944 = CYLINDRICAL_SURFACE('',#10945,1.5);
#10945 = AXIS2_PLACEMENT_3D('',#10946,#10947,#10948);
#10946 = CARTESIAN_POINT('',(215.780852,-148.436713,-4.6E-02));
#10947 = DIRECTION('',(-0.,-0.,-1.));
#10948 = DIRECTION('',(-0.,-1.,0.));
#10949 = ADVANCED_FACE('',(#10950),#10961,.F.);
#10950 = FACE_BOUND('',#10951,.T.);
#10951 = EDGE_LOOP('',(#10952,#10953,#10959,#10960));
#10952 = ORIENTED_EDGE('',*,*,#2736,.T.);
#10953 = ORIENTED_EDGE('',*,*,#10954,.T.);
#10954 = EDGE_CURVE('',#2737,#6062,#10955,.T.);
#10955 = LINE('',#10956,#10957);
#10956 = CARTESIAN_POINT('',(191.560852,-140.082013,-4.6E-02));
#10957 = VECTOR('',#10958,1.);
#10958 = DIRECTION('',(0.,0.,1.));
#10959 = ORIENTED_EDGE('',*,*,#6061,.F.);
#10960 = ORIENTED_EDGE('',*,*,#10954,.F.);
#10961 = CYLINDRICAL_SURFACE('',#10962,0.4953);
#10962 = AXIS2_PLACEMENT_3D('',#10963,#10964,#10965);
#10963 = CARTESIAN_POINT('',(191.560852,-139.586713,-4.6E-02));
#10964 = DIRECTION('',(-0.,-0.,-1.));
#10965 = DIRECTION('',(-0.,-1.,0.));
#10966 = ADVANCED_FACE('',(#10967),#10978,.F.);
#10967 = FACE_BOUND('',#10968,.T.);
#10968 = EDGE_LOOP('',(#10969,#10970,#10976,#10977));
#10969 = ORIENTED_EDGE('',*,*,#2747,.T.);
#10970 = ORIENTED_EDGE('',*,*,#10971,.T.);
#10971 = EDGE_CURVE('',#2748,#6073,#10972,.T.);
#10972 = LINE('',#10973,#10974);
#10973 = CARTESIAN_POINT('',(191.280852,-136.237613,-4.6E-02));
#10974 = VECTOR('',#10975,1.);
#10975 = DIRECTION('',(0.,0.,1.));
#10976 = ORIENTED_EDGE('',*,*,#6072,.F.);
#10977 = ORIENTED_EDGE('',*,*,#10971,.F.);
#10978 = CYLINDRICAL_SURFACE('',#10979,0.8509);
#10979 = AXIS2_PLACEMENT_3D('',#10980,#10981,#10982);
#10980 = CARTESIAN_POINT('',(191.280852,-135.386713,-4.6E-02));
#10981 = DIRECTION('',(-0.,0.,-1.));
#10982 = DIRECTION('',(3.340193845388E-14,-1.,-0.));
#10983 = ADVANCED_FACE('',(#10984),#10995,.F.);
#10984 = FACE_BOUND('',#10985,.T.);
#10985 = EDGE_LOOP('',(#10986,#10987,#10993,#10994));
#10986 = ORIENTED_EDGE('',*,*,#2758,.T.);
#10987 = ORIENTED_EDGE('',*,*,#10988,.T.);
#10988 = EDGE_CURVE('',#2759,#6084,#10989,.T.);
#10989 = LINE('',#10990,#10991);
#10990 = CARTESIAN_POINT('',(183.000852,-133.082013,-4.6E-02));
#10991 = VECTOR('',#10992,1.);
#10992 = DIRECTION('',(0.,0.,1.));
#10993 = ORIENTED_EDGE('',*,*,#6083,.F.);
#10994 = ORIENTED_EDGE('',*,*,#10988,.F.);
#10995 = CYLINDRICAL_SURFACE('',#10996,0.4953);
#10996 = AXIS2_PLACEMENT_3D('',#10997,#10998,#10999);
#10997 = CARTESIAN_POINT('',(183.000852,-132.586713,-4.6E-02));
#10998 = DIRECTION('',(-0.,-0.,-1.));
#10999 = DIRECTION('',(-0.,-1.,0.));
#11000 = ADVANCED_FACE('',(#11001),#11012,.F.);
#11001 = FACE_BOUND('',#11002,.T.);
#11002 = EDGE_LOOP('',(#11003,#11004,#11010,#11011));
#11003 = ORIENTED_EDGE('',*,*,#2769,.T.);
#11004 = ORIENTED_EDGE('',*,*,#11005,.T.);
#11005 = EDGE_CURVE('',#2770,#6095,#11006,.T.);
#11006 = LINE('',#11007,#11008);
#11007 = CARTESIAN_POINT('',(196.780852,-137.101213,-4.6E-02));
#11008 = VECTOR('',#11009,1.);
#11009 = DIRECTION('',(0.,0.,1.));
#11010 = ORIENTED_EDGE('',*,*,#6094,.F.);
#11011 = ORIENTED_EDGE('',*,*,#11005,.F.);
#11012 = CYLINDRICAL_SURFACE('',#11013,1.7145);
#11013 = AXIS2_PLACEMENT_3D('',#11014,#11015,#11016);
#11014 = CARTESIAN_POINT('',(196.780852,-135.386713,-4.6E-02));
#11015 = DIRECTION('',(-0.,0.,-1.));
#11016 = DIRECTION('',(1.657725834378E-14,-1.,-0.));
#11017 = ADVANCED_FACE('',(#11018),#11029,.F.);
#11018 = FACE_BOUND('',#11019,.T.);
#11019 = EDGE_LOOP('',(#11020,#11021,#11027,#11028));
#11020 = ORIENTED_EDGE('',*,*,#2780,.T.);
#11021 = ORIENTED_EDGE('',*,*,#11022,.T.);
#11022 = EDGE_CURVE('',#2781,#6106,#11023,.T.);
#11023 = LINE('',#11024,#11025);
#11024 = CARTESIAN_POINT('',(191.780852,-133.136713,-4.6E-02));
#11025 = VECTOR('',#11026,1.);
#11026 = DIRECTION('',(0.,0.,1.));
#11027 = ORIENTED_EDGE('',*,*,#6105,.F.);
#11028 = ORIENTED_EDGE('',*,*,#11022,.F.);
#11029 = CYLINDRICAL_SURFACE('',#11030,1.5);
#11030 = AXIS2_PLACEMENT_3D('',#11031,#11032,#11033);
#11031 = CARTESIAN_POINT('',(191.780852,-131.636713,-4.6E-02));
#11032 = DIRECTION('',(-0.,-0.,-1.));
#11033 = DIRECTION('',(-0.,-1.,0.));
#11034 = ADVANCED_FACE('',(#11035),#11046,.F.);
#11035 = FACE_BOUND('',#11036,.T.);
#11036 = EDGE_LOOP('',(#11037,#11038,#11044,#11045));
#11037 = ORIENTED_EDGE('',*,*,#2791,.T.);
#11038 = ORIENTED_EDGE('',*,*,#11039,.T.);
#11039 = EDGE_CURVE('',#2792,#6117,#11040,.T.);
#11040 = LINE('',#11041,#11042);
#11041 = CARTESIAN_POINT('',(202.000852,-140.082013,-4.6E-02));
#11042 = VECTOR('',#11043,1.);
#11043 = DIRECTION('',(0.,0.,1.));
#11044 = ORIENTED_EDGE('',*,*,#6116,.F.);
#11045 = ORIENTED_EDGE('',*,*,#11039,.F.);
#11046 = CYLINDRICAL_SURFACE('',#11047,0.4953);
#11047 = AXIS2_PLACEMENT_3D('',#11048,#11049,#11050);
#11048 = CARTESIAN_POINT('',(202.000852,-139.586713,-4.6E-02));
#11049 = DIRECTION('',(-0.,-0.,-1.));
#11050 = DIRECTION('',(-0.,-1.,0.));
#11051 = ADVANCED_FACE('',(#11052),#11063,.F.);
#11052 = FACE_BOUND('',#11053,.T.);
#11053 = EDGE_LOOP('',(#11054,#11055,#11061,#11062));
#11054 = ORIENTED_EDGE('',*,*,#2802,.T.);
#11055 = ORIENTED_EDGE('',*,*,#11056,.T.);
#11056 = EDGE_CURVE('',#2803,#6128,#11057,.T.);
#11057 = LINE('',#11058,#11059);
#11058 = CARTESIAN_POINT('',(210.560852,-140.082013,-4.6E-02));
#11059 = VECTOR('',#11060,1.);
#11060 = DIRECTION('',(0.,0.,1.));
#11061 = ORIENTED_EDGE('',*,*,#6127,.F.);
#11062 = ORIENTED_EDGE('',*,*,#11056,.F.);
#11063 = CYLINDRICAL_SURFACE('',#11064,0.4953);
#11064 = AXIS2_PLACEMENT_3D('',#11065,#11066,#11067);
#11065 = CARTESIAN_POINT('',(210.560852,-139.586713,-4.6E-02));
#11066 = DIRECTION('',(-0.,-0.,-1.));
#11067 = DIRECTION('',(-0.,-1.,0.));
#11068 = ADVANCED_FACE('',(#11069),#11080,.F.);
#11069 = FACE_BOUND('',#11070,.T.);
#11070 = EDGE_LOOP('',(#11071,#11072,#11078,#11079));
#11071 = ORIENTED_EDGE('',*,*,#2813,.T.);
#11072 = ORIENTED_EDGE('',*,*,#11073,.T.);
#11073 = EDGE_CURVE('',#2814,#6139,#11074,.T.);
#11074 = LINE('',#11075,#11076);
#11075 = CARTESIAN_POINT('',(202.280852,-136.237613,-4.6E-02));
#11076 = VECTOR('',#11077,1.);
#11077 = DIRECTION('',(0.,0.,1.));
#11078 = ORIENTED_EDGE('',*,*,#6138,.F.);
#11079 = ORIENTED_EDGE('',*,*,#11073,.F.);
#11080 = CYLINDRICAL_SURFACE('',#11081,0.8509);
#11081 = AXIS2_PLACEMENT_3D('',#11082,#11083,#11084);
#11082 = CARTESIAN_POINT('',(202.280852,-135.386713,-4.6E-02));
#11083 = DIRECTION('',(-0.,0.,-1.));
#11084 = DIRECTION('',(3.340193845388E-14,-1.,-0.));
#11085 = ADVANCED_FACE('',(#11086),#11097,.F.);
#11086 = FACE_BOUND('',#11087,.T.);
#11087 = EDGE_LOOP('',(#11088,#11089,#11095,#11096));
#11088 = ORIENTED_EDGE('',*,*,#2824,.T.);
#11089 = ORIENTED_EDGE('',*,*,#11090,.T.);
#11090 = EDGE_CURVE('',#2825,#6150,#11091,.T.);
#11091 = LINE('',#11092,#11093);
#11092 = CARTESIAN_POINT('',(201.780852,-133.136713,-4.6E-02));
#11093 = VECTOR('',#11094,1.);
#11094 = DIRECTION('',(0.,0.,1.));
#11095 = ORIENTED_EDGE('',*,*,#6149,.F.);
#11096 = ORIENTED_EDGE('',*,*,#11090,.F.);
#11097 = CYLINDRICAL_SURFACE('',#11098,1.5);
#11098 = AXIS2_PLACEMENT_3D('',#11099,#11100,#11101);
#11099 = CARTESIAN_POINT('',(201.780852,-131.636713,-4.6E-02));
#11100 = DIRECTION('',(-0.,-0.,-1.));
#11101 = DIRECTION('',(-0.,-1.,0.));
#11102 = ADVANCED_FACE('',(#11103),#11114,.F.);
#11103 = FACE_BOUND('',#11104,.T.);
#11104 = EDGE_LOOP('',(#11105,#11106,#11112,#11113));
#11105 = ORIENTED_EDGE('',*,*,#2835,.T.);
#11106 = ORIENTED_EDGE('',*,*,#11107,.T.);
#11107 = EDGE_CURVE('',#2836,#6161,#11108,.T.);
#11108 = LINE('',#11109,#11110);
#11109 = CARTESIAN_POINT('',(210.280852,-136.237613,-4.6E-02));
#11110 = VECTOR('',#11111,1.);
#11111 = DIRECTION('',(0.,0.,1.));
#11112 = ORIENTED_EDGE('',*,*,#6160,.F.);
#11113 = ORIENTED_EDGE('',*,*,#11107,.F.);
#11114 = CYLINDRICAL_SURFACE('',#11115,0.8509);
#11115 = AXIS2_PLACEMENT_3D('',#11116,#11117,#11118);
#11116 = CARTESIAN_POINT('',(210.280852,-135.386713,-4.6E-02));
#11117 = DIRECTION('',(-0.,0.,-1.));
#11118 = DIRECTION('',(3.340193845388E-14,-1.,-0.));
#11119 = ADVANCED_FACE('',(#11120),#11131,.F.);
#11120 = FACE_BOUND('',#11121,.T.);
#11121 = EDGE_LOOP('',(#11122,#11123,#11129,#11130));
#11122 = ORIENTED_EDGE('',*,*,#2846,.T.);
#11123 = ORIENTED_EDGE('',*,*,#11124,.T.);
#11124 = EDGE_CURVE('',#2847,#6172,#11125,.T.);
#11125 = LINE('',#11126,#11127);
#11126 = CARTESIAN_POINT('',(215.780852,-137.101213,-4.6E-02));
#11127 = VECTOR('',#11128,1.);
#11128 = DIRECTION('',(0.,0.,1.));
#11129 = ORIENTED_EDGE('',*,*,#6171,.F.);
#11130 = ORIENTED_EDGE('',*,*,#11124,.F.);
#11131 = CYLINDRICAL_SURFACE('',#11132,1.7145);
#11132 = AXIS2_PLACEMENT_3D('',#11133,#11134,#11135);
#11133 = CARTESIAN_POINT('',(215.780852,-135.386713,-4.6E-02));
#11134 = DIRECTION('',(-0.,0.,-1.));
#11135 = DIRECTION('',(1.657725834378E-14,-1.,-0.));
#11136 = ADVANCED_FACE('',(#11137),#11148,.F.);
#11137 = FACE_BOUND('',#11138,.T.);
#11138 = EDGE_LOOP('',(#11139,#11140,#11146,#11147));
#11139 = ORIENTED_EDGE('',*,*,#2857,.T.);
#11140 = ORIENTED_EDGE('',*,*,#11141,.T.);
#11141 = EDGE_CURVE('',#2858,#6183,#11142,.T.);
#11142 = LINE('',#11143,#11144);
#11143 = CARTESIAN_POINT('',(210.780852,-133.136713,-4.6E-02));
#11144 = VECTOR('',#11145,1.);
#11145 = DIRECTION('',(0.,0.,1.));
#11146 = ORIENTED_EDGE('',*,*,#6182,.F.);
#11147 = ORIENTED_EDGE('',*,*,#11141,.F.);
#11148 = CYLINDRICAL_SURFACE('',#11149,1.5);
#11149 = AXIS2_PLACEMENT_3D('',#11150,#11151,#11152);
#11150 = CARTESIAN_POINT('',(210.780852,-131.636713,-4.6E-02));
#11151 = DIRECTION('',(-0.,-0.,-1.));
#11152 = DIRECTION('',(-0.,-1.,0.));
#11153 = ADVANCED_FACE('',(#11154),#11165,.F.);
#11154 = FACE_BOUND('',#11155,.T.);
#11155 = EDGE_LOOP('',(#11156,#11157,#11163,#11164));
#11156 = ORIENTED_EDGE('',*,*,#2868,.T.);
#11157 = ORIENTED_EDGE('',*,*,#11158,.T.);
#11158 = EDGE_CURVE('',#2869,#6194,#11159,.T.);
#11159 = LINE('',#11160,#11161);
#11160 = CARTESIAN_POINT('',(221.000852,-159.082013,-4.6E-02));
#11161 = VECTOR('',#11162,1.);
#11162 = DIRECTION('',(0.,0.,1.));
#11163 = ORIENTED_EDGE('',*,*,#6193,.F.);
#11164 = ORIENTED_EDGE('',*,*,#11158,.F.);
#11165 = CYLINDRICAL_SURFACE('',#11166,0.4953);
#11166 = AXIS2_PLACEMENT_3D('',#11167,#11168,#11169);
#11167 = CARTESIAN_POINT('',(221.000852,-158.586713,-4.6E-02));
#11168 = DIRECTION('',(-0.,-0.,-1.));
#11169 = DIRECTION('',(-0.,-1.,0.));
#11170 = ADVANCED_FACE('',(#11171),#11182,.F.);
#11171 = FACE_BOUND('',#11172,.T.);
#11172 = EDGE_LOOP('',(#11173,#11174,#11180,#11181));
#11173 = ORIENTED_EDGE('',*,*,#2879,.T.);
#11174 = ORIENTED_EDGE('',*,*,#11175,.T.);
#11175 = EDGE_CURVE('',#2880,#6205,#11176,.T.);
#11176 = LINE('',#11177,#11178);
#11177 = CARTESIAN_POINT('',(221.280852,-155.237613,-4.6E-02));
#11178 = VECTOR('',#11179,1.);
#11179 = DIRECTION('',(0.,0.,1.));
#11180 = ORIENTED_EDGE('',*,*,#6204,.F.);
#11181 = ORIENTED_EDGE('',*,*,#11175,.F.);
#11182 = CYLINDRICAL_SURFACE('',#11183,0.8509);
#11183 = AXIS2_PLACEMENT_3D('',#11184,#11185,#11186);
#11184 = CARTESIAN_POINT('',(221.280852,-154.386713,-4.6E-02));
#11185 = DIRECTION('',(-0.,0.,-1.));
#11186 = DIRECTION('',(3.340193845388E-14,-1.,-0.));
#11187 = ADVANCED_FACE('',(#11188),#11199,.F.);
#11188 = FACE_BOUND('',#11189,.T.);
#11189 = EDGE_LOOP('',(#11190,#11191,#11197,#11198));
#11190 = ORIENTED_EDGE('',*,*,#2890,.T.);
#11191 = ORIENTED_EDGE('',*,*,#11192,.T.);
#11192 = EDGE_CURVE('',#2891,#6216,#11193,.T.);
#11193 = LINE('',#11194,#11195);
#11194 = CARTESIAN_POINT('',(220.780852,-152.136713,-4.6E-02));
#11195 = VECTOR('',#11196,1.);
#11196 = DIRECTION('',(0.,0.,1.));
#11197 = ORIENTED_EDGE('',*,*,#6215,.F.);
#11198 = ORIENTED_EDGE('',*,*,#11192,.F.);
#11199 = CYLINDRICAL_SURFACE('',#11200,1.5);
#11200 = AXIS2_PLACEMENT_3D('',#11201,#11202,#11203);
#11201 = CARTESIAN_POINT('',(220.780852,-150.636713,-4.6E-02));
#11202 = DIRECTION('',(-0.,-0.,-1.));
#11203 = DIRECTION('',(-0.,-1.,0.));
#11204 = ADVANCED_FACE('',(#11205),#11216,.F.);
#11205 = FACE_BOUND('',#11206,.T.);
#11206 = EDGE_LOOP('',(#11207,#11208,#11214,#11215));
#11207 = ORIENTED_EDGE('',*,*,#2901,.T.);
#11208 = ORIENTED_EDGE('',*,*,#11209,.T.);
#11209 = EDGE_CURVE('',#2902,#6227,#11210,.T.);
#11210 = LINE('',#11211,#11212);
#11211 = CARTESIAN_POINT('',(235.685,-147.095,-4.6E-02));
#11212 = VECTOR('',#11213,1.);
#11213 = DIRECTION('',(0.,0.,1.));
#11214 = ORIENTED_EDGE('',*,*,#6226,.F.);
#11215 = ORIENTED_EDGE('',*,*,#11209,.F.);
#11216 = CYLINDRICAL_SURFACE('',#11217,0.5);
#11217 = AXIS2_PLACEMENT_3D('',#11218,#11219,#11220);
#11218 = CARTESIAN_POINT('',(235.685,-146.595,-4.6E-02));
#11219 = DIRECTION('',(-0.,-0.,-1.));
#11220 = DIRECTION('',(-0.,-1.,0.));
#11221 = ADVANCED_FACE('',(#11222),#11233,.F.);
#11222 = FACE_BOUND('',#11223,.T.);
#11223 = EDGE_LOOP('',(#11224,#11225,#11231,#11232));
#11224 = ORIENTED_EDGE('',*,*,#2912,.T.);
#11225 = ORIENTED_EDGE('',*,*,#11226,.T.);
#11226 = EDGE_CURVE('',#2913,#6238,#11227,.T.);
#11227 = LINE('',#11228,#11229);
#11228 = CARTESIAN_POINT('',(238.225,-147.095,-4.6E-02));
#11229 = VECTOR('',#11230,1.);
#11230 = DIRECTION('',(0.,0.,1.));
#11231 = ORIENTED_EDGE('',*,*,#6237,.F.);
#11232 = ORIENTED_EDGE('',*,*,#11226,.F.);
#11233 = CYLINDRICAL_SURFACE('',#11234,0.5);
#11234 = AXIS2_PLACEMENT_3D('',#11235,#11236,#11237);
#11235 = CARTESIAN_POINT('',(238.225,-146.595,-4.6E-02));
#11236 = DIRECTION('',(-0.,-0.,-1.));
#11237 = DIRECTION('',(-0.,-1.,0.));
#11238 = ADVANCED_FACE('',(#11239),#11250,.F.);
#11239 = FACE_BOUND('',#11240,.T.);
#11240 = EDGE_LOOP('',(#11241,#11242,#11248,#11249));
#11241 = ORIENTED_EDGE('',*,*,#2923,.T.);
#11242 = ORIENTED_EDGE('',*,*,#11243,.T.);
#11243 = EDGE_CURVE('',#2924,#6249,#11244,.T.);
#11244 = LINE('',#11245,#11246);
#11245 = CARTESIAN_POINT('',(240.765,-147.095,-4.6E-02));
#11246 = VECTOR('',#11247,1.);
#11247 = DIRECTION('',(0.,0.,1.));
#11248 = ORIENTED_EDGE('',*,*,#6248,.F.);
#11249 = ORIENTED_EDGE('',*,*,#11243,.F.);
#11250 = CYLINDRICAL_SURFACE('',#11251,0.5);
#11251 = AXIS2_PLACEMENT_3D('',#11252,#11253,#11254);
#11252 = CARTESIAN_POINT('',(240.765,-146.595,-4.6E-02));
#11253 = DIRECTION('',(-0.,-0.,-1.));
#11254 = DIRECTION('',(-0.,-1.,0.));
#11255 = ADVANCED_FACE('',(#11256),#11267,.F.);
#11256 = FACE_BOUND('',#11257,.T.);
#11257 = EDGE_LOOP('',(#11258,#11259,#11265,#11266));
#11258 = ORIENTED_EDGE('',*,*,#2934,.T.);
#11259 = ORIENTED_EDGE('',*,*,#11260,.T.);
#11260 = EDGE_CURVE('',#2935,#6260,#11261,.T.);
#11261 = LINE('',#11262,#11263);
#11262 = CARTESIAN_POINT('',(243.305,-147.095,-4.6E-02));
#11263 = VECTOR('',#11264,1.);
#11264 = DIRECTION('',(0.,0.,1.));
#11265 = ORIENTED_EDGE('',*,*,#6259,.F.);
#11266 = ORIENTED_EDGE('',*,*,#11260,.F.);
#11267 = CYLINDRICAL_SURFACE('',#11268,0.5);
#11268 = AXIS2_PLACEMENT_3D('',#11269,#11270,#11271);
#11269 = CARTESIAN_POINT('',(243.305,-146.595,-4.6E-02));
#11270 = DIRECTION('',(-0.,-0.,-1.));
#11271 = DIRECTION('',(-0.,-1.,0.));
#11272 = ADVANCED_FACE('',(#11273),#11284,.F.);
#11273 = FACE_BOUND('',#11274,.T.);
#11274 = EDGE_LOOP('',(#11275,#11276,#11282,#11283));
#11275 = ORIENTED_EDGE('',*,*,#2945,.T.);
#11276 = ORIENTED_EDGE('',*,*,#11277,.T.);
#11277 = EDGE_CURVE('',#2946,#6271,#11278,.T.);
#11278 = LINE('',#11279,#11280);
#11279 = CARTESIAN_POINT('',(221.000852,-140.082013,-4.6E-02));
#11280 = VECTOR('',#11281,1.);
#11281 = DIRECTION('',(0.,0.,1.));
#11282 = ORIENTED_EDGE('',*,*,#6270,.F.);
#11283 = ORIENTED_EDGE('',*,*,#11277,.F.);
#11284 = CYLINDRICAL_SURFACE('',#11285,0.4953);
#11285 = AXIS2_PLACEMENT_3D('',#11286,#11287,#11288);
#11286 = CARTESIAN_POINT('',(221.000852,-139.586713,-4.6E-02));
#11287 = DIRECTION('',(-0.,-0.,-1.));
#11288 = DIRECTION('',(-0.,-1.,0.));
#11289 = ADVANCED_FACE('',(#11290),#11301,.F.);
#11290 = FACE_BOUND('',#11291,.T.);
#11291 = EDGE_LOOP('',(#11292,#11293,#11299,#11300));
#11292 = ORIENTED_EDGE('',*,*,#2956,.T.);
#11293 = ORIENTED_EDGE('',*,*,#11294,.T.);
#11294 = EDGE_CURVE('',#2957,#6282,#11295,.T.);
#11295 = LINE('',#11296,#11297);
#11296 = CARTESIAN_POINT('',(221.280852,-136.237613,-4.6E-02));
#11297 = VECTOR('',#11298,1.);
#11298 = DIRECTION('',(0.,0.,1.));
#11299 = ORIENTED_EDGE('',*,*,#6281,.F.);
#11300 = ORIENTED_EDGE('',*,*,#11294,.F.);
#11301 = CYLINDRICAL_SURFACE('',#11302,0.8509);
#11302 = AXIS2_PLACEMENT_3D('',#11303,#11304,#11305);
#11303 = CARTESIAN_POINT('',(221.280852,-135.386713,-4.6E-02));
#11304 = DIRECTION('',(-0.,0.,-1.));
#11305 = DIRECTION('',(3.340193845388E-14,-1.,-0.));
#11306 = ADVANCED_FACE('',(#11307),#11318,.F.);
#11307 = FACE_BOUND('',#11308,.T.);
#11308 = EDGE_LOOP('',(#11309,#11310,#11316,#11317));
#11309 = ORIENTED_EDGE('',*,*,#2967,.T.);
#11310 = ORIENTED_EDGE('',*,*,#11311,.T.);
#11311 = EDGE_CURVE('',#2968,#6293,#11312,.T.);
#11312 = LINE('',#11313,#11314);
#11313 = CARTESIAN_POINT('',(220.780852,-133.136713,-4.6E-02));
#11314 = VECTOR('',#11315,1.);
#11315 = DIRECTION('',(0.,0.,1.));
#11316 = ORIENTED_EDGE('',*,*,#6292,.F.);
#11317 = ORIENTED_EDGE('',*,*,#11311,.F.);
#11318 = CYLINDRICAL_SURFACE('',#11319,1.5);
#11319 = AXIS2_PLACEMENT_3D('',#11320,#11321,#11322);
#11320 = CARTESIAN_POINT('',(220.780852,-131.636713,-4.6E-02));
#11321 = DIRECTION('',(-0.,-0.,-1.));
#11322 = DIRECTION('',(-0.,-1.,0.));
#11323 = ADVANCED_FACE('',(#11324),#11335,.F.);
#11324 = FACE_BOUND('',#11325,.T.);
#11325 = EDGE_LOOP('',(#11326,#11327,#11333,#11334));
#11326 = ORIENTED_EDGE('',*,*,#2978,.T.);
#11327 = ORIENTED_EDGE('',*,*,#11328,.T.);
#11328 = EDGE_CURVE('',#2979,#6304,#11329,.T.);
#11329 = LINE('',#11330,#11331);
#11330 = CARTESIAN_POINT('',(183.280852,-129.237613,-4.6E-02));
#11331 = VECTOR('',#11332,1.);
#11332 = DIRECTION('',(0.,0.,1.));
#11333 = ORIENTED_EDGE('',*,*,#6303,.F.);
#11334 = ORIENTED_EDGE('',*,*,#11328,.F.);
#11335 = CYLINDRICAL_SURFACE('',#11336,0.8509);
#11336 = AXIS2_PLACEMENT_3D('',#11337,#11338,#11339);
#11337 = CARTESIAN_POINT('',(183.280852,-128.386713,-4.6E-02));
#11338 = DIRECTION('',(-0.,0.,-1.));
#11339 = DIRECTION('',(3.340193845388E-14,-1.,-0.));
#11340 = ADVANCED_FACE('',(#11341),#11352,.F.);
#11341 = FACE_BOUND('',#11342,.T.);
#11342 = EDGE_LOOP('',(#11343,#11344,#11350,#11351));
#11343 = ORIENTED_EDGE('',*,*,#2989,.T.);
#11344 = ORIENTED_EDGE('',*,*,#11345,.T.);
#11345 = EDGE_CURVE('',#2990,#6315,#11346,.T.);
#11346 = LINE('',#11347,#11348);
#11347 = CARTESIAN_POINT('',(196.780852,-130.936713,-4.6E-02));
#11348 = VECTOR('',#11349,1.);
#11349 = DIRECTION('',(0.,0.,1.));
#11350 = ORIENTED_EDGE('',*,*,#6314,.F.);
#11351 = ORIENTED_EDGE('',*,*,#11345,.F.);
#11352 = CYLINDRICAL_SURFACE('',#11353,1.5);
#11353 = AXIS2_PLACEMENT_3D('',#11354,#11355,#11356);
#11354 = CARTESIAN_POINT('',(196.780852,-129.436713,-4.6E-02));
#11355 = DIRECTION('',(-0.,-0.,-1.));
#11356 = DIRECTION('',(-0.,-1.,0.));
#11357 = ADVANCED_FACE('',(#11358),#11369,.F.);
#11358 = FACE_BOUND('',#11359,.T.);
#11359 = EDGE_LOOP('',(#11360,#11361,#11367,#11368));
#11360 = ORIENTED_EDGE('',*,*,#3000,.T.);
#11361 = ORIENTED_EDGE('',*,*,#11362,.T.);
#11362 = EDGE_CURVE('',#3001,#6326,#11363,.T.);
#11363 = LINE('',#11364,#11365);
#11364 = CARTESIAN_POINT('',(191.280852,-117.237613,-4.6E-02));
#11365 = VECTOR('',#11366,1.);
#11366 = DIRECTION('',(0.,0.,1.));
#11367 = ORIENTED_EDGE('',*,*,#6325,.F.);
#11368 = ORIENTED_EDGE('',*,*,#11362,.F.);
#11369 = CYLINDRICAL_SURFACE('',#11370,0.8509);
#11370 = AXIS2_PLACEMENT_3D('',#11371,#11372,#11373);
#11371 = CARTESIAN_POINT('',(191.280852,-116.386713,-4.6E-02));
#11372 = DIRECTION('',(-0.,0.,-1.));
#11373 = DIRECTION('',(3.340193845388E-14,-1.,-0.));
#11374 = ADVANCED_FACE('',(#11375),#11386,.F.);
#11375 = FACE_BOUND('',#11376,.T.);
#11376 = EDGE_LOOP('',(#11377,#11378,#11384,#11385));
#11377 = ORIENTED_EDGE('',*,*,#3011,.T.);
#11378 = ORIENTED_EDGE('',*,*,#11379,.T.);
#11379 = EDGE_CURVE('',#3012,#6337,#11380,.T.);
#11380 = LINE('',#11381,#11382);
#11381 = CARTESIAN_POINT('',(191.560852,-121.082013,-4.6E-02));
#11382 = VECTOR('',#11383,1.);
#11383 = DIRECTION('',(0.,0.,1.));
#11384 = ORIENTED_EDGE('',*,*,#6336,.F.);
#11385 = ORIENTED_EDGE('',*,*,#11379,.F.);
#11386 = CYLINDRICAL_SURFACE('',#11387,0.4953);
#11387 = AXIS2_PLACEMENT_3D('',#11388,#11389,#11390);
#11388 = CARTESIAN_POINT('',(191.560852,-120.586713,-4.6E-02));
#11389 = DIRECTION('',(-0.,-0.,-1.));
#11390 = DIRECTION('',(-0.,-1.,0.));
#11391 = ADVANCED_FACE('',(#11392),#11403,.F.);
#11392 = FACE_BOUND('',#11393,.T.);
#11393 = EDGE_LOOP('',(#11394,#11395,#11401,#11402));
#11394 = ORIENTED_EDGE('',*,*,#3022,.T.);
#11395 = ORIENTED_EDGE('',*,*,#11396,.T.);
#11396 = EDGE_CURVE('',#3023,#6348,#11397,.T.);
#11397 = LINE('',#11398,#11399);
#11398 = CARTESIAN_POINT('',(196.780852,-118.101213,-4.6E-02));
#11399 = VECTOR('',#11400,1.);
#11400 = DIRECTION('',(0.,0.,1.));
#11401 = ORIENTED_EDGE('',*,*,#6347,.F.);
#11402 = ORIENTED_EDGE('',*,*,#11396,.F.);
#11403 = CYLINDRICAL_SURFACE('',#11404,1.7145);
#11404 = AXIS2_PLACEMENT_3D('',#11405,#11406,#11407);
#11405 = CARTESIAN_POINT('',(196.780852,-116.386713,-4.6E-02));
#11406 = DIRECTION('',(-0.,0.,-1.));
#11407 = DIRECTION('',(1.657725834378E-14,-1.,-0.));
#11408 = ADVANCED_FACE('',(#11409),#11420,.F.);
#11409 = FACE_BOUND('',#11410,.T.);
#11410 = EDGE_LOOP('',(#11411,#11412,#11418,#11419));
#11411 = ORIENTED_EDGE('',*,*,#3033,.T.);
#11412 = ORIENTED_EDGE('',*,*,#11413,.T.);
#11413 = EDGE_CURVE('',#3034,#6359,#11414,.T.);
#11414 = LINE('',#11415,#11416);
#11415 = CARTESIAN_POINT('',(215.780852,-130.936713,-4.6E-02));
#11416 = VECTOR('',#11417,1.);
#11417 = DIRECTION('',(0.,0.,1.));
#11418 = ORIENTED_EDGE('',*,*,#6358,.F.);
#11419 = ORIENTED_EDGE('',*,*,#11413,.F.);
#11420 = CYLINDRICAL_SURFACE('',#11421,1.5);
#11421 = AXIS2_PLACEMENT_3D('',#11422,#11423,#11424);
#11422 = CARTESIAN_POINT('',(215.780852,-129.436713,-4.6E-02));
#11423 = DIRECTION('',(-0.,-0.,-1.));
#11424 = DIRECTION('',(-0.,-1.,0.));
#11425 = ADVANCED_FACE('',(#11426),#11437,.F.);
#11426 = FACE_BOUND('',#11427,.T.);
#11427 = EDGE_LOOP('',(#11428,#11429,#11435,#11436));
#11428 = ORIENTED_EDGE('',*,*,#3044,.T.);
#11429 = ORIENTED_EDGE('',*,*,#11430,.T.);
#11430 = EDGE_CURVE('',#3045,#6370,#11431,.T.);
#11431 = LINE('',#11432,#11433);
#11432 = CARTESIAN_POINT('',(202.000852,-121.082013,-4.6E-02));
#11433 = VECTOR('',#11434,1.);
#11434 = DIRECTION('',(0.,0.,1.));
#11435 = ORIENTED_EDGE('',*,*,#6369,.F.);
#11436 = ORIENTED_EDGE('',*,*,#11430,.F.);
#11437 = CYLINDRICAL_SURFACE('',#11438,0.4953);
#11438 = AXIS2_PLACEMENT_3D('',#11439,#11440,#11441);
#11439 = CARTESIAN_POINT('',(202.000852,-120.586713,-4.6E-02));
#11440 = DIRECTION('',(-0.,-0.,-1.));
#11441 = DIRECTION('',(-0.,-1.,0.));
#11442 = ADVANCED_FACE('',(#11443),#11454,.F.);
#11443 = FACE_BOUND('',#11444,.T.);
#11444 = EDGE_LOOP('',(#11445,#11446,#11452,#11453));
#11445 = ORIENTED_EDGE('',*,*,#3055,.T.);
#11446 = ORIENTED_EDGE('',*,*,#11447,.T.);
#11447 = EDGE_CURVE('',#3056,#6381,#11448,.T.);
#11448 = LINE('',#11449,#11450);
#11449 = CARTESIAN_POINT('',(202.280852,-117.237613,-4.6E-02));
#11450 = VECTOR('',#11451,1.);
#11451 = DIRECTION('',(0.,0.,1.));
#11452 = ORIENTED_EDGE('',*,*,#6380,.F.);
#11453 = ORIENTED_EDGE('',*,*,#11447,.F.);
#11454 = CYLINDRICAL_SURFACE('',#11455,0.8509);
#11455 = AXIS2_PLACEMENT_3D('',#11456,#11457,#11458);
#11456 = CARTESIAN_POINT('',(202.280852,-116.386713,-4.6E-02));
#11457 = DIRECTION('',(-0.,0.,-1.));
#11458 = DIRECTION('',(3.340193845388E-14,-1.,-0.));
#11459 = ADVANCED_FACE('',(#11460),#11471,.F.);
#11460 = FACE_BOUND('',#11461,.T.);
#11461 = EDGE_LOOP('',(#11462,#11463,#11469,#11470));
#11462 = ORIENTED_EDGE('',*,*,#3066,.T.);
#11463 = ORIENTED_EDGE('',*,*,#11464,.T.);
#11464 = EDGE_CURVE('',#3067,#6392,#11465,.T.);
#11465 = LINE('',#11466,#11467);
#11466 = CARTESIAN_POINT('',(210.560852,-121.082013,-4.6E-02));
#11467 = VECTOR('',#11468,1.);
#11468 = DIRECTION('',(0.,0.,1.));
#11469 = ORIENTED_EDGE('',*,*,#6391,.F.);
#11470 = ORIENTED_EDGE('',*,*,#11464,.F.);
#11471 = CYLINDRICAL_SURFACE('',#11472,0.4953);
#11472 = AXIS2_PLACEMENT_3D('',#11473,#11474,#11475);
#11473 = CARTESIAN_POINT('',(210.560852,-120.586713,-4.6E-02));
#11474 = DIRECTION('',(-0.,-0.,-1.));
#11475 = DIRECTION('',(-0.,-1.,0.));
#11476 = ADVANCED_FACE('',(#11477),#11488,.F.);
#11477 = FACE_BOUND('',#11478,.T.);
#11478 = EDGE_LOOP('',(#11479,#11480,#11486,#11487));
#11479 = ORIENTED_EDGE('',*,*,#3077,.T.);
#11480 = ORIENTED_EDGE('',*,*,#11481,.T.);
#11481 = EDGE_CURVE('',#3078,#6403,#11482,.T.);
#11482 = LINE('',#11483,#11484);
#11483 = CARTESIAN_POINT('',(210.280852,-117.237613,-4.6E-02));
#11484 = VECTOR('',#11485,1.);
#11485 = DIRECTION('',(0.,0.,1.));
#11486 = ORIENTED_EDGE('',*,*,#6402,.F.);
#11487 = ORIENTED_EDGE('',*,*,#11481,.F.);
#11488 = CYLINDRICAL_SURFACE('',#11489,0.8509);
#11489 = AXIS2_PLACEMENT_3D('',#11490,#11491,#11492);
#11490 = CARTESIAN_POINT('',(210.280852,-116.386713,-4.6E-02));
#11491 = DIRECTION('',(-0.,0.,-1.));
#11492 = DIRECTION('',(3.340193845388E-14,-1.,-0.));
#11493 = ADVANCED_FACE('',(#11494),#11505,.F.);
#11494 = FACE_BOUND('',#11495,.T.);
#11495 = EDGE_LOOP('',(#11496,#11497,#11503,#11504));
#11496 = ORIENTED_EDGE('',*,*,#3088,.T.);
#11497 = ORIENTED_EDGE('',*,*,#11498,.T.);
#11498 = EDGE_CURVE('',#3089,#6414,#11499,.T.);
#11499 = LINE('',#11500,#11501);
#11500 = CARTESIAN_POINT('',(215.780852,-118.101213,-4.6E-02));
#11501 = VECTOR('',#11502,1.);
#11502 = DIRECTION('',(0.,0.,1.));
#11503 = ORIENTED_EDGE('',*,*,#6413,.F.);
#11504 = ORIENTED_EDGE('',*,*,#11498,.F.);
#11505 = CYLINDRICAL_SURFACE('',#11506,1.7145);
#11506 = AXIS2_PLACEMENT_3D('',#11507,#11508,#11509);
#11507 = CARTESIAN_POINT('',(215.780852,-116.386713,-4.6E-02));
#11508 = DIRECTION('',(-0.,0.,-1.));
#11509 = DIRECTION('',(1.657725834378E-14,-1.,-0.));
#11510 = ADVANCED_FACE('',(#11511),#11522,.F.);
#11511 = FACE_BOUND('',#11512,.T.);
#11512 = EDGE_LOOP('',(#11513,#11514,#11520,#11521));
#11513 = ORIENTED_EDGE('',*,*,#3099,.T.);
#11514 = ORIENTED_EDGE('',*,*,#11515,.T.);
#11515 = EDGE_CURVE('',#3100,#6425,#11516,.T.);
#11516 = LINE('',#11517,#11518);
#11517 = CARTESIAN_POINT('',(183.000852,-114.082013,-4.6E-02));
#11518 = VECTOR('',#11519,1.);
#11519 = DIRECTION('',(0.,0.,1.));
#11520 = ORIENTED_EDGE('',*,*,#6424,.F.);
#11521 = ORIENTED_EDGE('',*,*,#11515,.F.);
#11522 = CYLINDRICAL_SURFACE('',#11523,0.4953);
#11523 = AXIS2_PLACEMENT_3D('',#11524,#11525,#11526);
#11524 = CARTESIAN_POINT('',(183.000852,-113.586713,-4.6E-02));
#11525 = DIRECTION('',(-0.,-0.,-1.));
#11526 = DIRECTION('',(-0.,-1.,0.));
#11527 = ADVANCED_FACE('',(#11528),#11539,.F.);
#11528 = FACE_BOUND('',#11529,.T.);
#11529 = EDGE_LOOP('',(#11530,#11531,#11537,#11538));
#11530 = ORIENTED_EDGE('',*,*,#3110,.T.);
#11531 = ORIENTED_EDGE('',*,*,#11532,.T.);
#11532 = EDGE_CURVE('',#3111,#6436,#11533,.T.);
#11533 = LINE('',#11534,#11535);
#11534 = CARTESIAN_POINT('',(183.280852,-110.237613,-4.6E-02));
#11535 = VECTOR('',#11536,1.);
#11536 = DIRECTION('',(0.,0.,1.));
#11537 = ORIENTED_EDGE('',*,*,#6435,.F.);
#11538 = ORIENTED_EDGE('',*,*,#11532,.F.);
#11539 = CYLINDRICAL_SURFACE('',#11540,0.8509);
#11540 = AXIS2_PLACEMENT_3D('',#11541,#11542,#11543);
#11541 = CARTESIAN_POINT('',(183.280852,-109.386713,-4.6E-02));
#11542 = DIRECTION('',(-0.,0.,-1.));
#11543 = DIRECTION('',(3.340193845388E-14,-1.,-0.));
#11544 = ADVANCED_FACE('',(#11545),#11556,.F.);
#11545 = FACE_BOUND('',#11546,.T.);
#11546 = EDGE_LOOP('',(#11547,#11548,#11554,#11555));
#11547 = ORIENTED_EDGE('',*,*,#3121,.T.);
#11548 = ORIENTED_EDGE('',*,*,#11549,.T.);
#11549 = EDGE_CURVE('',#3122,#6447,#11550,.T.);
#11550 = LINE('',#11551,#11552);
#11551 = CARTESIAN_POINT('',(191.780852,-114.136713,-4.6E-02));
#11552 = VECTOR('',#11553,1.);
#11553 = DIRECTION('',(0.,0.,1.));
#11554 = ORIENTED_EDGE('',*,*,#6446,.F.);
#11555 = ORIENTED_EDGE('',*,*,#11549,.F.);
#11556 = CYLINDRICAL_SURFACE('',#11557,1.5);
#11557 = AXIS2_PLACEMENT_3D('',#11558,#11559,#11560);
#11558 = CARTESIAN_POINT('',(191.780852,-112.636713,-4.6E-02));
#11559 = DIRECTION('',(-0.,-0.,-1.));
#11560 = DIRECTION('',(-0.,-1.,0.));
#11561 = ADVANCED_FACE('',(#11562),#11573,.F.);
#11562 = FACE_BOUND('',#11563,.T.);
#11563 = EDGE_LOOP('',(#11564,#11565,#11571,#11572));
#11564 = ORIENTED_EDGE('',*,*,#3132,.T.);
#11565 = ORIENTED_EDGE('',*,*,#11566,.T.);
#11566 = EDGE_CURVE('',#3133,#6458,#11567,.T.);
#11567 = LINE('',#11568,#11569);
#11568 = CARTESIAN_POINT('',(196.780852,-111.936713,-4.6E-02));
#11569 = VECTOR('',#11570,1.);
#11570 = DIRECTION('',(0.,0.,1.));
#11571 = ORIENTED_EDGE('',*,*,#6457,.F.);
#11572 = ORIENTED_EDGE('',*,*,#11566,.F.);
#11573 = CYLINDRICAL_SURFACE('',#11574,1.5);
#11574 = AXIS2_PLACEMENT_3D('',#11575,#11576,#11577);
#11575 = CARTESIAN_POINT('',(196.780852,-110.436713,-4.6E-02));
#11576 = DIRECTION('',(-0.,-0.,-1.));
#11577 = DIRECTION('',(-0.,-1.,0.));
#11578 = ADVANCED_FACE('',(#11579),#11590,.F.);
#11579 = FACE_BOUND('',#11580,.T.);
#11580 = EDGE_LOOP('',(#11581,#11582,#11588,#11589));
#11581 = ORIENTED_EDGE('',*,*,#3143,.T.);
#11582 = ORIENTED_EDGE('',*,*,#11583,.T.);
#11583 = EDGE_CURVE('',#3144,#6469,#11584,.T.);
#11584 = LINE('',#11585,#11586);
#11585 = CARTESIAN_POINT('',(201.780852,-114.136713,-4.6E-02));
#11586 = VECTOR('',#11587,1.);
#11587 = DIRECTION('',(0.,0.,1.));
#11588 = ORIENTED_EDGE('',*,*,#6468,.F.);
#11589 = ORIENTED_EDGE('',*,*,#11583,.F.);
#11590 = CYLINDRICAL_SURFACE('',#11591,1.5);
#11591 = AXIS2_PLACEMENT_3D('',#11592,#11593,#11594);
#11592 = CARTESIAN_POINT('',(201.780852,-112.636713,-4.6E-02));
#11593 = DIRECTION('',(-0.,-0.,-1.));
#11594 = DIRECTION('',(-0.,-1.,0.));
#11595 = ADVANCED_FACE('',(#11596),#11607,.F.);
#11596 = FACE_BOUND('',#11597,.T.);
#11597 = EDGE_LOOP('',(#11598,#11599,#11605,#11606));
#11598 = ORIENTED_EDGE('',*,*,#3154,.T.);
#11599 = ORIENTED_EDGE('',*,*,#11600,.T.);
#11600 = EDGE_CURVE('',#3155,#6480,#11601,.T.);
#11601 = LINE('',#11602,#11603);
#11602 = CARTESIAN_POINT('',(210.780852,-114.136713,-4.6E-02));
#11603 = VECTOR('',#11604,1.);
#11604 = DIRECTION('',(0.,0.,1.));
#11605 = ORIENTED_EDGE('',*,*,#6479,.F.);
#11606 = ORIENTED_EDGE('',*,*,#11600,.F.);
#11607 = CYLINDRICAL_SURFACE('',#11608,1.5);
#11608 = AXIS2_PLACEMENT_3D('',#11609,#11610,#11611);
#11609 = CARTESIAN_POINT('',(210.780852,-112.636713,-4.6E-02));
#11610 = DIRECTION('',(-0.,-0.,-1.));
#11611 = DIRECTION('',(-0.,-1.,0.));
#11612 = ADVANCED_FACE('',(#11613),#11624,.F.);
#11613 = FACE_BOUND('',#11614,.T.);
#11614 = EDGE_LOOP('',(#11615,#11616,#11622,#11623));
#11615 = ORIENTED_EDGE('',*,*,#3165,.T.);
#11616 = ORIENTED_EDGE('',*,*,#11617,.T.);
#11617 = EDGE_CURVE('',#3166,#6491,#11618,.T.);
#11618 = LINE('',#11619,#11620);
#11619 = CARTESIAN_POINT('',(215.780852,-111.936713,-4.6E-02));
#11620 = VECTOR('',#11621,1.);
#11621 = DIRECTION('',(0.,0.,1.));
#11622 = ORIENTED_EDGE('',*,*,#6490,.F.);
#11623 = ORIENTED_EDGE('',*,*,#11617,.F.);
#11624 = CYLINDRICAL_SURFACE('',#11625,1.5);
#11625 = AXIS2_PLACEMENT_3D('',#11626,#11627,#11628);
#11626 = CARTESIAN_POINT('',(215.780852,-110.436713,-4.6E-02));
#11627 = DIRECTION('',(-0.,-0.,-1.));
#11628 = DIRECTION('',(-0.,-1.,0.));
#11629 = ADVANCED_FACE('',(#11630),#11641,.F.);
#11630 = FACE_BOUND('',#11631,.T.);
#11631 = EDGE_LOOP('',(#11632,#11633,#11639,#11640));
#11632 = ORIENTED_EDGE('',*,*,#3176,.T.);
#11633 = ORIENTED_EDGE('',*,*,#11634,.T.);
#11634 = EDGE_CURVE('',#3177,#6502,#11635,.T.);
#11635 = LINE('',#11636,#11637);
#11636 = CARTESIAN_POINT('',(231.8425,-125.86,-4.6E-02));
#11637 = VECTOR('',#11638,1.);
#11638 = DIRECTION('',(0.,0.,1.));
#11639 = ORIENTED_EDGE('',*,*,#6501,.F.);
#11640 = ORIENTED_EDGE('',*,*,#11634,.F.);
#11641 = CYLINDRICAL_SURFACE('',#11642,0.5);
#11642 = AXIS2_PLACEMENT_3D('',#11643,#11644,#11645);
#11643 = CARTESIAN_POINT('',(231.8425,-125.36,-4.6E-02));
#11644 = DIRECTION('',(-0.,-0.,-1.));
#11645 = DIRECTION('',(-0.,-1.,0.));
#11646 = ADVANCED_FACE('',(#11647),#11658,.F.);
#11647 = FACE_BOUND('',#11648,.T.);
#11648 = EDGE_LOOP('',(#11649,#11650,#11656,#11657));
#11649 = ORIENTED_EDGE('',*,*,#3187,.T.);
#11650 = ORIENTED_EDGE('',*,*,#11651,.T.);
#11651 = EDGE_CURVE('',#3188,#6513,#11652,.T.);
#11652 = LINE('',#11653,#11654);
#11653 = CARTESIAN_POINT('',(221.000852,-121.082013,-4.6E-02));
#11654 = VECTOR('',#11655,1.);
#11655 = DIRECTION('',(0.,0.,1.));
#11656 = ORIENTED_EDGE('',*,*,#6512,.F.);
#11657 = ORIENTED_EDGE('',*,*,#11651,.F.);
#11658 = CYLINDRICAL_SURFACE('',#11659,0.4953);
#11659 = AXIS2_PLACEMENT_3D('',#11660,#11661,#11662);
#11660 = CARTESIAN_POINT('',(221.000852,-120.586713,-4.6E-02));
#11661 = DIRECTION('',(-0.,-0.,-1.));
#11662 = DIRECTION('',(-0.,-1.,0.));
#11663 = ADVANCED_FACE('',(#11664),#11675,.F.);
#11664 = FACE_BOUND('',#11665,.T.);
#11665 = EDGE_LOOP('',(#11666,#11667,#11673,#11674));
#11666 = ORIENTED_EDGE('',*,*,#3198,.T.);
#11667 = ORIENTED_EDGE('',*,*,#11668,.T.);
#11668 = EDGE_CURVE('',#3199,#6524,#11669,.T.);
#11669 = LINE('',#11670,#11671);
#11670 = CARTESIAN_POINT('',(221.280852,-117.237613,-4.6E-02));
#11671 = VECTOR('',#11672,1.);
#11672 = DIRECTION('',(0.,0.,1.));
#11673 = ORIENTED_EDGE('',*,*,#6523,.F.);
#11674 = ORIENTED_EDGE('',*,*,#11668,.F.);
#11675 = CYLINDRICAL_SURFACE('',#11676,0.8509);
#11676 = AXIS2_PLACEMENT_3D('',#11677,#11678,#11679);
#11677 = CARTESIAN_POINT('',(221.280852,-116.386713,-4.6E-02));
#11678 = DIRECTION('',(-0.,0.,-1.));
#11679 = DIRECTION('',(3.340193845388E-14,-1.,-0.));
#11680 = ADVANCED_FACE('',(#11681),#11692,.F.);
#11681 = FACE_BOUND('',#11682,.T.);
#11682 = EDGE_LOOP('',(#11683,#11684,#11690,#11691));
#11683 = ORIENTED_EDGE('',*,*,#3209,.T.);
#11684 = ORIENTED_EDGE('',*,*,#11685,.T.);
#11685 = EDGE_CURVE('',#3210,#6535,#11686,.T.);
#11686 = LINE('',#11687,#11688);
#11687 = CARTESIAN_POINT('',(231.8425,-123.32,-4.6E-02));
#11688 = VECTOR('',#11689,1.);
#11689 = DIRECTION('',(0.,0.,1.));
#11690 = ORIENTED_EDGE('',*,*,#6534,.F.);
#11691 = ORIENTED_EDGE('',*,*,#11685,.F.);
#11692 = CYLINDRICAL_SURFACE('',#11693,0.5);
#11693 = AXIS2_PLACEMENT_3D('',#11694,#11695,#11696);
#11694 = CARTESIAN_POINT('',(231.8425,-122.82,-4.6E-02));
#11695 = DIRECTION('',(-0.,-0.,-1.));
#11696 = DIRECTION('',(-0.,-1.,0.));
#11697 = ADVANCED_FACE('',(#11698),#11709,.F.);
#11698 = FACE_BOUND('',#11699,.T.);
#11699 = EDGE_LOOP('',(#11700,#11701,#11707,#11708));
#11700 = ORIENTED_EDGE('',*,*,#3220,.T.);
#11701 = ORIENTED_EDGE('',*,*,#11702,.T.);
#11702 = EDGE_CURVE('',#3221,#6546,#11703,.T.);
#11703 = LINE('',#11704,#11705);
#11704 = CARTESIAN_POINT('',(231.8425,-120.78,-4.6E-02));
#11705 = VECTOR('',#11706,1.);
#11706 = DIRECTION('',(0.,0.,1.));
#11707 = ORIENTED_EDGE('',*,*,#6545,.F.);
#11708 = ORIENTED_EDGE('',*,*,#11702,.F.);
#11709 = CYLINDRICAL_SURFACE('',#11710,0.5);
#11710 = AXIS2_PLACEMENT_3D('',#11711,#11712,#11713);
#11711 = CARTESIAN_POINT('',(231.8425,-120.28,-4.6E-02));
#11712 = DIRECTION('',(-0.,-0.,-1.));
#11713 = DIRECTION('',(-0.,-1.,0.));
#11714 = ADVANCED_FACE('',(#11715),#11726,.F.);
#11715 = FACE_BOUND('',#11716,.T.);
#11716 = EDGE_LOOP('',(#11717,#11718,#11724,#11725));
#11717 = ORIENTED_EDGE('',*,*,#3231,.T.);
#11718 = ORIENTED_EDGE('',*,*,#11719,.T.);
#11719 = EDGE_CURVE('',#3232,#6557,#11720,.T.);
#11720 = LINE('',#11721,#11722);
#11721 = CARTESIAN_POINT('',(231.8425,-118.24,-4.6E-02));
#11722 = VECTOR('',#11723,1.);
#11723 = DIRECTION('',(0.,0.,1.));
#11724 = ORIENTED_EDGE('',*,*,#6556,.F.);
#11725 = ORIENTED_EDGE('',*,*,#11719,.F.);
#11726 = CYLINDRICAL_SURFACE('',#11727,0.5);
#11727 = AXIS2_PLACEMENT_3D('',#11728,#11729,#11730);
#11728 = CARTESIAN_POINT('',(231.8425,-117.74,-4.6E-02));
#11729 = DIRECTION('',(-0.,-0.,-1.));
#11730 = DIRECTION('',(-0.,-1.,0.));
#11731 = ADVANCED_FACE('',(#11732),#11743,.F.);
#11732 = FACE_BOUND('',#11733,.T.);
#11733 = EDGE_LOOP('',(#11734,#11735,#11741,#11742));
#11734 = ORIENTED_EDGE('',*,*,#3242,.T.);
#11735 = ORIENTED_EDGE('',*,*,#11736,.T.);
#11736 = EDGE_CURVE('',#3243,#6568,#11737,.T.);
#11737 = LINE('',#11738,#11739);
#11738 = CARTESIAN_POINT('',(234.3825,-125.86,-4.6E-02));
#11739 = VECTOR('',#11740,1.);
#11740 = DIRECTION('',(0.,0.,1.));
#11741 = ORIENTED_EDGE('',*,*,#6567,.F.);
#11742 = ORIENTED_EDGE('',*,*,#11736,.F.);
#11743 = CYLINDRICAL_SURFACE('',#11744,0.5);
#11744 = AXIS2_PLACEMENT_3D('',#11745,#11746,#11747);
#11745 = CARTESIAN_POINT('',(234.3825,-125.36,-4.6E-02));
#11746 = DIRECTION('',(-0.,-0.,-1.));
#11747 = DIRECTION('',(-0.,-1.,0.));
#11748 = ADVANCED_FACE('',(#11749),#11760,.F.);
#11749 = FACE_BOUND('',#11750,.T.);
#11750 = EDGE_LOOP('',(#11751,#11752,#11758,#11759));
#11751 = ORIENTED_EDGE('',*,*,#3253,.T.);
#11752 = ORIENTED_EDGE('',*,*,#11753,.T.);
#11753 = EDGE_CURVE('',#3254,#6579,#11754,.T.);
#11754 = LINE('',#11755,#11756);
#11755 = CARTESIAN_POINT('',(236.9225,-125.86,-4.6E-02));
#11756 = VECTOR('',#11757,1.);
#11757 = DIRECTION('',(0.,0.,1.));
#11758 = ORIENTED_EDGE('',*,*,#6578,.F.);
#11759 = ORIENTED_EDGE('',*,*,#11753,.F.);
#11760 = CYLINDRICAL_SURFACE('',#11761,0.5);
#11761 = AXIS2_PLACEMENT_3D('',#11762,#11763,#11764);
#11762 = CARTESIAN_POINT('',(236.9225,-125.36,-4.6E-02));
#11763 = DIRECTION('',(-0.,-0.,-1.));
#11764 = DIRECTION('',(-0.,-1.,0.));
#11765 = ADVANCED_FACE('',(#11766),#11777,.F.);
#11766 = FACE_BOUND('',#11767,.T.);
#11767 = EDGE_LOOP('',(#11768,#11769,#11775,#11776));
#11768 = ORIENTED_EDGE('',*,*,#3264,.T.);
#11769 = ORIENTED_EDGE('',*,*,#11770,.T.);
#11770 = EDGE_CURVE('',#3265,#6590,#11771,.T.);
#11771 = LINE('',#11772,#11773);
#11772 = CARTESIAN_POINT('',(239.4625,-125.86,-4.6E-02));
#11773 = VECTOR('',#11774,1.);
#11774 = DIRECTION('',(0.,0.,1.));
#11775 = ORIENTED_EDGE('',*,*,#6589,.F.);
#11776 = ORIENTED_EDGE('',*,*,#11770,.F.);
#11777 = CYLINDRICAL_SURFACE('',#11778,0.5);
#11778 = AXIS2_PLACEMENT_3D('',#11779,#11780,#11781);
#11779 = CARTESIAN_POINT('',(239.4625,-125.36,-4.6E-02));
#11780 = DIRECTION('',(-0.,-0.,-1.));
#11781 = DIRECTION('',(-0.,-1.,0.));
#11782 = ADVANCED_FACE('',(#11783),#11794,.F.);
#11783 = FACE_BOUND('',#11784,.T.);
#11784 = EDGE_LOOP('',(#11785,#11786,#11792,#11793));
#11785 = ORIENTED_EDGE('',*,*,#3275,.T.);
#11786 = ORIENTED_EDGE('',*,*,#11787,.T.);
#11787 = EDGE_CURVE('',#3276,#6601,#11788,.T.);
#11788 = LINE('',#11789,#11790);
#11789 = CARTESIAN_POINT('',(242.0025,-125.86,-4.6E-02));
#11790 = VECTOR('',#11791,1.);
#11791 = DIRECTION('',(0.,0.,1.));
#11792 = ORIENTED_EDGE('',*,*,#6600,.F.);
#11793 = ORIENTED_EDGE('',*,*,#11787,.F.);
#11794 = CYLINDRICAL_SURFACE('',#11795,0.5);
#11795 = AXIS2_PLACEMENT_3D('',#11796,#11797,#11798);
#11796 = CARTESIAN_POINT('',(242.0025,-125.36,-4.6E-02));
#11797 = DIRECTION('',(-0.,-0.,-1.));
#11798 = DIRECTION('',(-0.,-1.,0.));
#11799 = ADVANCED_FACE('',(#11800),#11811,.F.);
#11800 = FACE_BOUND('',#11801,.T.);
#11801 = EDGE_LOOP('',(#11802,#11803,#11809,#11810));
#11802 = ORIENTED_EDGE('',*,*,#3286,.T.);
#11803 = ORIENTED_EDGE('',*,*,#11804,.T.);
#11804 = EDGE_CURVE('',#3287,#6612,#11805,.T.);
#11805 = LINE('',#11806,#11807);
#11806 = CARTESIAN_POINT('',(244.5425,-125.86,-4.6E-02));
#11807 = VECTOR('',#11808,1.);
#11808 = DIRECTION('',(0.,0.,1.));
#11809 = ORIENTED_EDGE('',*,*,#6611,.F.);
#11810 = ORIENTED_EDGE('',*,*,#11804,.F.);
#11811 = CYLINDRICAL_SURFACE('',#11812,0.5);
#11812 = AXIS2_PLACEMENT_3D('',#11813,#11814,#11815);
#11813 = CARTESIAN_POINT('',(244.5425,-125.36,-4.6E-02));
#11814 = DIRECTION('',(-0.,-0.,-1.));
#11815 = DIRECTION('',(-0.,-1.,0.));
#11816 = ADVANCED_FACE('',(#11817),#11828,.F.);
#11817 = FACE_BOUND('',#11818,.T.);
#11818 = EDGE_LOOP('',(#11819,#11820,#11826,#11827));
#11819 = ORIENTED_EDGE('',*,*,#3297,.T.);
#11820 = ORIENTED_EDGE('',*,*,#11821,.T.);
#11821 = EDGE_CURVE('',#3298,#6623,#11822,.T.);
#11822 = LINE('',#11823,#11824);
#11823 = CARTESIAN_POINT('',(247.0825,-125.86,-4.6E-02));
#11824 = VECTOR('',#11825,1.);
#11825 = DIRECTION('',(0.,0.,1.));
#11826 = ORIENTED_EDGE('',*,*,#6622,.F.);
#11827 = ORIENTED_EDGE('',*,*,#11821,.F.);
#11828 = CYLINDRICAL_SURFACE('',#11829,0.5);
#11829 = AXIS2_PLACEMENT_3D('',#11830,#11831,#11832);
#11830 = CARTESIAN_POINT('',(247.0825,-125.36,-4.6E-02));
#11831 = DIRECTION('',(-0.,-0.,-1.));
#11832 = DIRECTION('',(-0.,-1.,0.));
#11833 = ADVANCED_FACE('',(#11834),#11845,.F.);
#11834 = FACE_BOUND('',#11835,.T.);
#11835 = EDGE_LOOP('',(#11836,#11837,#11843,#11844));
#11836 = ORIENTED_EDGE('',*,*,#3308,.T.);
#11837 = ORIENTED_EDGE('',*,*,#11838,.T.);
#11838 = EDGE_CURVE('',#3309,#6634,#11839,.T.);
#11839 = LINE('',#11840,#11841);
#11840 = CARTESIAN_POINT('',(247.0825,-123.32,-4.6E-02));
#11841 = VECTOR('',#11842,1.);
#11842 = DIRECTION('',(0.,0.,1.));
#11843 = ORIENTED_EDGE('',*,*,#6633,.F.);
#11844 = ORIENTED_EDGE('',*,*,#11838,.F.);
#11845 = CYLINDRICAL_SURFACE('',#11846,0.5);
#11846 = AXIS2_PLACEMENT_3D('',#11847,#11848,#11849);
#11847 = CARTESIAN_POINT('',(247.0825,-122.82,-4.6E-02));
#11848 = DIRECTION('',(-0.,-0.,-1.));
#11849 = DIRECTION('',(-0.,-1.,0.));
#11850 = ADVANCED_FACE('',(#11851),#11862,.F.);
#11851 = FACE_BOUND('',#11852,.T.);
#11852 = EDGE_LOOP('',(#11853,#11854,#11860,#11861));
#11853 = ORIENTED_EDGE('',*,*,#3319,.T.);
#11854 = ORIENTED_EDGE('',*,*,#11855,.T.);
#11855 = EDGE_CURVE('',#3320,#6645,#11856,.T.);
#11856 = LINE('',#11857,#11858);
#11857 = CARTESIAN_POINT('',(247.0825,-120.78,-4.6E-02));
#11858 = VECTOR('',#11859,1.);
#11859 = DIRECTION('',(0.,0.,1.));
#11860 = ORIENTED_EDGE('',*,*,#6644,.F.);
#11861 = ORIENTED_EDGE('',*,*,#11855,.F.);
#11862 = CYLINDRICAL_SURFACE('',#11863,0.5);
#11863 = AXIS2_PLACEMENT_3D('',#11864,#11865,#11866);
#11864 = CARTESIAN_POINT('',(247.0825,-120.28,-4.6E-02));
#11865 = DIRECTION('',(-0.,-0.,-1.));
#11866 = DIRECTION('',(-0.,-1.,0.));
#11867 = ADVANCED_FACE('',(#11868),#11879,.F.);
#11868 = FACE_BOUND('',#11869,.T.);
#11869 = EDGE_LOOP('',(#11870,#11871,#11877,#11878));
#11870 = ORIENTED_EDGE('',*,*,#3330,.T.);
#11871 = ORIENTED_EDGE('',*,*,#11872,.T.);
#11872 = EDGE_CURVE('',#3331,#6656,#11873,.T.);
#11873 = LINE('',#11874,#11875);
#11874 = CARTESIAN_POINT('',(247.0825,-118.24,-4.6E-02));
#11875 = VECTOR('',#11876,1.);
#11876 = DIRECTION('',(0.,0.,1.));
#11877 = ORIENTED_EDGE('',*,*,#6655,.F.);
#11878 = ORIENTED_EDGE('',*,*,#11872,.F.);
#11879 = CYLINDRICAL_SURFACE('',#11880,0.5);
#11880 = AXIS2_PLACEMENT_3D('',#11881,#11882,#11883);
#11881 = CARTESIAN_POINT('',(247.0825,-117.74,-4.6E-02));
#11882 = DIRECTION('',(-0.,-0.,-1.));
#11883 = DIRECTION('',(-0.,-1.,0.));
#11884 = ADVANCED_FACE('',(#11885),#11896,.F.);
#11885 = FACE_BOUND('',#11886,.T.);
#11886 = EDGE_LOOP('',(#11887,#11888,#11894,#11895));
#11887 = ORIENTED_EDGE('',*,*,#3341,.T.);
#11888 = ORIENTED_EDGE('',*,*,#11889,.T.);
#11889 = EDGE_CURVE('',#3342,#6667,#11890,.T.);
#11890 = LINE('',#11891,#11892);
#11891 = CARTESIAN_POINT('',(220.780852,-114.136713,-4.6E-02));
#11892 = VECTOR('',#11893,1.);
#11893 = DIRECTION('',(0.,0.,1.));
#11894 = ORIENTED_EDGE('',*,*,#6666,.F.);
#11895 = ORIENTED_EDGE('',*,*,#11889,.F.);
#11896 = CYLINDRICAL_SURFACE('',#11897,1.5);
#11897 = AXIS2_PLACEMENT_3D('',#11898,#11899,#11900);
#11898 = CARTESIAN_POINT('',(220.780852,-112.636713,-4.6E-02));
#11899 = DIRECTION('',(-0.,-0.,-1.));
#11900 = DIRECTION('',(-0.,-1.,0.));
#11901 = ADVANCED_FACE('',(#11902),#11913,.F.);
#11902 = FACE_BOUND('',#11903,.T.);
#11903 = EDGE_LOOP('',(#11904,#11905,#11911,#11912));
#11904 = ORIENTED_EDGE('',*,*,#3352,.T.);
#11905 = ORIENTED_EDGE('',*,*,#11906,.T.);
#11906 = EDGE_CURVE('',#3353,#6678,#11907,.T.);
#11907 = LINE('',#11908,#11909);
#11908 = CARTESIAN_POINT('',(231.8425,-115.7,-4.6E-02));
#11909 = VECTOR('',#11910,1.);
#11910 = DIRECTION('',(0.,0.,1.));
#11911 = ORIENTED_EDGE('',*,*,#6677,.F.);
#11912 = ORIENTED_EDGE('',*,*,#11906,.F.);
#11913 = CYLINDRICAL_SURFACE('',#11914,0.5);
#11914 = AXIS2_PLACEMENT_3D('',#11915,#11916,#11917);
#11915 = CARTESIAN_POINT('',(231.8425,-115.2,-4.6E-02));
#11916 = DIRECTION('',(-0.,-0.,-1.));
#11917 = DIRECTION('',(-0.,-1.,0.));
#11918 = ADVANCED_FACE('',(#11919),#11930,.F.);
#11919 = FACE_BOUND('',#11920,.T.);
#11920 = EDGE_LOOP('',(#11921,#11922,#11928,#11929));
#11921 = ORIENTED_EDGE('',*,*,#3363,.T.);
#11922 = ORIENTED_EDGE('',*,*,#11923,.T.);
#11923 = EDGE_CURVE('',#3364,#6689,#11924,.T.);
#11924 = LINE('',#11925,#11926);
#11925 = CARTESIAN_POINT('',(231.8425,-113.16,-4.6E-02));
#11926 = VECTOR('',#11927,1.);
#11927 = DIRECTION('',(0.,0.,1.));
#11928 = ORIENTED_EDGE('',*,*,#6688,.F.);
#11929 = ORIENTED_EDGE('',*,*,#11923,.F.);
#11930 = CYLINDRICAL_SURFACE('',#11931,0.5);
#11931 = AXIS2_PLACEMENT_3D('',#11932,#11933,#11934);
#11932 = CARTESIAN_POINT('',(231.8425,-112.66,-4.6E-02));
#11933 = DIRECTION('',(-0.,-0.,-1.));
#11934 = DIRECTION('',(-0.,-1.,0.));
#11935 = ADVANCED_FACE('',(#11936),#11947,.F.);
#11936 = FACE_BOUND('',#11937,.T.);
#11937 = EDGE_LOOP('',(#11938,#11939,#11945,#11946));
#11938 = ORIENTED_EDGE('',*,*,#3374,.T.);
#11939 = ORIENTED_EDGE('',*,*,#11940,.T.);
#11940 = EDGE_CURVE('',#3375,#6700,#11941,.T.);
#11941 = LINE('',#11942,#11943);
#11942 = CARTESIAN_POINT('',(231.8425,-110.62,-4.6E-02));
#11943 = VECTOR('',#11944,1.);
#11944 = DIRECTION('',(0.,0.,1.));
#11945 = ORIENTED_EDGE('',*,*,#6699,.F.);
#11946 = ORIENTED_EDGE('',*,*,#11940,.F.);
#11947 = CYLINDRICAL_SURFACE('',#11948,0.5);
#11948 = AXIS2_PLACEMENT_3D('',#11949,#11950,#11951);
#11949 = CARTESIAN_POINT('',(231.8425,-110.12,-4.6E-02));
#11950 = DIRECTION('',(-0.,-0.,-1.));
#11951 = DIRECTION('',(-0.,-1.,0.));
#11952 = ADVANCED_FACE('',(#11953),#11964,.F.);
#11953 = FACE_BOUND('',#11954,.T.);
#11954 = EDGE_LOOP('',(#11955,#11956,#11962,#11963));
#11955 = ORIENTED_EDGE('',*,*,#3385,.T.);
#11956 = ORIENTED_EDGE('',*,*,#11957,.T.);
#11957 = EDGE_CURVE('',#3386,#6711,#11958,.T.);
#11958 = LINE('',#11959,#11960);
#11959 = CARTESIAN_POINT('',(231.8425,-108.08,-4.6E-02));
#11960 = VECTOR('',#11961,1.);
#11961 = DIRECTION('',(0.,0.,1.));
#11962 = ORIENTED_EDGE('',*,*,#6710,.F.);
#11963 = ORIENTED_EDGE('',*,*,#11957,.F.);
#11964 = CYLINDRICAL_SURFACE('',#11965,0.5);
#11965 = AXIS2_PLACEMENT_3D('',#11966,#11967,#11968);
#11966 = CARTESIAN_POINT('',(231.8425,-107.58,-4.6E-02));
#11967 = DIRECTION('',(-0.,-0.,-1.));
#11968 = DIRECTION('',(-0.,-1.,0.));
#11969 = ADVANCED_FACE('',(#11970),#11981,.F.);
#11970 = FACE_BOUND('',#11971,.T.);
#11971 = EDGE_LOOP('',(#11972,#11973,#11979,#11980));
#11972 = ORIENTED_EDGE('',*,*,#3396,.T.);
#11973 = ORIENTED_EDGE('',*,*,#11974,.T.);
#11974 = EDGE_CURVE('',#3397,#6722,#11975,.T.);
#11975 = LINE('',#11976,#11977);
#11976 = CARTESIAN_POINT('',(231.8425,-105.54,-4.6E-02));
#11977 = VECTOR('',#11978,1.);
#11978 = DIRECTION('',(0.,0.,1.));
#11979 = ORIENTED_EDGE('',*,*,#6721,.F.);
#11980 = ORIENTED_EDGE('',*,*,#11974,.F.);
#11981 = CYLINDRICAL_SURFACE('',#11982,0.5);
#11982 = AXIS2_PLACEMENT_3D('',#11983,#11984,#11985);
#11983 = CARTESIAN_POINT('',(231.8425,-105.04,-4.6E-02));
#11984 = DIRECTION('',(-0.,-0.,-1.));
#11985 = DIRECTION('',(-0.,-1.,0.));
#11986 = ADVANCED_FACE('',(#11987),#11998,.F.);
#11987 = FACE_BOUND('',#11988,.T.);
#11988 = EDGE_LOOP('',(#11989,#11990,#11996,#11997));
#11989 = ORIENTED_EDGE('',*,*,#3407,.T.);
#11990 = ORIENTED_EDGE('',*,*,#11991,.T.);
#11991 = EDGE_CURVE('',#3408,#6733,#11992,.T.);
#11992 = LINE('',#11993,#11994);
#11993 = CARTESIAN_POINT('',(247.0825,-115.7,-4.6E-02));
#11994 = VECTOR('',#11995,1.);
#11995 = DIRECTION('',(0.,0.,1.));
#11996 = ORIENTED_EDGE('',*,*,#6732,.F.);
#11997 = ORIENTED_EDGE('',*,*,#11991,.F.);
#11998 = CYLINDRICAL_SURFACE('',#11999,0.5);
#11999 = AXIS2_PLACEMENT_3D('',#12000,#12001,#12002);
#12000 = CARTESIAN_POINT('',(247.0825,-115.2,-4.6E-02));
#12001 = DIRECTION('',(-0.,-0.,-1.));
#12002 = DIRECTION('',(-0.,-1.,0.));
#12003 = ADVANCED_FACE('',(#12004),#12015,.F.);
#12004 = FACE_BOUND('',#12005,.T.);
#12005 = EDGE_LOOP('',(#12006,#12007,#12013,#12014));
#12006 = ORIENTED_EDGE('',*,*,#3418,.T.);
#12007 = ORIENTED_EDGE('',*,*,#12008,.T.);
#12008 = EDGE_CURVE('',#3419,#6744,#12009,.T.);
#12009 = LINE('',#12010,#12011);
#12010 = CARTESIAN_POINT('',(247.0825,-113.16,-4.6E-02));
#12011 = VECTOR('',#12012,1.);
#12012 = DIRECTION('',(0.,0.,1.));
#12013 = ORIENTED_EDGE('',*,*,#6743,.F.);
#12014 = ORIENTED_EDGE('',*,*,#12008,.F.);
#12015 = CYLINDRICAL_SURFACE('',#12016,0.5);
#12016 = AXIS2_PLACEMENT_3D('',#12017,#12018,#12019);
#12017 = CARTESIAN_POINT('',(247.0825,-112.66,-4.6E-02));
#12018 = DIRECTION('',(-0.,-0.,-1.));
#12019 = DIRECTION('',(-0.,-1.,0.));
#12020 = ADVANCED_FACE('',(#12021),#12032,.F.);
#12021 = FACE_BOUND('',#12022,.T.);
#12022 = EDGE_LOOP('',(#12023,#12024,#12030,#12031));
#12023 = ORIENTED_EDGE('',*,*,#3429,.T.);
#12024 = ORIENTED_EDGE('',*,*,#12025,.T.);
#12025 = EDGE_CURVE('',#3430,#6755,#12026,.T.);
#12026 = LINE('',#12027,#12028);
#12027 = CARTESIAN_POINT('',(247.0825,-110.62,-4.6E-02));
#12028 = VECTOR('',#12029,1.);
#12029 = DIRECTION('',(0.,0.,1.));
#12030 = ORIENTED_EDGE('',*,*,#6754,.F.);
#12031 = ORIENTED_EDGE('',*,*,#12025,.F.);
#12032 = CYLINDRICAL_SURFACE('',#12033,0.5);
#12033 = AXIS2_PLACEMENT_3D('',#12034,#12035,#12036);
#12034 = CARTESIAN_POINT('',(247.0825,-110.12,-4.6E-02));
#12035 = DIRECTION('',(-0.,-0.,-1.));
#12036 = DIRECTION('',(-0.,-1.,0.));
#12037 = ADVANCED_FACE('',(#12038),#12049,.F.);
#12038 = FACE_BOUND('',#12039,.T.);
#12039 = EDGE_LOOP('',(#12040,#12041,#12047,#12048));
#12040 = ORIENTED_EDGE('',*,*,#3440,.T.);
#12041 = ORIENTED_EDGE('',*,*,#12042,.T.);
#12042 = EDGE_CURVE('',#3441,#6766,#12043,.T.);
#12043 = LINE('',#12044,#12045);
#12044 = CARTESIAN_POINT('',(247.0825,-108.08,-4.6E-02));
#12045 = VECTOR('',#12046,1.);
#12046 = DIRECTION('',(0.,0.,1.));
#12047 = ORIENTED_EDGE('',*,*,#6765,.F.);
#12048 = ORIENTED_EDGE('',*,*,#12042,.F.);
#12049 = CYLINDRICAL_SURFACE('',#12050,0.5);
#12050 = AXIS2_PLACEMENT_3D('',#12051,#12052,#12053);
#12051 = CARTESIAN_POINT('',(247.0825,-107.58,-4.6E-02));
#12052 = DIRECTION('',(-0.,-0.,-1.));
#12053 = DIRECTION('',(-0.,-1.,0.));
#12054 = ADVANCED_FACE('',(#12055),#12066,.F.);
#12055 = FACE_BOUND('',#12056,.T.);
#12056 = EDGE_LOOP('',(#12057,#12058,#12064,#12065));
#12057 = ORIENTED_EDGE('',*,*,#3451,.T.);
#12058 = ORIENTED_EDGE('',*,*,#12059,.T.);
#12059 = EDGE_CURVE('',#3452,#6777,#12060,.T.);
#12060 = LINE('',#12061,#12062);
#12061 = CARTESIAN_POINT('',(247.0825,-105.54,-4.6E-02));
#12062 = VECTOR('',#12063,1.);
#12063 = DIRECTION('',(0.,0.,1.));
#12064 = ORIENTED_EDGE('',*,*,#6776,.F.);
#12065 = ORIENTED_EDGE('',*,*,#12059,.F.);
#12066 = CYLINDRICAL_SURFACE('',#12067,0.5);
#12067 = AXIS2_PLACEMENT_3D('',#12068,#12069,#12070);
#12068 = CARTESIAN_POINT('',(247.0825,-105.04,-4.6E-02));
#12069 = DIRECTION('',(-0.,-0.,-1.));
#12070 = DIRECTION('',(-0.,-1.,0.));
#12071 = ( GEOMETRIC_REPRESENTATION_CONTEXT(3) 
GLOBAL_UNCERTAINTY_ASSIGNED_CONTEXT((#12075)) 
GLOBAL_UNIT_ASSIGNED_CONTEXT((#12072,#12073,#12074)) 
REPRESENTATION_CONTEXT('Context #1',
  '3D Context with UNIT and UNCERTAINTY') );
#12072 = ( LENGTH_UNIT() NAMED_UNIT(*) SI_UNIT(.MILLI.,.METRE.) );
#12073 = ( NAMED_UNIT(*) PLANE_ANGLE_UNIT() SI_UNIT($,.RADIAN.) );
#12074 = ( NAMED_UNIT(*) SI_UNIT($,.STERADIAN.) SOLID_ANGLE_UNIT() );
#12075 = UNCERTAINTY_MEASURE_WITH_UNIT(LENGTH_MEASURE(1.E-07),#12072,
  'distance_accuracy_value','confusion accuracy');
#12076 = CONTEXT_DEPENDENT_SHAPE_REPRESENTATION(#12077,#12079);
#12077 = ( REPRESENTATION_RELATIONSHIP('','',#32,#10) 
REPRESENTATION_RELATIONSHIP_WITH_TRANSFORMATION(#12078) 
SHAPE_REPRESENTATION_RELATIONSHIP() );
#12078 = ITEM_DEFINED_TRANSFORMATION('','',#11,#15);
#12079 = PRODUCT_DEFINITION_SHAPE('Placement','Placement of an item',
  #12080);
#12080 = NEXT_ASSEMBLY_USAGE_OCCURRENCE('1','=>[0:1:1:2]','',#5,#27,$);
#12081 = PRODUCT_RELATED_PRODUCT_CATEGORY('part',$,(#29));
#12082 = MECHANICAL_DESIGN_GEOMETRIC_PRESENTATION_REPRESENTATION('',(
    #12083),#12071);
#12083 = STYLED_ITEM('color',(#12084),#33);
#12084 = PRESENTATION_STYLE_ASSIGNMENT((#12085));
#12085 = SURFACE_STYLE_USAGE(.BOTH.,#12086);
#12086 = SURFACE_SIDE_STYLE('',(#12087));
#12087 = SURFACE_STYLE_FILL_AREA(#12088);
#12088 = FILL_AREA_STYLE('',(#12089));
#12089 = FILL_AREA_STYLE_COLOUR('',#12090);
#12090 = COLOUR_RGB('',0.277846546019,0.436627062838,0.370214030736);
ENDSEC;
END-ISO-10303-21;
